_id,selected,DishName,DishImage,isSaved,Calories,Protein,Fats,Carbohydrates,Sodium,Calcium,Iron,QuantityRequired,type,time,__v
680534f0d035d501d3d0fb04,Not Selected,Raw mango drink (Aam panna),https://pmxylbawxioitqbyntvi.supabase.co/storage/v1/object/public/meals/raw%20mango%20drink%20(aam%20panna).png,false,35.92,0.16,0,0,0,0,0,100 g,Breakfast,Morning,0
680534f0d035d501d3d0fb0a,Not Selected,Coco pine cooler,https://pmxylbawxioitqbyntvi.supabase.co/storage/v1/object/public/meals/coco%20pine%20cooler.png,true,32.75,0.56,0,0,0,0,0,100 g,Breakfast,Morning,0
680534f0d035d501d3d0fb16,Not Selected,Egg sandwich (Ande ka sandwich),https://pmxylbawxioitqbyntvi.supabase.co/storage/v1/object/public/meals/egg%20sandwich%20(ande%20ka%20sandwich).png,true,285.96,8.69,0,0,0,0,0,100 g,Breakfast,Morning,0
680534f0d035d501d3d0fb1b,Not Selected,Peanut and tomato sandwich (Moongfali aur tamatar ka sandwich),https://pmxylbawxioitqbyntvi.supabase.co/storage/v1/object/public/meals/peanut%20and%20tomato%20sandwich%20(moongfali%20aur%20tamatar%20ka%20sandwich).png,false,291.43,9.53,0,0,0,0,0,100 g,Breakfast,Morning,0
680534f0d035d501d3d0fb38,Not Selected,Scrambled egg (Ande ki bhurji),https://pmxylbawxioitqbyntvi.supabase.co/storage/v1/object/public/meals/scrambled%20egg%20(ande%20ki%20bhurji).png,false,155.97,10.29,0,0,0,0,0,100 g,Breakfast,Morning,0
680534f0d035d501d3d0fb3e,Not Selected,Vegetable pancake,https://pmxylbawxioitqbyntvi.supabase.co/storage/v1/object/public/meals/vegetable%20pancake.png,false,125.18,3.87,0,0,0,0,0,100 g,Breakfast,Morning,0
680534f0d035d501d3d0fb3f,Not Selected,Jam and fruit pancake,https://pmxylbawxioitqbyntvi.supabase.co/storage/v1/object/public/meals/jam%20and%20fruit%20pancake.png,false,162.02,3.79,0,0,0,0,0,100 g,Breakfast,Morning,0
680534f0d035d501d3d0fb54,Not Selected,Cold summer garden soup,https://pmxylbawxioitqbyntvi.supabase.co/storage/v1/object/public/meals/cold%20summer%20garden%20soup.png,true,49.19,8.57,0,0,0,0,0,100 g,Breakfast,Morning,0
680534f0d035d501d3d0fb7d,Not Selected,Pasta hot pot,https://pmxylbawxioitqbyntvi.supabase.co/storage/v1/object/public/meals/pasta%20hot%20pot.png,false,125.17,5.84,0,0,0,0,0,100 g,Breakfast,Morning,0
680534f0d035d501d3d0fb99,Not Selected,Khatta channa,https://pmxylbawxioitqbyntvi.supabase.co/storage/v1/object/public/meals/khatta%20channa.png,false,202.57,6.3,0,0,0,0,0,100 g,Breakfast,Morning,0
680534f0d035d501d3d0fbbc,Not Selected,Spinach paneer kofta curry (Palak paneer kofta curry),https://pmxylbawxioitqbyntvi.supabase.co/storage/v1/object/public/meals/spinach%20paneer%20kofta%20curry%20(palak%20paneer%20kofta%20curry).png,false,606.03,1.43,0,0,0,0,0,100 g,Breakfast,Morning,0
680534f0d035d501d3d0fbcb,Not Selected,Shahi paneer,https://pmxylbawxioitqbyntvi.supabase.co/storage/v1/object/public/meals/shahi%20paneer.png,false,156.5,5.06,0,0,0,0,0,100 g,Breakfast,Morning,0
680534f0d035d501d3d0fbdd,Not Selected,Chicken curry,https://pmxylbawxioitqbyntvi.supabase.co/storage/v1/object/public/meals/chicken%20curry.png,false,129.22,11.79,0,0,0,0,0,100 g,Breakfast,Morning,0
680534f0d035d501d3d0fbe6,Not Selected,Tomato fish,https://pmxylbawxioitqbyntvi.supabase.co/storage/v1/object/public/meals/tomato%20fish.png,false,489.79,2.39,0,0,0,0,0,100 g,Breakfast,Morning,0
680534f0d035d501d3d0fc06,Not Selected,Vermicelli kheer (Semiya/Seviyan ki kheer),https://pmxylbawxioitqbyntvi.supabase.co/storage/v1/object/public/meals/vermicelli%20kheer%20(semiya/seviyan%20ki%20kheer).png,false,120.07,3.35,0,0,0,0,0,100 g,Breakfast,Morning,0
680534f0d035d501d3d0fc33,Not Selected,Hot orange souffle,https://pmxylbawxioitqbyntvi.supabase.co/storage/v1/object/public/meals/hot%20orange%20souffle.png,false,179.97,6.87,0,0,0,0,0,100 g,Breakfast,Morning,0
680534f0d035d501d3d0fc49,Not Selected,Mixed vegetable pakora/pakoda,https://pmxylbawxioitqbyntvi.supabase.co/storage/v1/object/public/meals/mixed%20vegetable%20pakora/pakoda.png,false,673.81,1.94,0,0,0,0,0,100 g,Breakfast,Morning,0
680534f0d035d501d3d0fc4e,Not Selected,Paneer pakora/pakoda,https://pmxylbawxioitqbyntvi.supabase.co/storage/v1/object/public/meals/paneer%20pakora/pakoda.png,false,718.12,3.27,0,0,0,0,0,100 g,Breakfast,Morning,0
680534f0d035d501d3d0fc5e,Not Selected,Vegetable seekh kebab,https://pmxylbawxioitqbyntvi.supabase.co/storage/v1/object/public/meals/vegetable%20seekh%20kebab.png,false,690.73,1.57,0,0,0,0,0,100 g,Breakfast,Morning,0
680534f0d035d501d3d0fc72,Not Selected,Lemon meringue pie,https://pmxylbawxioitqbyntvi.supabase.co/storage/v1/object/public/meals/lemon%20meringue%20pie.png,false,224.43,3.88,0,0,0,0,0,100 g,Breakfast,Morning,0
680534f0d035d501d3d0fc87,Not Selected,Eggless cake,https://pmxylbawxioitqbyntvi.supabase.co/storage/v1/object/public/meals/eggless%20cake.png,false,318.08,8.12,0,0,0,0,0,100 g,Breakfast,Morning,0
680534f0d035d501d3d0fc88,Not Selected,Swiss roll,https://pmxylbawxioitqbyntvi.supabase.co/storage/v1/object/public/meals/swiss%20roll.png,false,251.87,7.3,0,0,0,0,0,100 g,Breakfast,Morning,0
680534f0d035d501d3d0fc98,Not Selected,Ginger bread man,https://pmxylbawxioitqbyntvi.supabase.co/storage/v1/object/public/meals/ginger%20bread%20man.png,false,365,6.61,0,0,0,0,0,100 g,Breakfast,Morning,0
680534f0d035d501d3d0fcc1,Not Selected,Bread upma,https://pmxylbawxioitqbyntvi.supabase.co/storage/v1/object/public/meals/bread%20upma.png,false,129.51,2.8,0,0,0,0,0,100 g,Breakfast,Morning,0
680534f0d035d501d3d0fceb,Not Selected,Eggplant/Brinjal rice (Vangi bhat),https://pmxylbawxioitqbyntvi.supabase.co/storage/v1/object/public/meals/eggplant/brinjal%20rice%20(vangi%20bhat).png,false,184.8,5.28,0,0,0,0,0,100 g,Breakfast,Morning,0
680534f0d035d501d3d0fb05,Not Selected,Fruit Punch (with fresh juices),https://pmxylbawxioitqbyntvi.supabase.co/storage/v1/object/public/meals/fruit%20punch%20(with%20fresh%20juices).png,false,36.12,0.14,0,0,0,0,0,100 g,Breakfast,Morning,0
680534f0d035d501d3d0fb10,Not Selected,Pineapple milkshake (Ananas milkshake),https://pmxylbawxioitqbyntvi.supabase.co/storage/v1/object/public/meals/pineapple%20milkshake%20(ananas%20milkshake).png,false,55.72,1.66,0,0,0,0,0,100 g,Breakfast,Morning,0
680534f0d035d501d3d0fb11,Not Selected,Orange milkshake (Narangi milkshake),https://pmxylbawxioitqbyntvi.supabase.co/storage/v1/object/public/meals/orange%20milkshake%20(narangi%20milkshake).png,false,57.42,1.86,0,0,0,0,0,100 g,Breakfast,Morning,0
680534f0d035d501d3d0fb1f,Not Selected,Pin wheel sandwich,https://pmxylbawxioitqbyntvi.supabase.co/storage/v1/object/public/meals/pin%20wheel%20sandwich.png,false,311.52,8.77,0,0,0,0,0,100 g,Breakfast,Morning,0
680534f0d035d501d3d0fb26,Not Selected,Cheese and tomato sandwich (toasted) (Cheese aur tamatar ke sandwich (toasted)),https://pmxylbawxioitqbyntvi.supabase.co/storage/v1/object/public/meals/cheese%20and%20tomato%20sandwich%20(toasted)%20(cheese%20aur%20tamatar%20ke%20sandwich%20(toasted)).png,false,224.58,6.82,0,0,0,0,0,100 g,Breakfast,Morning,0
680534f0d035d501d3d0fb36,Not Selected,Fried Egg,https://pmxylbawxioitqbyntvi.supabase.co/storage/v1/object/public/meals/fried%20egg.png,false,223.67,11.59,0,0,0,0,0,100 g,Breakfast,Morning,0
680534f0d035d501d3d0fb4c,Not Selected,Chicken sweet corn soup,https://pmxylbawxioitqbyntvi.supabase.co/storage/v1/object/public/meals/chicken%20sweet%20corn%20soup.png,false,28.32,14.48,0,0,0,0,0,100 g,Breakfast,Morning,0
680534f0d035d501d3d0fb7a,Not Selected,Cheese noodle ring,https://pmxylbawxioitqbyntvi.supabase.co/storage/v1/object/public/meals/cheese%20noodle%20ring.png,false,133.67,6.22,0,0,0,0,0,100 g,Breakfast,Morning,0
680534f0d035d501d3d0fb7c,Not Selected,Penne platter,https://pmxylbawxioitqbyntvi.supabase.co/storage/v1/object/public/meals/penne%20platter.png,false,177.4,5.04,0,0,0,0,0,100 g,Breakfast,Morning,0
680534f0d035d501d3d0fb7e,Not Selected,Chicken lasagne,https://pmxylbawxioitqbyntvi.supabase.co/storage/v1/object/public/meals/chicken%20lasagne.png,false,187.49,10.45,0,0,0,0,0,100 g,Breakfast,Morning,0
680534f0d035d501d3d0fb85,Not Selected,Onion tomato uttapam,https://pmxylbawxioitqbyntvi.supabase.co/storage/v1/object/public/meals/onion%20tomato%20uttapam.png,false,462.02,1.91,0,0,0,0,0,100 g,Breakfast,Morning,0
680534f0d035d501d3d0fb91,Not Selected,Moti mahal dal (Urad rajmah mix dal),https://pmxylbawxioitqbyntvi.supabase.co/storage/v1/object/public/meals/moti%20mahal%20dal%20(urad%20rajmah%20mix%20dal).png,false,103.13,3.93,0,0,0,0,0,100 g,Breakfast,Morning,0
680534f0d035d501d3d0fba4,Not Selected,Carrot and cabbage with coconut (Nariyal ke saath pattagobhi aur gajar),https://pmxylbawxioitqbyntvi.supabase.co/storage/v1/object/public/meals/carrot%20and%20cabbage%20with%20coconut%20(nariyal%20ke%20saath%20pattagobhi%20aur%20gajar).png,false,106.61,1.82,0,0,0,0,0,100 g,Breakfast,Morning,0
680534f0d035d501d3d0fbb1,Not Selected,Paneer curry,https://pmxylbawxioitqbyntvi.supabase.co/storage/v1/object/public/meals/paneer%20curry.png,false,176.52,7.8,0,0,0,0,0,100 g,Breakfast,Morning,0
680534f0d035d501d3d0fbc0,Not Selected,Baked vegetables with spinach,https://pmxylbawxioitqbyntvi.supabase.co/storage/v1/object/public/meals/baked%20vegetables%20with%20spinach.png,false,77.79,3.22,0,0,0,0,0,100 g,Breakfast,Morning,0
680534f0d035d501d3d0fbef,Not Selected,Mixed pulse and vegetable salad,https://pmxylbawxioitqbyntvi.supabase.co/storage/v1/object/public/meals/mixed%20pulse%20and%20vegetable%20salad.png,false,83.12,4.74,0,0,0,0,0,280 g,Breakfast,Morning,0
680534f0d035d501d3d0fbfb,Not Selected,Cucumber raita (Kheere ka raita),https://pmxylbawxioitqbyntvi.supabase.co/storage/v1/object/public/meals/cucumber%20raita%20(kheere%20ka%20raita).png,false,59.13,4.04,0,0,0,0,0,100 g,Breakfast,Morning,0
680534f0d035d501d3d0fbff,Not Selected,Boondi raita,https://pmxylbawxioitqbyntvi.supabase.co/storage/v1/object/public/meals/boondi%20raita.png,false,687.72,2.19,0,0,0,0,0,100 g,Breakfast,Morning,0
680534f0d035d501d3d0fc00,Not Selected,Sweet raita (Meetha raita),https://pmxylbawxioitqbyntvi.supabase.co/storage/v1/object/public/meals/sweet%20raita%20(meetha%20raita).png,false,99.24,3.24,0,0,0,0,0,100 g,Breakfast,Morning,0
680534f0d035d501d3d0fc11,Not Selected,Egg halwa (Ande ka halwa),https://pmxylbawxioitqbyntvi.supabase.co/storage/v1/object/public/meals/egg%20halwa%20(ande%20ka%20halwa).png,false,299.74,7.85,0,0,0,0,0,100 g,Breakfast,Morning,0
680534f0d035d501d3d0fc20,Not Selected,Pineapple souffle,https://pmxylbawxioitqbyntvi.supabase.co/storage/v1/object/public/meals/pineapple%20souffle.png,false,196.14,8.06,0,0,0,0,0,100 g,Breakfast,Morning,0
680534f0d035d501d3d0fc21,Not Selected,Apple mousse,https://pmxylbawxioitqbyntvi.supabase.co/storage/v1/object/public/meals/apple%20mousse.png,false,106.92,4.21,0,0,0,0,0,100 g,Breakfast,Morning,0
680534f0d035d501d3d0fc26,Not Selected,Triffle pudding,https://pmxylbawxioitqbyntvi.supabase.co/storage/v1/object/public/meals/triffle%20pudding.png,false,116.97,2.93,0,0,0,0,0,100 g,Breakfast,Morning,0
680534f0d035d501d3d0fc27,Not Selected,Snow flakes pudding,https://pmxylbawxioitqbyntvi.supabase.co/storage/v1/object/public/meals/snow%20flakes%20pudding.png,false,95.21,4.67,0,0,0,0,0,100 g,Breakfast,Morning,0
680534f0d035d501d3d0fc3d,Not Selected,Semolina ladoo with coconut (Suji/Rava aur nariyal ke ladoo ),https://pmxylbawxioitqbyntvi.supabase.co/storage/v1/object/public/meals/semolina%20ladoo%20with%20coconut%20(suji/rava%20aur%20nariyal%20ke%20ladoo%20).png,false,464.43,5.68,0,0,0,0,0,100 g,Breakfast,Morning,0
680534f0d035d501d3d0fc55,Not Selected,Vegetable cutlet,https://pmxylbawxioitqbyntvi.supabase.co/storage/v1/object/public/meals/vegetable%20cutlet.png,false,665.45,1.25,0,0,0,0,0,100 g,Breakfast,Morning,0
680534f0d035d501d3d0fc57,Not Selected,Peanut cutlet (Mungfali ke cutlet),https://pmxylbawxioitqbyntvi.supabase.co/storage/v1/object/public/meals/peanut%20cutlet%20(mungfali%20ke%20cutlet).png,false,698.77,2.63,0,0,0,0,0,100 g,Breakfast,Morning,0
680534f0d035d501d3d0fc61,Not Selected,Vegeterian scotch egg,https://pmxylbawxioitqbyntvi.supabase.co/storage/v1/object/public/meals/vegeterian%20scotch%20egg.png,false,681.67,2.16,0,0,0,0,0,100 g,Breakfast,Morning,0
680534f0d035d501d3d0fc65,Not Selected,Dry mango chutney (Sookhe aam ki chutney),https://pmxylbawxioitqbyntvi.supabase.co/storage/v1/object/public/meals/dry%20mango%20chutney%20(sookhe%20aam%20ki%20chutney).png,false,298.13,2.43,0,0,0,0,0,100 g,Breakfast,Morning,0
680534f0d035d501d3d0fc6c,Not Selected,Orange cream tart,https://pmxylbawxioitqbyntvi.supabase.co/storage/v1/object/public/meals/orange%20cream%20tart.png,false,197.16,2.58,0,0,0,0,0,100 g,Breakfast,Morning,0
680534f0d035d501d3d0fc71,Not Selected,Apple cinnamon pie,https://pmxylbawxioitqbyntvi.supabase.co/storage/v1/object/public/meals/apple%20cinnamon%20pie.png,false,258.73,3.35,0,0,0,0,0,100 g,Breakfast,Morning,0
680534f0d035d501d3d0fc7a,Not Selected,Hot potato souffle,https://pmxylbawxioitqbyntvi.supabase.co/storage/v1/object/public/meals/hot%20potato%20souffle.png,false,125.64,5.51,0,0,0,0,0,100 g,Breakfast,Morning,0
680534f0d035d501d3d0fc7c,Not Selected,Hot spinach souffle,https://pmxylbawxioitqbyntvi.supabase.co/storage/v1/object/public/meals/hot%20spinach%20souffle.png,false,104.25,5.43,0,0,0,0,0,100 g,Breakfast,Morning,0
680534f0d035d501d3d0fc7f,Not Selected,Marble cake,https://pmxylbawxioitqbyntvi.supabase.co/storage/v1/object/public/meals/marble%20cake.png,false,354.11,6.3,0,0,0,0,0,100 g,Breakfast,Morning,0
680534f0d035d501d3d0fc84,Not Selected,Chocolate chiffon cake,https://pmxylbawxioitqbyntvi.supabase.co/storage/v1/object/public/meals/chocolate%20chiffon%20cake.png,false,311.71,5.76,0,0,0,0,0,100 g,Breakfast,Morning,0
680534f0d035d501d3d0fca3,Not Selected,Gram flour and semolina chilla/cheela/savory pancake (Besan suji chilla/cheela),https://pmxylbawxioitqbyntvi.supabase.co/storage/v1/object/public/meals/gram%20flour%20and%20semolina%20chilla/cheela/savory%20pancake%20(besan%20suji%20chilla/cheela).png,false,758.89,2.08,0,0,0,0,0,100 g,Breakfast,Morning,0
680534f0d035d501d3d0fca4,Not Selected,Rice moong dal cheela (Chawal aur moong dal ka cheela),https://pmxylbawxioitqbyntvi.supabase.co/storage/v1/object/public/meals/rice%20moong%20dal%20cheela%20(chawal%20aur%20moong%20dal%20ka%20cheela).png,false,798.26,2.74,0,0,0,0,0,100 g,Breakfast,Morning,0
680534f0d035d501d3d0fcb0,Not Selected,Dhokla,https://pmxylbawxioitqbyntvi.supabase.co/storage/v1/object/public/meals/dhokla.png,false,216.49,13.45,0,0,0,0,0,100 g,Breakfast,Morning,0
680534f0d035d501d3d0fb0b,Not Selected,Summer cooler,https://pmxylbawxioitqbyntvi.supabase.co/storage/v1/object/public/meals/summer%20cooler.png,false,22.43,0.37,0,0,0,0,0,100 g,Breakfast,Morning,0
680534f0d035d501d3d0fb1c,Not Selected,Rainbow sandwich,https://pmxylbawxioitqbyntvi.supabase.co/storage/v1/object/public/meals/rainbow%20sandwich.png,false,272.75,7.75,0,0,0,0,0,100 g,Breakfast,Morning,0
680534f0d035d501d3d0fb2c,Not Selected,Sesame toast,https://pmxylbawxioitqbyntvi.supabase.co/storage/v1/object/public/meals/sesame%20toast.png,false,495.19,1.9,0,0,0,0,0,100 g,Breakfast,Morning,0
680534f0d035d501d3d0fb44,Not Selected,Clear tomato soup (Tamatar ka soup),https://pmxylbawxioitqbyntvi.supabase.co/storage/v1/object/public/meals/clear%20tomato%20soup%20(tamatar%20ka%20soup).png,false,80.07,4.79,0,0,0,0,0,100 g,Breakfast,Morning,0
680534f0d035d501d3d0fb5b,Not Selected,Sprouted moong parantha/paratha,https://pmxylbawxioitqbyntvi.supabase.co/storage/v1/object/public/meals/sprouted%20moong%20parantha/paratha.png,false,228.59,4.29,0,0,0,0,0,100 g,Breakfast,Morning,0
680534f0d035d501d3d0fb65,Not Selected,Tandoori parantha/paratha,https://pmxylbawxioitqbyntvi.supabase.co/storage/v1/object/public/meals/tandoori%20parantha/paratha.png,false,295.37,5.08,0,0,0,0,0,100 g,Breakfast,Morning,0
680534f0d035d501d3d0fba7,Not Selected,Stuffed okra (Bharwa bhindi),https://pmxylbawxioitqbyntvi.supabase.co/storage/v1/object/public/meals/stuffed%20okra%20(bharwa%20bhindi).png,false,94.34,2.08,0,0,0,0,0,100 g,Breakfast,Morning,0
680534f0d035d501d3d0fbb0,Not Selected,Pea vadi curry,https://pmxylbawxioitqbyntvi.supabase.co/storage/v1/object/public/meals/pea%20vadi%20curry.png,false,101.95,4.64,0,0,0,0,0,100 g,Breakfast,Morning,0
680534f0d035d501d3d0fbbe,Not Selected,Baked vegetables,https://pmxylbawxioitqbyntvi.supabase.co/storage/v1/object/public/meals/baked%20vegetables.png,false,88.99,3.67,0,0,0,0,0,100 g,Breakfast,Morning,0
680534f0d035d501d3d0fbbf,Not Selected,Cauliflower musallam (Phoolgobhi musallam),https://pmxylbawxioitqbyntvi.supabase.co/storage/v1/object/public/meals/cauliflower%20musallam%20(phoolgobhi%20musallam).png,false,58.83,1.89,0,0,0,0,0,100 g,Breakfast,Morning,0
680534f0d035d501d3d0fbca,Not Selected,Al yakhani,https://pmxylbawxioitqbyntvi.supabase.co/storage/v1/object/public/meals/al%20yakhani.png,false,147.54,2.86,0,0,0,0,0,100 g,Breakfast,Morning,0
680534f0d035d501d3d0fbcc,Not Selected,Paneer in butter sauce,https://pmxylbawxioitqbyntvi.supabase.co/storage/v1/object/public/meals/paneer%20in%20butter%20sauce.png,false,145.61,6.99,0,0,0,0,0,100 g,Breakfast,Morning,0
680534f0d035d501d3d0fbfa,Not Selected,Bottle gourd raita (Ghiya/Lauki ka raita),https://pmxylbawxioitqbyntvi.supabase.co/storage/v1/object/public/meals/bottle%20gourd%20raita%20(ghiya/lauki%20ka%20raita).png,false,56.31,3.98,0,0,0,0,0,100 g,Breakfast,Morning,0
680534f0d035d501d3d0fbfc,Not Selected,Carrot and spinach raita (Gajar aur palak ka raita),https://pmxylbawxioitqbyntvi.supabase.co/storage/v1/object/public/meals/carrot%20and%20spinach%20raita%20(gajar%20aur%20palak%20ka%20raita).png,false,56.83,4,0,0,0,0,0,100 g,Breakfast,Morning,0
680534f0d035d501d3d0fc30,Not Selected,Date and nut pie,https://pmxylbawxioitqbyntvi.supabase.co/storage/v1/object/public/meals/date%20and%20nut%20pie.png,false,322.42,3.93,0,0,0,0,0,100 g,Breakfast,Morning,0
680534f0d035d501d3d0fc3a,Not Selected,Cashewnut burfi (Kaju burfi/Kaju katli),https://pmxylbawxioitqbyntvi.supabase.co/storage/v1/object/public/meals/cashewnut%20burfi%20(kaju%20burfi/kaju%20katli).png,false,421.74,5.48,0,0,0,0,0,100 g,Breakfast,Morning,0
680534f0d035d501d3d0fc58,Not Selected,Fish cutlet (Machli ka cutlet),https://pmxylbawxioitqbyntvi.supabase.co/storage/v1/object/public/meals/fish%20cutlet%20(machli%20ka%20cutlet).png,false,654.64,2.77,0,0,0,0,0,100 g,Breakfast,Morning,0
680534f0d035d501d3d0fc6e,Not Selected,Cheese and mushroom tart,https://pmxylbawxioitqbyntvi.supabase.co/storage/v1/object/public/meals/cheese%20and%20mushroom%20tart.png,false,246.1,5.51,0,0,0,0,0,100 g,Breakfast,Morning,0
680534f0d035d501d3d0fc6f,Not Selected,Cottage cheese pie,https://pmxylbawxioitqbyntvi.supabase.co/storage/v1/object/public/meals/cottage%20cheese%20pie.png,false,238.98,7.45,0,0,0,0,0,100 g,Breakfast,Morning,0
680534f0d035d501d3d0fc9a,Not Selected,Short bread cookies,https://pmxylbawxioitqbyntvi.supabase.co/storage/v1/object/public/meals/short%20bread%20cookies.png,false,443.09,6.03,0,0,0,0,0,100 g,Breakfast,Morning,0
680534f0d035d501d3d0fc9f,Not Selected,Soyabean tikki,https://pmxylbawxioitqbyntvi.supabase.co/storage/v1/object/public/meals/soyabean%20tikki.png,false,698.17,3.53,0,0,0,0,0,100 g,Breakfast,Morning,0
680534f0d035d501d3d0fca7,Not Selected,Wheat flour and moong dal burfi (Atta aur moong dal ki burfi),https://pmxylbawxioitqbyntvi.supabase.co/storage/v1/object/public/meals/wheat%20flour%20and%20moong%20dal%20burfi%20(atta%20aur%20moong%20dal%20ki%20burfi).png,false,441.08,9.84,0,0,0,0,0,100 g,Breakfast,Morning,0
680534f0d035d501d3d0fcc0,Not Selected,Rice upma,https://pmxylbawxioitqbyntvi.supabase.co/storage/v1/object/public/meals/rice%20upma.png,false,151.27,2.63,0,0,0,0,0,100 g,Breakfast,Morning,0
680534f0d035d501d3d0fce1,Not Selected,Methi parantha/paratha,https://pmxylbawxioitqbyntvi.supabase.co/storage/v1/object/public/meals/methi%20parantha/paratha.png,false,148.36,4.27,0,0,0,0,0,100 g,Breakfast,Morning,0
680534f0d035d501d3d0fce4,Not Selected,Beetroot poori (Chukandar ki poori),https://pmxylbawxioitqbyntvi.supabase.co/storage/v1/object/public/meals/beetroot%20poori%20(chukandar%20ki%20poori).png,false,527.66,1.91,0,0,0,0,0,100 g,Breakfast,Morning,0
680534f0d035d501d3d0fced,Not Selected,Cumin pulao (Jeera/Zeera pulao),https://pmxylbawxioitqbyntvi.supabase.co/storage/v1/object/public/meals/cumin%20pulao%20(jeera/zeera%20pulao).png,false,135.24,2.47,0,0,0,0,0,100 g,Breakfast,Morning,0
680534f0d035d501d3d0fb3a,Not Selected,Plain omelette/omlet,https://pmxylbawxioitqbyntvi.supabase.co/storage/v1/object/public/meals/plain%20omelette/omlet.png,false,272.41,9.66,0,0,0,0,0,100 g,Breakfast,Morning,0
680534f0d035d501d3d0fb42,Not Selected,Vegetable stock,https://pmxylbawxioitqbyntvi.supabase.co/storage/v1/object/public/meals/vegetable%20stock.png,false,17.6,0.3,0,0,0,0,0,100 g,Breakfast,Morning,0
680534f0d035d501d3d0fb59,Not Selected,Cauliflower parantha/paratha (Phoolgobhi ka parantha/paratha),https://pmxylbawxioitqbyntvi.supabase.co/storage/v1/object/public/meals/cauliflower%20parantha/paratha%20(phoolgobhi%20ka%20parantha/paratha).png,false,178.07,3.73,0,0,0,0,0,100 g,Breakfast,Morning,0
680534f0d035d501d3d0fb60,Not Selected,Poori,https://pmxylbawxioitqbyntvi.supabase.co/storage/v1/object/public/meals/poori.png,false,737.63,1.35,0,0,0,0,0,100 g,Breakfast,Morning,0
680534f0d035d501d3d0fb62,Not Selected,Methi poori,https://pmxylbawxioitqbyntvi.supabase.co/storage/v1/object/public/meals/methi%20poori.png,false,710.02,1.45,0,0,0,0,0,100 g,Breakfast,Morning,0
680534f0d035d501d3d0fb6e,Not Selected,Green chickpeas pulao (Choliya pulao/Hare chane ka pulao),https://pmxylbawxioitqbyntvi.supabase.co/storage/v1/object/public/meals/green%20chickpeas%20pulao%20(choliya%20pulao/hare%20chane%20ka%20pulao).png,false,173.43,4.88,0,0,0,0,0,100 g,Breakfast,Morning,0
680534f0d035d501d3d0fb79,Not Selected,Chicken chowmein,https://pmxylbawxioitqbyntvi.supabase.co/storage/v1/object/public/meals/chicken%20chowmein.png,false,151.33,6.33,0,0,0,0,0,100 g,Breakfast,Morning,0
680534f0d035d501d3d0fb96,Not Selected,Kidney bean curry (Rajmah curry),https://pmxylbawxioitqbyntvi.supabase.co/storage/v1/object/public/meals/kidney%20bean%20curry%20(rajmah%20curry).png,false,143.73,5.95,0,0,0,0,0,100 g,Breakfast,Morning,0
680534f0d035d501d3d0fb9b,Not Selected,Potato cauliflower (Aloo gobhi),https://pmxylbawxioitqbyntvi.supabase.co/storage/v1/object/public/meals/potato%20cauliflower%20(aloo%20gobhi).png,false,106.18,1.9,0,0,0,0,0,100 g,Breakfast,Morning,0
680534f0d035d501d3d0fb9c,Not Selected,Potato capsicum (Shimla mirch aloo),https://pmxylbawxioitqbyntvi.supabase.co/storage/v1/object/public/meals/potato%20capsicum%20(shimla%20mirch%20aloo).png,false,125.53,1.41,0,0,0,0,0,100 g,Breakfast,Morning,0
680534f0d035d501d3d0fb9e,Not Selected,Carrot and fenugreek leaves (Gajar methi),https://pmxylbawxioitqbyntvi.supabase.co/storage/v1/object/public/meals/carrot%20and%20fenugreek%20leaves%20(gajar%20methi).png,false,61.92,2.1,0,0,0,0,0,100 g,Breakfast,Morning,0
680534f0d035d501d3d0fbc2,Not Selected,Shepherd's pie (vegetarian),https://pmxylbawxioitqbyntvi.supabase.co/storage/v1/object/public/meals/shepherd's%20pie%20(vegetarian).png,false,135.63,5.04,0,0,0,0,0,100 g,Breakfast,Morning,0
680534f0d035d501d3d0fbce,Not Selected,Chilli paneer,https://pmxylbawxioitqbyntvi.supabase.co/storage/v1/object/public/meals/chilli%20paneer.png,false,777.51,2.1,0,0,0,0,0,100 g,Breakfast,Morning,0
680534f0d035d501d3d0fbe3,Not Selected,Fish curry (Machli curry),https://pmxylbawxioitqbyntvi.supabase.co/storage/v1/object/public/meals/fish%20curry%20(machli%20curry).png,false,111.13,8.76,0,0,0,0,0,100 g,Breakfast,Morning,0
680534f0d035d501d3d0fbf8,Not Selected,Peanut raita (Mungfali ka raita),https://pmxylbawxioitqbyntvi.supabase.co/storage/v1/object/public/meals/peanut%20raita%20(mungfali%20ka%20raita).png,false,150.39,8.59,0,0,0,0,0,100 g,Breakfast,Morning,0
680534f0d035d501d3d0fbfd,Not Selected,Mint raita (Pudinay ka raita),https://pmxylbawxioitqbyntvi.supabase.co/storage/v1/object/public/meals/mint%20raita%20(pudinay%20ka%20raita).png,false,77.59,5.64,0,0,0,0,0,100 g,Breakfast,Morning,0
680534f0d035d501d3d0fc08,Not Selected,Paneer kheer,https://pmxylbawxioitqbyntvi.supabase.co/storage/v1/object/public/meals/paneer%20kheer.png,false,105.31,4.53,0,0,0,0,0,100 g,Breakfast,Morning,0
680534f0d035d501d3d0fc0b,Not Selected,Cauliflower kheer (Phoolgobhi ki kheer),https://pmxylbawxioitqbyntvi.supabase.co/storage/v1/object/public/meals/cauliflower%20kheer%20(phoolgobhi%20ki%20kheer).png,false,81.95,3.04,0,0,0,0,0,100 g,Breakfast,Morning,0
680534f0d035d501d3d0fc2d,Not Selected,Bread and butter pudding,https://pmxylbawxioitqbyntvi.supabase.co/storage/v1/object/public/meals/bread%20and%20butter%20pudding.png,false,167.94,5.59,0,0,0,0,0,100 g,Breakfast,Morning,0
680534f0d035d501d3d0fc4a,Not Selected,Spinach pakora/pakoda (Palak pakoda),https://pmxylbawxioitqbyntvi.supabase.co/storage/v1/object/public/meals/spinach%20pakora/pakoda%20(palak%20pakoda).png,false,712.62,1.96,0,0,0,0,0,100 g,Breakfast,Morning,0
680534f0d035d501d3d0fc68,Not Selected,Mint and coriander chutney (Pudinay aur dhaniye ki chutney),https://pmxylbawxioitqbyntvi.supabase.co/storage/v1/object/public/meals/mint%20and%20coriander%20chutney%20(pudinay%20aur%20dhaniye%20ki%20chutney).png,false,102.6,2.81,0,0,0,0,0,100 g,Breakfast,Morning,0
680534f0d035d501d3d0fc7e,Not Selected,Apple cake (Seb ka cake),https://pmxylbawxioitqbyntvi.supabase.co/storage/v1/object/public/meals/apple%20cake%20(seb%20ka%20cake).png,false,290.08,4.94,0,0,0,0,0,100 g,Breakfast,Morning,0
680534f0d035d501d3d0fcae,Not Selected,Paushtik roti,https://pmxylbawxioitqbyntvi.supabase.co/storage/v1/object/public/meals/paushtik%20roti.png,false,149.26,7.17,0,0,0,0,0,100 g,Breakfast,Morning,0
680534f0d035d501d3d0fcb1,Not Selected,Kashmiri tea (Kehwa),https://pmxylbawxioitqbyntvi.supabase.co/storage/v1/object/public/meals/kashmiri%20tea%20(kehwa).png,false,24.9,0.17,0,0,0,0,0,200 ml,Breakfast,Morning,0
680534f0d035d501d3d0fcc3,Not Selected,Poha,https://pmxylbawxioitqbyntvi.supabase.co/storage/v1/object/public/meals/poha.png,false,294.53,6.09,0,0,0,0,0,100 g,Breakfast,Morning,0
680534f0d035d501d3d0fcce,Not Selected,Meat stock,https://pmxylbawxioitqbyntvi.supabase.co/storage/v1/object/public/meals/meat%20stock.png,false,24.48,2.1,0,0,0,0,0,100 g,Breakfast,Morning,0
680534f0d035d501d3d0fcd4,Not Selected,Spinach soup (Palak ka soup),https://pmxylbawxioitqbyntvi.supabase.co/storage/v1/object/public/meals/spinach%20soup%20(palak%20ka%20soup).png,false,32.59,10.54,0,0,0,0,0,100 g,Breakfast,Morning,0
680534f0d035d501d3d0fcd5,Not Selected,Mixed vegetable soup,https://pmxylbawxioitqbyntvi.supabase.co/storage/v1/object/public/meals/mixed%20vegetable%20soup.png,false,35.71,8.22,0,0,0,0,0,100 g,Breakfast,Morning,0
680534f0d035d501d3d0fcdc,Not Selected,Cold cucumber cream soup,https://pmxylbawxioitqbyntvi.supabase.co/storage/v1/object/public/meals/cold%20cucumber%20cream%20soup.png,false,11.88,0.34,0,0,0,0,0,100 g,Breakfast,Morning,0
680534f0d035d501d3d0fcea,Not Selected,Minced meat pancake (with chicken),https://pmxylbawxioitqbyntvi.supabase.co/storage/v1/object/public/meals/minced%20meat%20pancake%20(with%20chicken).png,false,116.04,12.01,0,0,0,0,0,100 g,Breakfast,Morning,0
680534f0d035d501d3d0fb0f,Not Selected,Mango milkshake (Aam milkshake),https://pmxylbawxioitqbyntvi.supabase.co/storage/v1/object/public/meals/mango%20milkshake%20(aam%20milkshake).png,false,56.9,1.73,0,0,0,0,0,100 g,Breakfast,Morning,0
680534f0d035d501d3d0fb1d,Not Selected,Club sandwich,https://pmxylbawxioitqbyntvi.supabase.co/storage/v1/object/public/meals/club%20sandwich.png,false,235.32,7.31,0,0,0,0,0,100 g,Breakfast,Morning,0
680534f0d035d501d3d0fb2d,Not Selected,Cracked wheat porridge (Meetha daliya),https://pmxylbawxioitqbyntvi.supabase.co/storage/v1/object/public/meals/cracked%20wheat%20porridge%20(meetha%20daliya).png,false,81.57,2.64,0,0,0,0,0,100 g,Breakfast,Morning,0
680534f0d035d501d3d0fb3b,Not Selected,Stuffed egg omelette/omlet,https://pmxylbawxioitqbyntvi.supabase.co/storage/v1/object/public/meals/stuffed%20egg%20omelette/omlet.png,false,203.51,8.6,0,0,0,0,0,100 g,Breakfast,Morning,0
680534f0d035d501d3d0fb40,Not Selected,Khoa and coconut pancake,https://pmxylbawxioitqbyntvi.supabase.co/storage/v1/object/public/meals/khoa%20and%20coconut%20pancake.png,false,271.98,6.98,0,0,0,0,0,100 g,Breakfast,Morning,0
680534f0d035d501d3d0fb45,Not Selected,Lentil soup,https://pmxylbawxioitqbyntvi.supabase.co/storage/v1/object/public/meals/lentil%20soup.png,false,31.17,9.65,0,0,0,0,0,100 g,Breakfast,Morning,0
680534f0d035d501d3d0fb46,Not Selected,Chicken consomme (Clear chicken soup),https://pmxylbawxioitqbyntvi.supabase.co/storage/v1/object/public/meals/chicken%20consomme%20(clear%20chicken%20soup).png,false,47.94,11.47,0,0,0,0,0,100 g,Breakfast,Morning,0
680534f0d035d501d3d0fb5f,Not Selected,Besan and spinach parantha/paratha (Besan aur palak ka parantha/paratha),https://pmxylbawxioitqbyntvi.supabase.co/storage/v1/object/public/meals/besan%20and%20spinach%20parantha/paratha%20(besan%20aur%20palak%20ka%20parantha/paratha).png,false,216.49,5.54,0,0,0,0,0,100 g,Breakfast,Morning,0
680534f0d035d501d3d0fba3,Not Selected,Cauliflower with coconut (Nariyal ke saath phoolgobhi),https://pmxylbawxioitqbyntvi.supabase.co/storage/v1/object/public/meals/cauliflower%20with%20coconut%20(nariyal%20ke%20saath%20phoolgobhi).png,false,132.11,2.64,0,0,0,0,0,100 g,Breakfast,Morning,0
680534f0d035d501d3d0fbc5,Not Selected,Spinach paneer (Palak paneer),https://pmxylbawxioitqbyntvi.supabase.co/storage/v1/object/public/meals/spinach%20paneer%20(palak%20paneer).png,false,77.68,4.03,0,0,0,0,0,100 g,Breakfast,Morning,0
680534f0d035d501d3d0fbe1,Not Selected,Chilli chicken,https://pmxylbawxioitqbyntvi.supabase.co/storage/v1/object/public/meals/chilli%20chicken.png,false,198.83,9.57,0,0,0,0,0,100 g,Breakfast,Morning,0
680534f0d035d501d3d0fbec,Not Selected,Pasta salad,https://pmxylbawxioitqbyntvi.supabase.co/storage/v1/object/public/meals/pasta%20salad.png,false,190.36,4.15,0,0,0,0,0,280 g,Breakfast,Morning,0
680534f0d035d501d3d0fbed,Not Selected,Deviled egg,https://pmxylbawxioitqbyntvi.supabase.co/storage/v1/object/public/meals/deviled%20egg.png,false,98.56,4.97,0,0,0,0,0,100 g,Breakfast,Morning,0
680534f0d035d501d3d0fbf3,Not Selected,Potato salad (Aloo ka salaad),https://pmxylbawxioitqbyntvi.supabase.co/storage/v1/object/public/meals/potato%20salad%20(aloo%20ka%20salaad).png,false,89.91,1.4,0,0,0,0,0,280 g,Breakfast,Morning,0
680534f0d035d501d3d0fc0a,Not Selected,Carrot kheer (Gajar ki kheer),https://pmxylbawxioitqbyntvi.supabase.co/storage/v1/object/public/meals/carrot%20kheer%20(gajar%20ki%20kheer).png,false,85.35,2.81,0,0,0,0,0,100 g,Breakfast,Morning,0
680534f0d035d501d3d0fc3c,Not Selected,Semolina ladoo with khoya (Suji/Rava aur khoye ke ladoo ),https://pmxylbawxioitqbyntvi.supabase.co/storage/v1/object/public/meals/semolina%20ladoo%20with%20khoya%20(suji/rava%20aur%20khoye%20ke%20ladoo%20).png,false,428.71,6.71,0,0,0,0,0,100 g,Breakfast,Morning,0
680534f0d035d501d3d0fc46,Not Selected,Potato pakora/pakoda (Aloo pakoda),https://pmxylbawxioitqbyntvi.supabase.co/storage/v1/object/public/meals/potato%20pakora/pakoda%20(aloo%20pakoda).png,false,677.19,1.9,0,0,0,0,0,100 g,Breakfast,Morning,0
680534f0d035d501d3d0fc8a,Not Selected,Black forest pastry,https://pmxylbawxioitqbyntvi.supabase.co/storage/v1/object/public/meals/black%20forest%20pastry.png,false,233.55,6.09,0,0,0,0,0,100 g,Breakfast,Morning,0
680534f0d035d501d3d0fcac,Not Selected,Pearl millet ladoo (Bajra ladoo),https://pmxylbawxioitqbyntvi.supabase.co/storage/v1/object/public/meals/pearl%20millet%20ladoo%20(bajra%20ladoo).png,false,319.66,9.61,0,0,0,0,0,100 g,Breakfast,Morning,0
680534f0d035d501d3d0fcb3,Not Selected,Hot chocolate,https://pmxylbawxioitqbyntvi.supabase.co/storage/v1/object/public/meals/hot%20chocolate.png,false,90.01,3.43,0,0,0,0,0,100 g,Breakfast,Morning,0
680534f0d035d501d3d0fcbf,Not Selected,Vermicelli upma (Semiya/Seviyan upma),https://pmxylbawxioitqbyntvi.supabase.co/storage/v1/object/public/meals/vermicelli%20upma%20(semiya/seviyan%20upma).png,false,149.11,3.11,0,0,0,0,0,100 g,Breakfast,Morning,0
680534f0d035d501d3d0fcd1,Not Selected,Consomme au julienne,https://pmxylbawxioitqbyntvi.supabase.co/storage/v1/object/public/meals/consomme%20au%20julienne.png,false,27.76,12.49,0,0,0,0,0,100 g,Breakfast,Morning,0
680534f0d035d501d3d0fcd2,Not Selected,Consomme au vermicelli,https://pmxylbawxioitqbyntvi.supabase.co/storage/v1/object/public/meals/consomme%20au%20vermicelli.png,false,29.94,15.23,0,0,0,0,0,100 g,Breakfast,Morning,0
680534f0d035d501d3d0fcd7,Not Selected,Mulligatawny soup,https://pmxylbawxioitqbyntvi.supabase.co/storage/v1/object/public/meals/mulligatawny%20soup.png,false,54.42,11.26,0,0,0,0,0,100 g,Breakfast,Morning,0
680534f0d035d501d3d0fcf1,Not Selected,Mutton pulao,https://pmxylbawxioitqbyntvi.supabase.co/storage/v1/object/public/meals/mutton%20pulao.png,false,130.77,6.52,0,0,0,0,0,100 g,Breakfast,Morning,0
680534f0d035d501d3d0fb08,Not Selected,Lem-o-gin,https://pmxylbawxioitqbyntvi.supabase.co/storage/v1/object/public/meals/lem-o-gin.png,false,21.52,0.08,0,0,0,0,0,100 g,Breakfast,Morning,0
680534f0d035d501d3d0fb15,Not Selected,Cheese and chilli sandwich,https://pmxylbawxioitqbyntvi.supabase.co/storage/v1/object/public/meals/cheese%20and%20chilli%20sandwich.png,false,218.11,6.8,0,0,0,0,0,100 g,Breakfast,Morning,0
680534f0d035d501d3d0fb17,Not Selected,Cucumber sandwich (Kheere ka sandwich),https://pmxylbawxioitqbyntvi.supabase.co/storage/v1/object/public/meals/cucumber%20sandwich%20(kheere%20ka%20sandwich).png,false,188.6,4.8,0,0,0,0,0,100 g,Breakfast,Morning,0
680534f0d035d501d3d0fb33,Not Selected,Murmura (Puffed rice),https://pmxylbawxioitqbyntvi.supabase.co/storage/v1/object/public/meals/murmura%20(puffed%20rice).png,false,113.32,3.62,0,0,0,0,0,100 g,Breakfast,Morning,0
680534f0d035d501d3d0fb41,Not Selected,Brown stock,https://pmxylbawxioitqbyntvi.supabase.co/storage/v1/object/public/meals/brown%20stock.png,false,21.32,1.95,0,0,0,0,0,100 g,Breakfast,Morning,0
680534f0d035d501d3d0fb5a,Not Selected,Dal parantha/paratha,https://pmxylbawxioitqbyntvi.supabase.co/storage/v1/object/public/meals/dal%20parantha/paratha.png,false,268.24,6.78,0,0,0,0,0,100 g,Breakfast,Morning,0
680534f0d035d501d3d0fb5d,Not Selected,Keema parantha/paratha,https://pmxylbawxioitqbyntvi.supabase.co/storage/v1/object/public/meals/keema%20parantha/paratha.png,false,238.09,9.41,0,0,0,0,0,100 g,Breakfast,Morning,0
680534f0d035d501d3d0fb6a,Not Selected,Sprouted moong pulao,https://pmxylbawxioitqbyntvi.supabase.co/storage/v1/object/public/meals/sprouted%20moong%20pulao.png,false,112.97,2.19,0,0,0,0,0,100 g,Breakfast,Morning,0
680534f0d035d501d3d0fb88,Not Selected,Washed moong dal (Dhuli moong ki dal),https://pmxylbawxioitqbyntvi.supabase.co/storage/v1/object/public/meals/washed%20moong%20dal%20(dhuli%20moong%20ki%20dal).png,false,50,2.68,0,0,0,0,0,100 g,Breakfast,Morning,0
680534f0d035d501d3d0fb8e,Not Selected,Whole masoor (Masoor ki dal),https://pmxylbawxioitqbyntvi.supabase.co/storage/v1/object/public/meals/whole%20masoor%20(masoor%20ki%20dal).png,false,54.05,2.28,0,0,0,0,0,100 g,Breakfast,Morning,0
680534f0d035d501d3d0fbae,Not Selected,Pea mushroom curry (Matar mushroom),https://pmxylbawxioitqbyntvi.supabase.co/storage/v1/object/public/meals/pea%20mushroom%20curry%20(matar%20mushroom).png,false,93.3,3.87,0,0,0,0,0,100 g,Breakfast,Morning,0
680534f0d035d501d3d0fbb3,Not Selected,Gravy for kofta,https://pmxylbawxioitqbyntvi.supabase.co/storage/v1/object/public/meals/gravy%20for%20kofta.png,false,125.59,1.75,0,0,0,0,0,100 g,Breakfast,Morning,0
680534f0d035d501d3d0fbbb,Not Selected,Ghiya/Lauki Kofta Curry,https://pmxylbawxioitqbyntvi.supabase.co/storage/v1/object/public/meals/ghiya/lauki%20kofta%20curry.png,false,638.71,0.89,0,0,0,0,0,100 g,Breakfast,Morning,0
680534f0d035d501d3d0fbd2,Not Selected,Spinach mutton (Palak mutton),https://pmxylbawxioitqbyntvi.supabase.co/storage/v1/object/public/meals/spinach%20mutton%20(palak%20mutton).png,false,80.32,5.74,0,0,0,0,0,100 g,Breakfast,Morning,0
680534f0d035d501d3d0fbd6,Not Selected,Mutton yakhni,https://pmxylbawxioitqbyntvi.supabase.co/storage/v1/object/public/meals/mutton%20yakhni.png,false,104.13,8.27,0,0,0,0,0,100 g,Breakfast,Morning,0
680534f0d035d501d3d0fbd7,Not Selected,Chicken yakhni,https://pmxylbawxioitqbyntvi.supabase.co/storage/v1/object/public/meals/chicken%20yakhni.png,false,99,10.66,0,0,0,0,0,100 g,Breakfast,Morning,0
680534f0d035d501d3d0fbdf,Not Selected,Butter chicken,https://pmxylbawxioitqbyntvi.supabase.co/storage/v1/object/public/meals/butter%20chicken.png,false,137,10.92,0,0,0,0,0,100 g,Breakfast,Morning,0
680534f0d035d501d3d0fbf1,Not Selected,Tossed salad,https://pmxylbawxioitqbyntvi.supabase.co/storage/v1/object/public/meals/tossed%20salad.png,false,62.96,1.02,0,0,0,0,0,280 g,Breakfast,Morning,0
680534f0d035d501d3d0fbf2,Not Selected,Mixed vegetable salad with curd sauce,https://pmxylbawxioitqbyntvi.supabase.co/storage/v1/object/public/meals/mixed%20vegetable%20salad%20with%20curd%20sauce.png,false,60.28,4.23,0,0,0,0,0,280 g,Breakfast,Morning,0
680534f0d035d501d3d0fbfe,Not Selected,Potato raita (Aloo ka raita),https://pmxylbawxioitqbyntvi.supabase.co/storage/v1/object/public/meals/potato%20raita%20(aloo%20ka%20raita).png,false,75.38,4.22,0,0,0,0,0,100 g,Breakfast,Morning,0
680534f0d035d501d3d0fc07,Not Selected,Semolina kheer (Suji/Rava kheer),https://pmxylbawxioitqbyntvi.supabase.co/storage/v1/object/public/meals/semolina%20kheer%20(suji/rava%20kheer).png,false,113.21,3.43,0,0,0,0,0,100 g,Breakfast,Morning,0
680534f0d035d501d3d0fc15,Not Selected,Caramel custard (steamed),https://pmxylbawxioitqbyntvi.supabase.co/storage/v1/object/public/meals/caramel%20custard%20(steamed).png,false,121.58,4.97,0,0,0,0,0,200 ml,Breakfast,Morning,0
680534f0d035d501d3d0fc29,Not Selected,Steamed orange pudding,https://pmxylbawxioitqbyntvi.supabase.co/storage/v1/object/public/meals/steamed%20orange%20pudding.png,false,278.03,2.34,0,0,0,0,0,200 ml,Breakfast,Morning,0
680534f0d035d501d3d0fc2a,Not Selected,Meringue and rice pudding,https://pmxylbawxioitqbyntvi.supabase.co/storage/v1/object/public/meals/meringue%20and%20rice%20pudding.png,false,112.93,4.84,0,0,0,0,0,100 g,Breakfast,Morning,0
680534f0d035d501d3d0fc2b,Not Selected,Cheese pudding,https://pmxylbawxioitqbyntvi.supabase.co/storage/v1/object/public/meals/cheese%20pudding.png,false,285.01,11.29,0,0,0,0,0,100 g,Breakfast,Morning,0
680534f0d035d501d3d0fc34,Not Selected,Hot chocolate souffle,https://pmxylbawxioitqbyntvi.supabase.co/storage/v1/object/public/meals/hot%20chocolate%20souffle.png,false,226.09,6.7,0,0,0,0,0,100 g,Breakfast,Morning,0
680534f0d035d501d3d0fc37,Not Selected,Coconut burfi (Nariyal ki burfi),https://pmxylbawxioitqbyntvi.supabase.co/storage/v1/object/public/meals/coconut%20burfi%20(nariyal%20ki%20burfi).png,false,467.64,8.81,0,0,0,0,0,100 g,Breakfast,Morning,0
680534f0d035d501d3d0fc62,Not Selected,Paneer shaslik/tikka,https://pmxylbawxioitqbyntvi.supabase.co/storage/v1/object/public/meals/paneer%20shaslik/tikka.png,false,93.85,5.11,0,0,0,0,0,100 g,Breakfast,Morning,0
680534f0d035d501d3d0fc78,Not Selected,Cheese patties,https://pmxylbawxioitqbyntvi.supabase.co/storage/v1/object/public/meals/cheese%20patties.png,false,324.01,7.38,0,0,0,0,0,100 g,Breakfast,Morning,0
680534f0d035d501d3d0fc94,Not Selected,Pin wheel biscuit,https://pmxylbawxioitqbyntvi.supabase.co/storage/v1/object/public/meals/pin%20wheel%20biscuit.png,false,404.6,5.4,0,0,0,0,0,100 g,Breakfast,Morning,0
680534f0d035d501d3d0fc9e,Not Selected,Soyabean muthias,https://pmxylbawxioitqbyntvi.supabase.co/storage/v1/object/public/meals/soyabean%20muthias.png,false,839.33,2.46,0,0,0,0,0,100 g,Breakfast,Morning,0
680534f0d035d501d3d0fca5,Not Selected,Split bengal gram sweet rice (Channa dal sweet rice),https://pmxylbawxioitqbyntvi.supabase.co/storage/v1/object/public/meals/split%20bengal%20gram%20sweet%20rice%20(channa%20dal%20sweet%20rice).png,false,190.21,4.15,0,0,0,0,0,100 g,Breakfast,Morning,0
680534f0d035d501d3d0fcaa,Not Selected,Sprouted moong daliya,https://pmxylbawxioitqbyntvi.supabase.co/storage/v1/object/public/meals/sprouted%20moong%20daliya.png,false,111.56,2.81,0,0,0,0,0,100 g,Breakfast,Morning,0
680534f0d035d501d3d0fcc5,Not Selected,Moong dal stuffed cheela/chilla (Moong dal ka cheela/chilla),https://pmxylbawxioitqbyntvi.supabase.co/storage/v1/object/public/meals/moong%20dal%20stuffed%20cheela/chilla%20(moong%20dal%20ka%20cheela/chilla).png,false,154.89,6.97,0,0,0,0,0,100 g,Breakfast,Morning,0
680534f0d035d501d3d0fcc8,Not Selected,French omelette/omlet,https://pmxylbawxioitqbyntvi.supabase.co/storage/v1/object/public/meals/french%20omelette/omlet.png,false,211.04,10.03,0,0,0,0,0,100 g,Breakfast,Morning,0
680534f0d035d501d3d0fcdd,Not Selected,Cold tomato soup,https://pmxylbawxioitqbyntvi.supabase.co/storage/v1/object/public/meals/cold%20tomato%20soup.png,false,16.9,0.11,0,0,0,0,0,100 g,Breakfast,Morning,0
680534f0d035d501d3d0fce8,Not Selected,Bacon and mushroom pancake,https://pmxylbawxioitqbyntvi.supabase.co/storage/v1/object/public/meals/bacon%20and%20mushroom%20pancake.png,false,157.67,6.82,0,0,0,0,0,100 g,Breakfast,Morning,0
680534f0d035d501d3d0fcee,Not Selected,Peas pulao (Matar pulao),https://pmxylbawxioitqbyntvi.supabase.co/storage/v1/object/public/meals/peas%20pulao%20(matar%20pulao).png,false,108.87,3.89,0,0,0,0,0,100 g,Breakfast,Morning,0
680534f0d035d501d3d0fb09,Not Selected,Cumin infused water (Jeere/Zeere ka pani),https://pmxylbawxioitqbyntvi.supabase.co/storage/v1/object/public/meals/cumin%20infused%20water%20(jeere/zeere%20ka%20pani).png,false,9.09,0.17,0,0,0,0,0,100 g,Breakfast,Morning,0
680534f0d035d501d3d0fb19,Not Selected,Cheese and tomato sandwich (Cheese aur tamatar ke sandwich),https://pmxylbawxioitqbyntvi.supabase.co/storage/v1/object/public/meals/cheese%20and%20tomato%20sandwich%20(cheese%20aur%20tamatar%20ke%20sandwich).png,false,243.32,7.92,0,0,0,0,0,100 g,Breakfast,Morning,0
680534f0d035d501d3d0fb2e,Not Selected,Semolina porridge (Suji/Rava daliya),https://pmxylbawxioitqbyntvi.supabase.co/storage/v1/object/public/meals/semolina%20porridge%20(suji/rava%20daliya).png,false,100.89,3.75,0,0,0,0,0,100 g,Breakfast,Morning,0
680534f0d035d501d3d0fb48,Not Selected,Cream of green peas soup,https://pmxylbawxioitqbyntvi.supabase.co/storage/v1/object/public/meals/cream%20of%20green%20peas%20soup.png,false,127.84,7.13,0,0,0,0,0,100 g,Breakfast,Morning,0
680534f0d035d501d3d0fb49,Not Selected,Cream of spinach soup,https://pmxylbawxioitqbyntvi.supabase.co/storage/v1/object/public/meals/cream%20of%20spinach%20soup.png,false,100.54,5.21,0,0,0,0,0,100 g,Breakfast,Morning,0
680534f0d035d501d3d0fb53,Not Selected,Cold cucumber soup (Thanda kheere ka soup),https://pmxylbawxioitqbyntvi.supabase.co/storage/v1/object/public/meals/cold%20cucumber%20soup%20(thanda%20kheere%20ka%20soup).png,false,48.03,2.99,0,0,0,0,0,100 g,Breakfast,Morning,0
680534f0d035d501d3d0fb56,Not Selected,Plain parantha/paratha,https://pmxylbawxioitqbyntvi.supabase.co/storage/v1/object/public/meals/plain%20parantha/paratha.png,false,298.3,5.06,0,0,0,0,0,100 g,Breakfast,Morning,0
680534f0d035d501d3d0fb6d,Not Selected,Navratan pulao,https://pmxylbawxioitqbyntvi.supabase.co/storage/v1/object/public/meals/navratan%20pulao.png,false,261.71,6.2,0,0,0,0,0,100 g,Breakfast,Morning,0
680534f0d035d501d3d0fb89,Not Selected,Washed urad dal (Dhuli urad ki dal),https://pmxylbawxioitqbyntvi.supabase.co/storage/v1/object/public/meals/washed%20urad%20dal%20(dhuli%20urad%20ki%20dal).png,false,61.32,2.51,0,0,0,0,0,100 g,Breakfast,Morning,0
680534f0d035d501d3d0fb8c,Not Selected,Mixed dal,https://pmxylbawxioitqbyntvi.supabase.co/storage/v1/object/public/meals/mixed%20dal.png,false,61.93,2.51,0,0,0,0,0,100 g,Breakfast,Morning,0
680534f0d035d501d3d0fb8f,Not Selected,Whole moth (Moth ki dal),https://pmxylbawxioitqbyntvi.supabase.co/storage/v1/object/public/meals/whole%20moth%20(moth%20ki%20dal).png,false,55,2.01,0,0,0,0,0,100 g,Breakfast,Morning,0
680534f0d035d501d3d0fb93,Not Selected,Chickpeas curry (Safed channa curry),https://pmxylbawxioitqbyntvi.supabase.co/storage/v1/object/public/meals/chickpeas%20curry%20(safed%20channa%20curry).png,false,163.43,6.1,0,0,0,0,0,100 g,Breakfast,Morning,0
680534f0d035d501d3d0fba9,Not Selected,Stuffed capsicum (Bharwa shimla mirch),https://pmxylbawxioitqbyntvi.supabase.co/storage/v1/object/public/meals/stuffed%20capsicum%20(bharwa%20shimla%20mirch).png,false,90.94,1.34,0,0,0,0,0,100 g,Breakfast,Morning,0
680534f0d035d501d3d0fbad,Not Selected,Pea paneer curry (Matar paneer),https://pmxylbawxioitqbyntvi.supabase.co/storage/v1/object/public/meals/pea%20paneer%20curry%20(matar%20paneer).png,false,134.83,6.61,0,0,0,0,0,100 g,Breakfast,Morning,0
680534f0d035d501d3d0fbb2,Not Selected,Lotus stem curry (Kamal kakdi curry),https://pmxylbawxioitqbyntvi.supabase.co/storage/v1/object/public/meals/lotus%20stem%20curry%20(kamal%20kakdi%20curry).png,false,110.34,1.53,0,0,0,0,0,100 g,Breakfast,Morning,0
680534f0d035d501d3d0fbb4,Not Selected,Pea kofta curry (Matar kofta curry),https://pmxylbawxioitqbyntvi.supabase.co/storage/v1/object/public/meals/pea%20kofta%20curry%20(matar%20kofta%20curry).png,false,595.66,2.01,0,0,0,0,0,100 g,Breakfast,Morning,0
680534f0d035d501d3d0fbe9,Not Selected,Tandoori fish,https://pmxylbawxioitqbyntvi.supabase.co/storage/v1/object/public/meals/tandoori%20fish.png,false,95.98,11.19,0,0,0,0,0,100 g,Breakfast,Morning,0
680534f0d035d501d3d0fbea,Not Selected,"Paneer, apple and pineapple salad","https://pmxylbawxioitqbyntvi.supabase.co/storage/v1/object/public/meals/paneer,%20apple%20and%20pineapple%20salad.png",false,95.08,3.88,0,0,0,0,0,280 g,Breakfast,Morning,0
680534f0d035d501d3d0fc04,Not Selected,Rice kheer (Chawal ki kheer),https://pmxylbawxioitqbyntvi.supabase.co/storage/v1/object/public/meals/rice%20kheer%20(chawal%20ki%20kheer).png,false,75.03,2.3,0,0,0,0,0,100 g,Breakfast,Morning,0
680534f0d035d501d3d0fc0f,Not Selected,Shahi suji halwa,https://pmxylbawxioitqbyntvi.supabase.co/storage/v1/object/public/meals/shahi%20suji%20halwa.png,false,382.34,3.48,0,0,0,0,0,100 g,Breakfast,Morning,0
680534f0d035d501d3d0fc23,Not Selected,Mango mousse,https://pmxylbawxioitqbyntvi.supabase.co/storage/v1/object/public/meals/mango%20mousse.png,false,124.98,3.21,0,0,0,0,0,100 g,Breakfast,Morning,0
680534f0d035d501d3d0fc2c,Not Selected,Chocolate pudding,https://pmxylbawxioitqbyntvi.supabase.co/storage/v1/object/public/meals/chocolate%20pudding.png,false,211.96,3.55,0,0,0,0,0,100 g,Breakfast,Morning,0
680534f0d035d501d3d0fc44,Not Selected,Mal pua,https://pmxylbawxioitqbyntvi.supabase.co/storage/v1/object/public/meals/mal%20pua.png,false,566.68,1.71,0,0,0,0,0,100 g,Breakfast,Morning,0
680534f0d035d501d3d0fc66,Not Selected,Peanut chutney (Mungfali ki chutney),https://pmxylbawxioitqbyntvi.supabase.co/storage/v1/object/public/meals/peanut%20chutney%20(mungfali%20ki%20chutney).png,false,258.37,11.8,0,0,0,0,0,100 g,Breakfast,Morning,0
680534f0d035d501d3d0fc67,Not Selected,Coconut chutney (Nariyal ki chutney),https://pmxylbawxioitqbyntvi.supabase.co/storage/v1/object/public/meals/coconut%20chutney%20(nariyal%20ki%20chutney).png,false,265.92,3.59,0,0,0,0,0,100 g,Breakfast,Morning,0
680534f0d035d501d3d0fc73,Not Selected,Chocolate meringue pie,https://pmxylbawxioitqbyntvi.supabase.co/storage/v1/object/public/meals/chocolate%20meringue%20pie.png,false,214.76,4.98,0,0,0,0,0,100 g,Breakfast,Morning,0
680534f0d035d501d3d0fc79,Not Selected,Hot cheese souffle,https://pmxylbawxioitqbyntvi.supabase.co/storage/v1/object/public/meals/hot%20cheese%20souffle.png,false,177.1,9.18,0,0,0,0,0,100 g,Breakfast,Morning,0
680534f0d035d501d3d0fc86,Not Selected,Strawberry and vanilla cake with butter icing,https://pmxylbawxioitqbyntvi.supabase.co/storage/v1/object/public/meals/strawberry%20and%20vanilla%20cake%20with%20butter%20icing.png,false,370.54,3.89,0,0,0,0,0,100 g,Breakfast,Morning,0
680534f0d035d501d3d0fc9b,Not Selected,Coffee biscuit,https://pmxylbawxioitqbyntvi.supabase.co/storage/v1/object/public/meals/coffee%20biscuit.png,false,416.57,6.9,0,0,0,0,0,200 ml,Breakfast,Morning,0
680534f0d035d501d3d0fcb7,Not Selected,Jal jeera,https://pmxylbawxioitqbyntvi.supabase.co/storage/v1/object/public/meals/jal%20jeera.png,false,30.24,0.44,0,0,0,0,0,100 g,Breakfast,Morning,0
680534f0d035d501d3d0fcda,Not Selected,Cream of potato soup,https://pmxylbawxioitqbyntvi.supabase.co/storage/v1/object/public/meals/cream%20of%20potato%20soup.png,false,60.2,8.1,0,0,0,0,0,100 g,Breakfast,Morning,0
680534f0d035d501d3d0fcde,Not Selected,Chicken stew,https://pmxylbawxioitqbyntvi.supabase.co/storage/v1/object/public/meals/chicken%20stew.png,false,127.55,7.19,0,0,0,0,0,100 g,Breakfast,Morning,0
680534f0d035d501d3d0fce5,Not Selected,Peas poori (Matar ki poori),https://pmxylbawxioitqbyntvi.supabase.co/storage/v1/object/public/meals/peas%20poori%20(matar%20ki%20poori).png,false,592.83,3.04,0,0,0,0,0,100 g,Breakfast,Morning,0
680534f0d035d501d3d0fb06,Not Selected,Fruit Punch (with squashes),https://pmxylbawxioitqbyntvi.supabase.co/storage/v1/object/public/meals/fruit%20punch%20(with%20squashes).png,false,23.13,0.07,0,0,0,0,0,100 g,Breakfast,Morning,0
680534f0d035d501d3d0fb07,Not Selected,Lemonade,https://pmxylbawxioitqbyntvi.supabase.co/storage/v1/object/public/meals/lemonade.png,false,20.8,0.03,0,0,0,0,0,100 g,Breakfast,Morning,0
680534f0d035d501d3d0fb18,Not Selected,Cheese and pineapple sandwich (Cheese aur ananas ka sandwich),https://pmxylbawxioitqbyntvi.supabase.co/storage/v1/object/public/meals/cheese%20and%20pineapple%20sandwich%20(cheese%20aur%20ananas%20ka%20sandwich).png,false,257.71,8.2,0,0,0,0,0,100 g,Breakfast,Morning,0
680534f0d035d501d3d0fb20,Not Selected,Carrot apple sandwich (Gajar aur seb ka sandwich),https://pmxylbawxioitqbyntvi.supabase.co/storage/v1/object/public/meals/carrot%20apple%20sandwich%20(gajar%20aur%20seb%20ka%20sandwich).png,false,214.11,5.3,0,0,0,0,0,100 g,Breakfast,Morning,0
680534f0d035d501d3d0fb22,Not Selected,Vegetable and mayonnaise sandwich,https://pmxylbawxioitqbyntvi.supabase.co/storage/v1/object/public/meals/vegetable%20and%20mayonnaise%20sandwich.png,false,244.26,4.47,0,0,0,0,0,100 g,Breakfast,Morning,0
680534f0d035d501d3d0fb23,Not Selected,Egg and tomato sandwich (Ande aur tamatar ka sandwich),https://pmxylbawxioitqbyntvi.supabase.co/storage/v1/object/public/meals/egg%20and%20tomato%20sandwich%20(ande%20aur%20tamatar%20ka%20sandwich).png,false,222.11,7.66,0,0,0,0,0,100 g,Breakfast,Morning,0
680534f0d035d501d3d0fb27,Not Selected,Pea potato sandwich (toasted) (Matar aloo ka sandwich),https://pmxylbawxioitqbyntvi.supabase.co/storage/v1/object/public/meals/pea%20potato%20sandwich%20(toasted)%20(matar%20aloo%20ka%20sandwich).png,false,164.9,4.6,0,0,0,0,0,100 g,Breakfast,Morning,0
680534f0d035d501d3d0fb63,Not Selected,Dal stuffed poori,https://pmxylbawxioitqbyntvi.supabase.co/storage/v1/object/public/meals/dal%20stuffed%20poori.png,false,785.16,2.08,0,0,0,0,0,100 g,Breakfast,Morning,0
680534f0d035d501d3d0fb66,Not Selected,Boiled rice (Uble chawal),https://pmxylbawxioitqbyntvi.supabase.co/storage/v1/object/public/meals/boiled%20rice%20(uble%20chawal).png,false,117.19,2.6,0,0,0,0,0,100 g,Breakfast,Morning,0
680534f0d035d501d3d0fb69,Not Selected,Mushroom pulao,https://pmxylbawxioitqbyntvi.supabase.co/storage/v1/object/public/meals/mushroom%20pulao.png,false,124.29,2.52,0,0,0,0,0,100 g,Breakfast,Morning,0
680534f0d035d501d3d0fb76,Not Selected,Chinese fried rice,https://pmxylbawxioitqbyntvi.supabase.co/storage/v1/object/public/meals/chinese%20fried%20rice.png,false,120.58,4.05,0,0,0,0,0,100 g,Breakfast,Morning,0
680534f0d035d501d3d0fb80,Not Selected,Naan,https://pmxylbawxioitqbyntvi.supabase.co/storage/v1/object/public/meals/naan.png,false,286.45,8.05,0,0,0,0,0,100 g,Breakfast,Morning,0
680534f0d035d501d3d0fb8d,Not Selected,Whole moong (Moong ki dal),https://pmxylbawxioitqbyntvi.supabase.co/storage/v1/object/public/meals/whole%20moong%20(moong%20ki%20dal).png,false,53.7,2.25,0,0,0,0,0,100 g,Breakfast,Morning,0
680534f0d035d501d3d0fba0,Not Selected,Brinjal bhartha (Baingan ka bhartha),https://pmxylbawxioitqbyntvi.supabase.co/storage/v1/object/public/meals/brinjal%20bhartha%20(baingan%20ka%20bhartha).png,false,65.12,1.38,0,0,0,0,0,100 g,Breakfast,Morning,0
680534f0d035d501d3d0fbbd,Not Selected,Vegetarian egg kofta curry,https://pmxylbawxioitqbyntvi.supabase.co/storage/v1/object/public/meals/vegetarian%20egg%20kofta%20curry.png,false,627.41,1.33,0,0,0,0,0,100 g,Breakfast,Morning,0
680534f0d035d501d3d0fbc3,Not Selected,Baked brinjal in tomato sauce,https://pmxylbawxioitqbyntvi.supabase.co/storage/v1/object/public/meals/baked%20brinjal%20in%20tomato%20sauce.png,false,38.63,1.58,0,0,0,0,0,100 g,Breakfast,Morning,0
680534f0d035d501d3d0fbc9,Not Selected,Avial,https://pmxylbawxioitqbyntvi.supabase.co/storage/v1/object/public/meals/avial.png,false,124.56,2.46,0,0,0,0,0,100 g,Breakfast,Morning,0
680534f0d035d501d3d0fc02,Not Selected,Gunjia,https://pmxylbawxioitqbyntvi.supabase.co/storage/v1/object/public/meals/gunjia.png,false,667.34,2.98,0,0,0,0,0,100 g,Breakfast,Morning,0
680534f0d035d501d3d0fc05,Not Selected,Makhana kheer,https://pmxylbawxioitqbyntvi.supabase.co/storage/v1/object/public/meals/makhana%20kheer.png,false,107.85,3.31,0,0,0,0,0,100 g,Breakfast,Morning,0
680534f0d035d501d3d0fc14,Not Selected,Moong dal halwa,https://pmxylbawxioitqbyntvi.supabase.co/storage/v1/object/public/meals/moong%20dal%20halwa.png,false,349.8,8.35,0,0,0,0,0,100 g,Breakfast,Morning,0
680534f0d035d501d3d0fc1b,Not Selected,Caramel ice cream,https://pmxylbawxioitqbyntvi.supabase.co/storage/v1/object/public/meals/caramel%20ice%20cream.png,false,173.52,4.31,0,0,0,0,0,100 g,Breakfast,Morning,0
680534f0d035d501d3d0fc1d,Not Selected,Orange souffle,https://pmxylbawxioitqbyntvi.supabase.co/storage/v1/object/public/meals/orange%20souffle.png,false,168.28,6.8,0,0,0,0,0,100 g,Breakfast,Morning,0
680534f0d035d501d3d0fc24,Not Selected,Orange and pineapple cream,https://pmxylbawxioitqbyntvi.supabase.co/storage/v1/object/public/meals/orange%20and%20pineapple%20cream.png,false,101.18,1.44,0,0,0,0,0,100 g,Breakfast,Morning,0
680534f0d035d501d3d0fc2f,Not Selected,Pineapple upside down pudding,https://pmxylbawxioitqbyntvi.supabase.co/storage/v1/object/public/meals/pineapple%20upside%20down%20pudding.png,false,257.73,3.15,0,0,0,0,0,100 g,Breakfast,Morning,0
680534f0d035d501d3d0fc3f,Not Selected,Sesame ladoo (Til ke ladoo),https://pmxylbawxioitqbyntvi.supabase.co/storage/v1/object/public/meals/sesame%20ladoo%20(til%20ke%20ladoo).png,false,396.96,10.7,0,0,0,0,0,100 g,Breakfast,Morning,0
680534f0d035d501d3d0fc4c,Not Selected,Egg pakora/pakoda (Ande ke pakode),https://pmxylbawxioitqbyntvi.supabase.co/storage/v1/object/public/meals/egg%20pakora/pakoda%20(ande%20ke%20pakode).png,false,710.51,2.83,0,0,0,0,0,100 g,Breakfast,Morning,0
680534f0d035d501d3d0fc60,Not Selected,Peanut sago vada (Sabudana mungfali vada),https://pmxylbawxioitqbyntvi.supabase.co/storage/v1/object/public/meals/peanut%20sago%20vada%20(sabudana%20mungfali%20vada).png,false,749.89,1.01,0,0,0,0,0,100 g,Breakfast,Morning,0
680534f0d035d501d3d0fc69,Not Selected,Custard tart,https://pmxylbawxioitqbyntvi.supabase.co/storage/v1/object/public/meals/custard%20tart.png,false,225.6,3.72,0,0,0,0,0,100 g,Breakfast,Morning,0
680534f0d035d501d3d0fc6b,Not Selected,Jam tart,https://pmxylbawxioitqbyntvi.supabase.co/storage/v1/object/public/meals/jam%20tart.png,false,360.72,4.42,0,0,0,0,0,100 g,Breakfast,Morning,0
680534f0d035d501d3d0fc6d,Not Selected,Pineapple tart,https://pmxylbawxioitqbyntvi.supabase.co/storage/v1/object/public/meals/pineapple%20tart.png,false,195.4,2.29,0,0,0,0,0,100 g,Breakfast,Morning,0
680534f0d035d501d3d0fc7d,Not Selected,Plain cream cake,https://pmxylbawxioitqbyntvi.supabase.co/storage/v1/object/public/meals/plain%20cream%20cake.png,false,353.94,6.18,0,0,0,0,0,100 g,Breakfast,Morning,0
680534f0d035d501d3d0fc82,Not Selected,Fruit Loaf,https://pmxylbawxioitqbyntvi.supabase.co/storage/v1/object/public/meals/fruit%20loaf.png,false,324.19,5.36,0,0,0,0,0,100 g,Breakfast,Morning,0
680534f0d035d501d3d0fc8c,Not Selected,Pineapple cake,https://pmxylbawxioitqbyntvi.supabase.co/storage/v1/object/public/meals/pineapple%20cake.png,false,195.57,5.01,0,0,0,0,0,100 g,Breakfast,Morning,0
680534f0d035d501d3d0fc95,Not Selected,Saffron biscuit (Kesar biscuit),https://pmxylbawxioitqbyntvi.supabase.co/storage/v1/object/public/meals/saffron%20biscuit%20(kesar%20biscuit).png,false,458.61,6.05,0,0,0,0,0,100 g,Breakfast,Morning,0
680534f0d035d501d3d0fc9c,Not Selected,Melting moments,https://pmxylbawxioitqbyntvi.supabase.co/storage/v1/object/public/meals/melting%20moments.png,false,437.91,5.71,0,0,0,0,0,100 g,Breakfast,Morning,0
680534f0d035d501d3d0fcbc,Not Selected,Potato canjee (Aloo canjee),https://pmxylbawxioitqbyntvi.supabase.co/storage/v1/object/public/meals/potato%20canjee%20(aloo%20canjee).png,false,16.26,0.44,0,0,0,0,0,100 g,Breakfast,Morning,0
680534f0d035d501d3d0fcd8,Not Selected,Cream of carrot soup,https://pmxylbawxioitqbyntvi.supabase.co/storage/v1/object/public/meals/cream%20of%20carrot%20soup.png,false,59.77,8.27,0,0,0,0,0,100 g,Breakfast,Morning,0
680534f0d035d501d3d0fce3,Not Selected,Gram flour poori (Besan poori),https://pmxylbawxioitqbyntvi.supabase.co/storage/v1/object/public/meals/gram%20flour%20poori%20(besan%20poori).png,false,697.66,2.59,0,0,0,0,0,100 g,Breakfast,Morning,0
680534f0d035d501d3d0fcf0,Not Selected,Black channa pulao/ Bengal gram pulao (Kale chane ka pulao),https://pmxylbawxioitqbyntvi.supabase.co/storage/v1/object/public/meals/black%20channa%20pulao/%20bengal%20gram%20pulao%20(kale%20chane%20ka%20pulao).png,false,125.51,3.44,0,0,0,0,0,100 g,Breakfast,Morning,0
680534f0d035d501d3d0fb02,Not Selected,Espreso coffee,https://pmxylbawxioitqbyntvi.supabase.co/storage/v1/object/public/meals/espreso%20coffee.png,false,51.54,1.75,0,0,0,0,0,200 ml,Breakfast,Morning,0
680534f0d035d501d3d0fb30,Not Selected,Cornflakes with milk,https://pmxylbawxioitqbyntvi.supabase.co/storage/v1/object/public/meals/cornflakes%20with%20milk.png,false,117.33,3.59,0,0,0,0,0,100 g,Breakfast,Morning,0
680534f0d035d501d3d0fb32,Not Selected,Wheat flakes,https://pmxylbawxioitqbyntvi.supabase.co/storage/v1/object/public/meals/wheat%20flakes.png,false,112.44,3.62,0,0,0,0,0,100 g,Breakfast,Morning,0
680534f0d035d501d3d0fb34,Not Selected,Puffed wheat (Murmure/Moori),https://pmxylbawxioitqbyntvi.supabase.co/storage/v1/object/public/meals/puffed%20wheat%20(murmure/moori).png,false,113.32,3.62,0,0,0,0,0,100 g,Breakfast,Morning,0
680534f0d035d501d3d0fb3d,Not Selected,Keema pancake,https://pmxylbawxioitqbyntvi.supabase.co/storage/v1/object/public/meals/keema%20pancake.png,false,176.27,9.01,0,0,0,0,0,100 g,Breakfast,Morning,0
680534f0d035d501d3d0fb47,Not Selected,Cream of tomato soup,https://pmxylbawxioitqbyntvi.supabase.co/storage/v1/object/public/meals/cream%20of%20tomato%20soup.png,false,97.81,4.61,0,0,0,0,0,100 g,Breakfast,Morning,0
680534f0d035d501d3d0fb58,Not Selected,Radish parantha/paratha (Mooli ka parantha/paratha),https://pmxylbawxioitqbyntvi.supabase.co/storage/v1/object/public/meals/radish%20parantha/paratha%20(mooli%20ka%20parantha/paratha).png,false,183.52,3.3,0,0,0,0,0,100 g,Breakfast,Morning,0
680534f0d035d501d3d0fb73,Not Selected,Curd rice (Dahi bhaat/Dahi chawal/ Perugu annam/Daddojanam/Thayir saadam),https://pmxylbawxioitqbyntvi.supabase.co/storage/v1/object/public/meals/curd%20rice%20(dahi%20bhaat/dahi%20chawal/%20perugu%20annam/daddojanam/thayir%20saadam).png,false,195.74,5.75,0,0,0,0,0,100 g,Breakfast,Morning,0
680534f0d035d501d3d0fb77,Not Selected,Macroni cheese pie,https://pmxylbawxioitqbyntvi.supabase.co/storage/v1/object/public/meals/macroni%20cheese%20pie.png,false,170.63,5.85,0,0,0,0,0,100 g,Breakfast,Morning,0
680534f0d035d501d3d0fb78,Not Selected,Vegetable chowmein,https://pmxylbawxioitqbyntvi.supabase.co/storage/v1/object/public/meals/vegetable%20chowmein.png,false,129.71,3.07,0,0,0,0,0,100 g,Breakfast,Morning,0
680534f0d035d501d3d0fb81,Not Selected,Bhatura,https://pmxylbawxioitqbyntvi.supabase.co/storage/v1/object/public/meals/bhatura.png,false,793.2,1.63,0,0,0,0,0,100 g,Breakfast,Morning,0
680534f0d035d501d3d0fb8a,Not Selected,Split bengal gram with bottle gourd (Channa dal with ghiya/lauki),https://pmxylbawxioitqbyntvi.supabase.co/storage/v1/object/public/meals/split%20bengal%20gram%20with%20bottle%20gourd%20(channa%20dal%20with%20ghiya/lauki).png,false,73.25,2.79,0,0,0,0,0,100 g,Breakfast,Morning,0
680534f0d035d501d3d0fba5,Not Selected,Raw turnip with coconut,https://pmxylbawxioitqbyntvi.supabase.co/storage/v1/object/public/meals/raw%20turnip%20with%20coconut.png,false,132.15,1.8,0,0,0,0,0,100 g,Breakfast,Morning,0
680534f0d035d501d3d0fbac,Not Selected,Pea potato curry (Aloo matar),https://pmxylbawxioitqbyntvi.supabase.co/storage/v1/object/public/meals/pea%20potato%20curry%20(aloo%20matar).png,false,100.92,3.48,0,0,0,0,0,100 g,Breakfast,Morning,0
680534f0d035d501d3d0fbd9,Not Selected,Mutton chops,https://pmxylbawxioitqbyntvi.supabase.co/storage/v1/object/public/meals/mutton%20chops.png,false,663.64,4.03,0,0,0,0,0,100 g,Breakfast,Morning,0
680534f0d035d501d3d0fc01,Not Selected,Dahi vadas/Dahi bhalla,https://pmxylbawxioitqbyntvi.supabase.co/storage/v1/object/public/meals/dahi%20vadas/dahi%20bhalla.png,false,667.73,2.96,0,0,0,0,0,100 g,Breakfast,Morning,0
680534f0d035d501d3d0fc13,Not Selected,Pumpkin halwa (Kaddu ka halwa),https://pmxylbawxioitqbyntvi.supabase.co/storage/v1/object/public/meals/pumpkin%20halwa%20(kaddu%20ka%20halwa).png,false,190.27,1.33,0,0,0,0,0,100 g,Breakfast,Morning,0
680534f0d035d501d3d0fc22,Not Selected,Rich chocolate mousse,https://pmxylbawxioitqbyntvi.supabase.co/storage/v1/object/public/meals/rich%20chocolate%20mousse.png,false,188.26,7.96,0,0,0,0,0,100 g,Breakfast,Morning,0
680534f0d035d501d3d0fc2e,Not Selected,Queen of pudding,https://pmxylbawxioitqbyntvi.supabase.co/storage/v1/object/public/meals/queen%20of%20pudding.png,false,132.92,5.51,0,0,0,0,0,100 g,Breakfast,Morning,0
680534f0d035d501d3d0fc32,Not Selected,Apple snowballs,https://pmxylbawxioitqbyntvi.supabase.co/storage/v1/object/public/meals/apple%20snowballs.png,false,101.51,0.86,0,0,0,0,0,100 g,Breakfast,Morning,0
680534f0d035d501d3d0fc38,Not Selected,Bottle gourd burfi (Ghiya/Lauki burfi),https://pmxylbawxioitqbyntvi.supabase.co/storage/v1/object/public/meals/bottle%20gourd%20burfi%20(ghiya/lauki%20burfi).png,false,275.96,5.86,0,0,0,0,0,100 g,Breakfast,Morning,0
680534f0d035d501d3d0fc3e,Not Selected,Gram flour ladoo (Besan ladoo),https://pmxylbawxioitqbyntvi.supabase.co/storage/v1/object/public/meals/gram%20flour%20ladoo%20(besan%20ladoo).png,false,476.91,8.93,0,0,0,0,0,100 g,Breakfast,Morning,0
680534f0d035d501d3d0fc4f,Not Selected,Potato bonda (Aloo bonda),https://pmxylbawxioitqbyntvi.supabase.co/storage/v1/object/public/meals/potato%20bonda%20(aloo%20bonda).png,false,632.84,1.09,0,0,0,0,0,100 g,Breakfast,Morning,0
680534f0d035d501d3d0fc5c,Not Selected,Vegetable burger,https://pmxylbawxioitqbyntvi.supabase.co/storage/v1/object/public/meals/vegetable%20burger.png,false,519.93,3.26,0,0,0,0,0,100 g,Breakfast,Morning,0
680534f0d035d501d3d0fc74,Not Selected,Cream puffs,https://pmxylbawxioitqbyntvi.supabase.co/storage/v1/object/public/meals/cream%20puffs.png,false,221.33,4.7,0,0,0,0,0,100 g,Breakfast,Morning,0
680534f0d035d501d3d0fc8d,Not Selected,Chocolate walnut cookies (Chocolate aur akhrot ke cookies),https://pmxylbawxioitqbyntvi.supabase.co/storage/v1/object/public/meals/chocolate%20walnut%20cookies%20(chocolate%20aur%20akhrot%20ke%20cookies).png,false,424.8,6.56,0,0,0,0,0,100 g,Breakfast,Morning,0
680534f0d035d501d3d0fc96,Not Selected,Masala biscuit,https://pmxylbawxioitqbyntvi.supabase.co/storage/v1/object/public/meals/masala%20biscuit.png,false,393.64,6.06,0,0,0,0,0,100 g,Breakfast,Morning,0
680534f0d035d501d3d0fca2,Not Selected,Spinach peanut namak paras (Palak moongfali namak paras),https://pmxylbawxioitqbyntvi.supabase.co/storage/v1/object/public/meals/spinach%20peanut%20namak%20paras%20(palak%20moongfali%20namak%20paras).png,false,740.16,1.65,0,0,0,0,0,100 g,Breakfast,Morning,0
680534f0d035d501d3d0fca9,Not Selected,Sweet split chickpea roti (Sweet channa dal roti/Puranpoli),https://pmxylbawxioitqbyntvi.supabase.co/storage/v1/object/public/meals/sweet%20split%20chickpea%20roti%20(sweet%20channa%20dal%20roti/puranpoli).png,false,366.59,9.51,0,0,0,0,0,100 g,Breakfast,Morning,0
680534f0d035d501d3d0fce6,Not Selected,Peas kachori (Matar kachori),https://pmxylbawxioitqbyntvi.supabase.co/storage/v1/object/public/meals/peas%20kachori%20(matar%20kachori).png,false,584.68,3.21,0,0,0,0,0,100 g,Breakfast,Morning,0
67ffc832d322d6a09e575ac5,Not Selected,Salad,https://pmxylbawxioitqbyntvi.supabase.co/storage/v1/object/public/meals/salad.png,false,150,5,7,20,150,40,2.5,280 g,Breakfast,Morning,0
680534f0d035d501d3d0fb4b,Not Selected,Cream of mushroom soup,https://pmxylbawxioitqbyntvi.supabase.co/storage/v1/object/public/meals/cream%20of%20mushroom%20soup.png,false,117.28,6.64,0,0,0,0,0,100 g,Breakfast,Morning,0
680534f0d035d501d3d0fb4d,Not Selected,Minestrone soup,https://pmxylbawxioitqbyntvi.supabase.co/storage/v1/object/public/meals/minestrone%20soup.png,false,42.66,9.3,0,0,0,0,0,100 g,Breakfast,Morning,0
680534f0d035d501d3d0fb70,Not Selected,Vegetable biryani/biriyani,https://pmxylbawxioitqbyntvi.supabase.co/storage/v1/object/public/meals/vegetable%20biryani/biriyani.png,false,174.61,3.16,0,0,0,0,0,100 g,Breakfast,Morning,0
680534f0d035d501d3d0fb71,Not Selected,"Lemon rice (Pulihora, Elumichai sadam, Chitranna)","https://pmxylbawxioitqbyntvi.supabase.co/storage/v1/object/public/meals/lemon%20rice%20(pulihora,%20elumichai%20sadam,%20chitranna).png",false,176.3,4.26,0,0,0,0,0,100 g,Breakfast,Morning,0
680534f0d035d501d3d0fb83,Not Selected,Masala dosa,https://pmxylbawxioitqbyntvi.supabase.co/storage/v1/object/public/meals/masala%20dosa.png,false,164.58,3.29,0,0,0,0,0,100 g,Breakfast,Morning,0
680534f0d035d501d3d0fb87,Not Selected,Makki ki roti,https://pmxylbawxioitqbyntvi.supabase.co/storage/v1/object/public/meals/makki%20ki%20roti.png,false,263.97,3.49,0,0,0,0,0,100 g,Breakfast,Morning,0
680534f0d035d501d3d0fb90,Not Selected,Whole urad (Urad ki dal),https://pmxylbawxioitqbyntvi.supabase.co/storage/v1/object/public/meals/whole%20urad%20(urad%20ki%20dal).png,false,53.8,2.21,0,0,0,0,0,100 g,Breakfast,Morning,0
680534f0d035d501d3d0fb92,Not Selected,Black channa curry/Bengal gram curry (Kale chane ki curry),https://pmxylbawxioitqbyntvi.supabase.co/storage/v1/object/public/meals/black%20channa%20curry/bengal%20gram%20curry%20(kale%20chane%20ki%20curry).png,false,140.68,5.67,0,0,0,0,0,100 g,Breakfast,Morning,0
680534f0d035d501d3d0fb95,Not Selected,Soyabean curry,https://pmxylbawxioitqbyntvi.supabase.co/storage/v1/object/public/meals/soyabean%20curry.png,false,163.28,10.43,0,0,0,0,0,100 g,Breakfast,Morning,0
680534f0d035d501d3d0fba1,Not Selected,Dry potato (Sookhe aloo),https://pmxylbawxioitqbyntvi.supabase.co/storage/v1/object/public/meals/dry%20potato%20(sookhe%20aloo).png,false,103.15,1.62,0,0,0,0,0,100 g,Breakfast,Morning,0
680534f0d035d501d3d0fbb5,Not Selected,Spinach kofta curry (Palak kofta curry),https://pmxylbawxioitqbyntvi.supabase.co/storage/v1/object/public/meals/spinach%20kofta%20curry%20(palak%20kofta%20curry).png,false,571.78,1.09,0,0,0,0,0,100 g,Breakfast,Morning,0
680534f0d035d501d3d0fbba,Not Selected,Cabbage kofta curry (Pattagobhi kofta curry),https://pmxylbawxioitqbyntvi.supabase.co/storage/v1/object/public/meals/cabbage%20kofta%20curry%20(pattagobhi%20kofta%20curry).png,false,639.81,0.98,0,0,0,0,0,100 g,Breakfast,Morning,0
680534f0d035d501d3d0fbc4,Not Selected,Dum aloo,https://pmxylbawxioitqbyntvi.supabase.co/storage/v1/object/public/meals/dum%20aloo.png,false,682.33,0.7,0,0,0,0,0,100 g,Breakfast,Morning,0
680534f0d035d501d3d0fc0c,Not Selected,Moong dal kheer,https://pmxylbawxioitqbyntvi.supabase.co/storage/v1/object/public/meals/moong%20dal%20kheer.png,false,77.16,2.95,0,0,0,0,0,100 g,Breakfast,Morning,0
680534f0d035d501d3d0fc12,Not Selected,Potato halwa (Aloo ka halwa),https://pmxylbawxioitqbyntvi.supabase.co/storage/v1/object/public/meals/potato%20halwa%20(aloo%20ka%20halwa).png,false,151.66,1.53,0,0,0,0,0,100 g,Breakfast,Morning,0
680534f0d035d501d3d0fc1a,Not Selected,Fruit Ice cream (Phalon ka Ice cream),https://pmxylbawxioitqbyntvi.supabase.co/storage/v1/object/public/meals/fruit%20ice%20cream%20(phalon%20ka%20ice%20cream).png,false,171.46,4.37,0,0,0,0,0,100 g,Breakfast,Morning,0
680534f0d035d501d3d0fc51,Not Selected,Minced meat samosa (Keema ka samosa),https://pmxylbawxioitqbyntvi.supabase.co/storage/v1/object/public/meals/minced%20meat%20samosa%20(keema%20ka%20samosa).png,false,620.99,4.43,0,0,0,0,0,100 g,Breakfast,Morning,0
680534f0d035d501d3d0fc5a,Not Selected,Spinach chickpeas cutlet (Palak channa dal cutlet),https://pmxylbawxioitqbyntvi.supabase.co/storage/v1/object/public/meals/spinach%20chickpeas%20cutlet%20(palak%20channa%20dal%20cutlet).png,false,688.03,1.44,0,0,0,0,0,100 g,Breakfast,Morning,0
680534f0d035d501d3d0fc75,Not Selected,Chocolate eclairs,https://pmxylbawxioitqbyntvi.supabase.co/storage/v1/object/public/meals/chocolate%20eclairs.png,false,239.42,4.24,0,0,0,0,0,100 g,Breakfast,Morning,0
680534f0d035d501d3d0fc81,Not Selected,Orange cake,https://pmxylbawxioitqbyntvi.supabase.co/storage/v1/object/public/meals/orange%20cake.png,false,357.61,6.1,0,0,0,0,0,100 g,Breakfast,Morning,0
680534f0d035d501d3d0fca0,Not Selected,Soyabean namak paras,https://pmxylbawxioitqbyntvi.supabase.co/storage/v1/object/public/meals/soyabean%20namak%20paras.png,false,838.46,2.65,0,0,0,0,0,100 g,Breakfast,Morning,0
680534f0d035d501d3d0fcad,Not Selected,Paushtik ladoo,https://pmxylbawxioitqbyntvi.supabase.co/storage/v1/object/public/meals/paushtik%20ladoo.png,false,485.87,7.65,0,0,0,0,0,100 g,Breakfast,Morning,0
680534f0d035d501d3d0fcca,Not Selected,Orange omelette/omlet,https://pmxylbawxioitqbyntvi.supabase.co/storage/v1/object/public/meals/orange%20omelette/omlet.png,false,194.66,8.93,0,0,0,0,0,100 g,Breakfast,Morning,0
680534f0d035d501d3d0fccc,Not Selected,Spanish omelette/omlet,https://pmxylbawxioitqbyntvi.supabase.co/storage/v1/object/public/meals/spanish%20omelette/omlet.png,false,157.45,8.25,0,0,0,0,0,100 g,Breakfast,Morning,0
680534f0d035d501d3d0fcd0,Not Selected,Meat consomme (with mutton),https://pmxylbawxioitqbyntvi.supabase.co/storage/v1/object/public/meals/meat%20consomme%20(with%20mutton).png,false,29.76,14.86,0,0,0,0,0,100 g,Breakfast,Morning,0
680534f0d035d501d3d0fcd6,Not Selected,Cheese soup,https://pmxylbawxioitqbyntvi.supabase.co/storage/v1/object/public/meals/cheese%20soup.png,false,41.13,12.39,0,0,0,0,0,100 g,Breakfast,Morning,0
680534f0d035d501d3d0fcdb,Not Selected,Almond soup (Badam ka soup),https://pmxylbawxioitqbyntvi.supabase.co/storage/v1/object/public/meals/almond%20soup%20(badam%20ka%20soup).png,false,78.65,10.13,0,0,0,0,0,100 g,Breakfast,Morning,0
680534f0d035d501d3d0fce0,Not Selected,Onion-green chilli parantha/paratha (Pyaaz aur hari mirch ka parantha/paratha),https://pmxylbawxioitqbyntvi.supabase.co/storage/v1/object/public/meals/onion-green%20chilli%20parantha/paratha%20(pyaaz%20aur%20hari%20mirch%20ka%20parantha/paratha).png,false,191.27,4.37,0,0,0,0,0,100 g,Breakfast,Morning,0
680534f0d035d501d3d0fb12,Not Selected,Egg nog,https://pmxylbawxioitqbyntvi.supabase.co/storage/v1/object/public/meals/egg%20nog.png,false,97.14,4.78,0,0,0,0,0,100 g,Breakfast,Morning,0
680534f0d035d501d3d0fb14,Not Selected,Lassi (salted),https://pmxylbawxioitqbyntvi.supabase.co/storage/v1/object/public/meals/lassi%20(salted).png,false,18.84,1.35,0,0,0,0,0,100 g,Breakfast,Morning,0
680534f0d035d501d3d0fb1e,Not Selected,Vegetarian club sandwich,https://pmxylbawxioitqbyntvi.supabase.co/storage/v1/object/public/meals/vegetarian%20club%20sandwich.png,false,198.33,5.45,0,0,0,0,0,100 g,Breakfast,Morning,0
680534f0d035d501d3d0fb2f,Not Selected,Oatmeal Porridge,https://pmxylbawxioitqbyntvi.supabase.co/storage/v1/object/public/meals/oatmeal%20porridge.png,false,72.85,2.6,0,0,0,0,0,100 g,Breakfast,Morning,0
680534f0d035d501d3d0fb5c,Not Selected,Pea parantha/paratha (Matar ka parantha/paratha),https://pmxylbawxioitqbyntvi.supabase.co/storage/v1/object/public/meals/pea%20parantha/paratha%20(matar%20ka%20parantha/paratha).png,false,190.73,5.59,0,0,0,0,0,100 g,Breakfast,Morning,0
680534f0d035d501d3d0fb61,Not Selected,Spinach poori (Palak poori),https://pmxylbawxioitqbyntvi.supabase.co/storage/v1/object/public/meals/spinach%20poori%20(palak%20poori).png,false,684.25,1.42,0,0,0,0,0,100 g,Breakfast,Morning,0
680534f0d035d501d3d0fb64,Not Selected,Potato stuffed poori (Aloo ki poori),https://pmxylbawxioitqbyntvi.supabase.co/storage/v1/object/public/meals/potato%20stuffed%20poori%20(aloo%20ki%20poori).png,false,776.74,1.52,0,0,0,0,0,100 g,Breakfast,Morning,0
680534f0d035d501d3d0fb68,Not Selected,Mixed vegetable pulao,https://pmxylbawxioitqbyntvi.supabase.co/storage/v1/object/public/meals/mixed%20vegetable%20pulao.png,false,113.05,2.72,0,0,0,0,0,100 g,Breakfast,Morning,0
680534f0d035d501d3d0fb7b,Not Selected,Spaghetti and cheese balls in tomato sauce,https://pmxylbawxioitqbyntvi.supabase.co/storage/v1/object/public/meals/spaghetti%20and%20cheese%20balls%20in%20tomato%20sauce.png,false,508.32,2.41,0,0,0,0,0,100 g,Breakfast,Morning,0
680534f0d035d501d3d0fb82,Not Selected,Idli,https://pmxylbawxioitqbyntvi.supabase.co/storage/v1/object/public/meals/idli.png,false,137.54,4.64,0,0,0,0,0,100 g,Breakfast,Morning,0
680534f0d035d501d3d0fba2,Not Selected,Beans with coconut (Nariyal aur sem/phali; Beans thoran),https://pmxylbawxioitqbyntvi.supabase.co/storage/v1/object/public/meals/beans%20with%20coconut%20(nariyal%20aur%20sem/phali;%20beans%20thoran).png,false,131.63,2.62,0,0,0,0,0,100 g,Breakfast,Morning,0
680534f0d035d501d3d0fbaf,Not Selected,Pea curry (Matar ki sabzi),https://pmxylbawxioitqbyntvi.supabase.co/storage/v1/object/public/meals/pea%20curry%20(matar%20ki%20sabzi).png,false,102.99,4.51,0,0,0,0,0,100 g,Breakfast,Morning,0
680534f0d035d501d3d0fbb8,Not Selected,Raw banana kofta curry (Kela kofta curry),https://pmxylbawxioitqbyntvi.supabase.co/storage/v1/object/public/meals/raw%20banana%20kofta%20curry%20(kela%20kofta%20curry).png,false,627.27,0.62,0,0,0,0,0,100 g,Breakfast,Morning,0
680534f0d035d501d3d0fbcd,Not Selected,Methi malai paneer,https://pmxylbawxioitqbyntvi.supabase.co/storage/v1/object/public/meals/methi%20malai%20paneer.png,false,194.98,7.34,0,0,0,0,0,100 g,Breakfast,Morning,0
680534f0d035d501d3d0fbeb,Not Selected,Russian salad,https://pmxylbawxioitqbyntvi.supabase.co/storage/v1/object/public/meals/russian%20salad.png,false,114.83,4.26,0,0,0,0,0,280 g,Breakfast,Morning,0
680534f0d035d501d3d0fc17,Not Selected,Soft Custard (stirred),https://pmxylbawxioitqbyntvi.supabase.co/storage/v1/object/public/meals/soft%20custard%20(stirred).png,false,109.18,5.01,0,0,0,0,0,100 g,Breakfast,Morning,0
680534f0d035d501d3d0fc19,Not Selected,Mango ice cream,https://pmxylbawxioitqbyntvi.supabase.co/storage/v1/object/public/meals/mango%20ice%20cream.png,false,125.69,3.4,0,0,0,0,0,100 g,Breakfast,Morning,0
680534f0d035d501d3d0fc35,Not Selected,Hot vanilla souffle,https://pmxylbawxioitqbyntvi.supabase.co/storage/v1/object/public/meals/hot%20vanilla%20souffle.png,false,192.93,6.87,0,0,0,0,0,100 g,Breakfast,Morning,0
680534f0d035d501d3d0fc40,Not Selected,Chenna murki,https://pmxylbawxioitqbyntvi.supabase.co/storage/v1/object/public/meals/chenna%20murki.png,false,252.69,10.46,0,0,0,0,0,100 g,Breakfast,Morning,0
680534f0d035d501d3d0fc47,Not Selected,Onion pakora/pakoda (Pyaaz ke pakode),https://pmxylbawxioitqbyntvi.supabase.co/storage/v1/object/public/meals/onion%20pakora/pakoda%20(pyaaz%20ke%20pakode).png,false,674.61,1.9,0,0,0,0,0,100 g,Breakfast,Morning,0
680534f0d035d501d3d0fc5b,Not Selected,Cheese toast,https://pmxylbawxioitqbyntvi.supabase.co/storage/v1/object/public/meals/cheese%20toast.png,false,785.37,1.98,0,0,0,0,0,100 g,Breakfast,Morning,0
680534f0d035d501d3d0fc8f,Not Selected,Sweet plain biscuit,https://pmxylbawxioitqbyntvi.supabase.co/storage/v1/object/public/meals/sweet%20plain%20biscuit.png,false,380.76,5.86,0,0,0,0,0,100 g,Breakfast,Morning,0
680534f0d035d501d3d0fca1,Not Selected,Peanut burfi (Moongfali ki burfi),https://pmxylbawxioitqbyntvi.supabase.co/storage/v1/object/public/meals/peanut%20burfi%20(moongfali%20ki%20burfi).png,false,550.99,9.31,0,0,0,0,0,100 g,Breakfast,Morning,0
680534f0d035d501d3d0fca8,Not Selected,Spinach burfi (Palak burfi),https://pmxylbawxioitqbyntvi.supabase.co/storage/v1/object/public/meals/spinach%20burfi%20(palak%20burfi).png,false,121.17,2.71,0,0,0,0,0,100 g,Breakfast,Morning,0
680534f0d035d501d3d0fcbe,Not Selected,Semolina upma (Suji/Rava upma),https://pmxylbawxioitqbyntvi.supabase.co/storage/v1/object/public/meals/semolina%20upma%20(suji/rava%20upma).png,false,147.89,3.3,0,0,0,0,0,100 g,Breakfast,Morning,0
680534f0d035d501d3d0fcc2,Not Selected,Vegetable upma,https://pmxylbawxioitqbyntvi.supabase.co/storage/v1/object/public/meals/vegetable%20upma.png,false,146.47,4.73,0,0,0,0,0,100 g,Breakfast,Morning,0
680534f0d035d501d3d0fcd9,Not Selected,Cream of broccoli soup,https://pmxylbawxioitqbyntvi.supabase.co/storage/v1/object/public/meals/cream%20of%20broccoli%20soup.png,false,56.14,8.97,0,0,0,0,0,100 g,Breakfast,Morning,0
680534f0d035d501d3d0fcdf,Not Selected,Veg paneer stew,https://pmxylbawxioitqbyntvi.supabase.co/storage/v1/object/public/meals/veg%20paneer%20stew.png,false,145.55,6.98,0,0,0,0,0,100 g,Breakfast,Morning,0
680534f0d035d501d3d0fce9,Not Selected,Cheese and tomato pancake,https://pmxylbawxioitqbyntvi.supabase.co/storage/v1/object/public/meals/cheese%20and%20tomato%20pancake.png,false,147.39,5.15,0,0,0,0,0,100 g,Breakfast,Morning,0
680534f0d035d501d3d0fb13,Not Selected,Sweet Lassi (Meethi lassi),https://pmxylbawxioitqbyntvi.supabase.co/storage/v1/object/public/meals/sweet%20lassi%20(meethi%20lassi).png,false,35.66,1.29,0,0,0,0,0,100 g,Breakfast,Morning,0
680534f0d035d501d3d0fb1a,Not Selected,Chicken sandwich,https://pmxylbawxioitqbyntvi.supabase.co/storage/v1/object/public/meals/chicken%20sandwich.png,false,253.27,13.12,0,0,0,0,0,100 g,Breakfast,Morning,0
680534f0d035d501d3d0fb43,Not Selected,Chicken stock,https://pmxylbawxioitqbyntvi.supabase.co/storage/v1/object/public/meals/chicken%20stock.png,false,29.88,3.69,0,0,0,0,0,100 g,Breakfast,Morning,0
680534f0d035d501d3d0fb51,Not Selected,Hot and sour soup,https://pmxylbawxioitqbyntvi.supabase.co/storage/v1/object/public/meals/hot%20and%20sour%20soup.png,false,31.51,3.12,0,0,0,0,0,100 g,Breakfast,Morning,0
680534f0d035d501d3d0fb52,Not Selected,Talaumein soup,https://pmxylbawxioitqbyntvi.supabase.co/storage/v1/object/public/meals/talaumein%20soup.png,false,35.63,10.12,0,0,0,0,0,100 g,Breakfast,Morning,0
680534f0d035d501d3d0fb7f,Not Selected,Fettuccine with spinach sauce,https://pmxylbawxioitqbyntvi.supabase.co/storage/v1/object/public/meals/fettuccine%20with%20spinach%20sauce.png,false,129.21,3.1,0,0,0,0,0,100 g,Breakfast,Morning,0
680534f0d035d501d3d0fb98,Not Selected,Besan kadhi with pakodies,https://pmxylbawxioitqbyntvi.supabase.co/storage/v1/object/public/meals/besan%20kadhi%20with%20pakodies.png,false,403.35,1.64,0,0,0,0,0,100 g,Breakfast,Morning,0
680534f0d035d501d3d0fb9a,Not Selected,Sprouted moong dal chat,https://pmxylbawxioitqbyntvi.supabase.co/storage/v1/object/public/meals/sprouted%20moong%20dal%20chat.png,false,32.47,1.35,0,0,0,0,0,100 g,Breakfast,Morning,0
680534f0d035d501d3d0fbaa,Not Selected,Stuffed brinjal (Bharwa baingan),https://pmxylbawxioitqbyntvi.supabase.co/storage/v1/object/public/meals/stuffed%20brinjal%20(bharwa%20baingan).png,false,93,1.53,0,0,0,0,0,100 g,Breakfast,Morning,0
680534f0d035d501d3d0fbab,Not Selected,Stuffed tomatoes (Bharwa tamatar),https://pmxylbawxioitqbyntvi.supabase.co/storage/v1/object/public/meals/stuffed%20tomatoes%20(bharwa%20tamatar).png,false,93.35,3.28,0,0,0,0,0,100 g,Breakfast,Morning,0
680534f0d035d501d3d0fbb6,Not Selected,Paneer kofta curry,https://pmxylbawxioitqbyntvi.supabase.co/storage/v1/object/public/meals/paneer%20kofta%20curry.png,false,670.91,2.39,0,0,0,0,0,100 g,Breakfast,Morning,0
680534f0d035d501d3d0fbb7,Not Selected,Lotus stem kofta curry (Kamal kakdi kofta curry),https://pmxylbawxioitqbyntvi.supabase.co/storage/v1/object/public/meals/lotus%20stem%20kofta%20curry%20(kamal%20kakdi%20kofta%20curry).png,false,633.56,0.96,0,0,0,0,0,100 g,Breakfast,Morning,0
680534f0d035d501d3d0fbb9,Not Selected,Cauliflower kofta curry (Phoolgobhi kofta curry),https://pmxylbawxioitqbyntvi.supabase.co/storage/v1/object/public/meals/cauliflower%20kofta%20curry%20(phoolgobhi%20kofta%20curry).png,false,641.1,1.04,0,0,0,0,0,100 g,Breakfast,Morning,0
680534f0d035d501d3d0fbd1,Not Selected,Roghan josh,https://pmxylbawxioitqbyntvi.supabase.co/storage/v1/object/public/meals/roghan%20josh.png,false,139.59,9.56,0,0,0,0,0,100 g,Breakfast,Morning,0
680534f0d035d501d3d0fbd8,Not Selected,Mutton do piaza,https://pmxylbawxioitqbyntvi.supabase.co/storage/v1/object/public/meals/mutton%20do%20piaza.png,false,183.3,9.39,0,0,0,0,0,100 g,Breakfast,Morning,0
680534f0d035d501d3d0fbe7,Not Selected,Baked fish with cheese sauce,https://pmxylbawxioitqbyntvi.supabase.co/storage/v1/object/public/meals/baked%20fish%20with%20cheese%20sauce.png,false,113.96,8.64,0,0,0,0,0,100 g,Breakfast,Morning,0
680534f0d035d501d3d0fbee,Not Selected,Hawain salad,https://pmxylbawxioitqbyntvi.supabase.co/storage/v1/object/public/meals/hawain%20salad.png,false,175.23,4.27,0,0,0,0,0,280 g,Breakfast,Morning,0
680534f0d035d501d3d0fbf4,Not Selected,Waldroff salad,https://pmxylbawxioitqbyntvi.supabase.co/storage/v1/object/public/meals/waldroff%20salad.png,false,141.75,1.47,0,0,0,0,0,280 g,Breakfast,Morning,0
680534f0d035d501d3d0fbf7,Not Selected,Tomato onion raita (Tamatar aur pyaaz ka raita),https://pmxylbawxioitqbyntvi.supabase.co/storage/v1/object/public/meals/tomato%20onion%20raita%20(tamatar%20aur%20pyaaz%20ka%20raita).png,false,59,3.74,0,0,0,0,0,100 g,Breakfast,Morning,0
680534f0d035d501d3d0fc0d,Not Selected,Phirni,https://pmxylbawxioitqbyntvi.supabase.co/storage/v1/object/public/meals/phirni.png,false,116.12,3.49,0,0,0,0,0,100 g,Breakfast,Morning,0
680534f0d035d501d3d0fc1f,Not Selected,Chocolate souffle,https://pmxylbawxioitqbyntvi.supabase.co/storage/v1/object/public/meals/chocolate%20souffle.png,false,189.32,7.88,0,0,0,0,0,100 g,Breakfast,Morning,0
680534f0d035d501d3d0fc25,Not Selected,Charlotte rousse,https://pmxylbawxioitqbyntvi.supabase.co/storage/v1/object/public/meals/charlotte%20rousse.png,false,188.29,3.95,0,0,0,0,0,100 g,Breakfast,Morning,0
680534f0d035d501d3d0fc43,Not Selected,Gulab Jamun with khoya,https://pmxylbawxioitqbyntvi.supabase.co/storage/v1/object/public/meals/gulab%20jamun%20with%20khoya.png,false,586.06,2.03,0,0,0,0,0,100 g,Breakfast,Morning,0
680534f0d035d501d3d0fc5f,Not Selected,Masala vada,https://pmxylbawxioitqbyntvi.supabase.co/storage/v1/object/public/meals/masala%20vada.png,false,826.02,1.69,0,0,0,0,0,100 g,Breakfast,Morning,0
680534f0d035d501d3d0fc70,Not Selected,Minced meat pie,https://pmxylbawxioitqbyntvi.supabase.co/storage/v1/object/public/meals/minced%20meat%20pie.png,false,221.55,7.38,0,0,0,0,0,100 g,Breakfast,Morning,0
680534f0d035d501d3d0fc7b,Not Selected,Hot fish souffle,https://pmxylbawxioitqbyntvi.supabase.co/storage/v1/object/public/meals/hot%20fish%20souffle.png,false,142.92,11.23,0,0,0,0,0,100 g,Breakfast,Morning,0
680534f0d035d501d3d0fc80,Not Selected,Chocolate cake,https://pmxylbawxioitqbyntvi.supabase.co/storage/v1/object/public/meals/chocolate%20cake.png,false,335.61,6.01,0,0,0,0,0,100 g,Breakfast,Morning,0
680534f0d035d501d3d0fc8e,Not Selected,Chocolate chip cookies,https://pmxylbawxioitqbyntvi.supabase.co/storage/v1/object/public/meals/chocolate%20chip%20cookies.png,false,425.29,5.79,0,0,0,0,0,100 g,Breakfast,Morning,0
680534f0d035d501d3d0fc93,Not Selected,Peanut biscuit,https://pmxylbawxioitqbyntvi.supabase.co/storage/v1/object/public/meals/peanut%20biscuit.png,false,401.05,8.45,0,0,0,0,0,100 g,Breakfast,Morning,0
680534f0d035d501d3d0fcb5,Not Selected,Banana milkshake with ice cream (Kele ka milkshake ice cream ke saath),https://pmxylbawxioitqbyntvi.supabase.co/storage/v1/object/public/meals/banana%20milkshake%20with%20ice%20cream%20(kele%20ka%20milkshake%20ice%20cream%20ke%20saath).png,false,76.45,2.01,0,0,0,0,0,100 g,Breakfast,Morning,0
680534f0d035d501d3d0fcb8,Not Selected,Gingo,https://pmxylbawxioitqbyntvi.supabase.co/storage/v1/object/public/meals/gingo.png,false,48.02,0.14,0,0,0,0,0,100 g,Breakfast,Morning,0
680534f0d035d501d3d0fcc6,Not Selected,Paneer stuffed cheela/chilla,https://pmxylbawxioitqbyntvi.supabase.co/storage/v1/object/public/meals/paneer%20stuffed%20cheela/chilla.png,false,205.19,11.44,0,0,0,0,0,100 g,Breakfast,Morning,0
680534f0d035d501d3d0fccf,Not Selected,White stock,https://pmxylbawxioitqbyntvi.supabase.co/storage/v1/object/public/meals/white%20stock.png,false,6.99,0.07,0,0,0,0,0,100 g,Breakfast,Morning,0
680534f0d035d501d3d0fcec,Not Selected,Kashmiri 'tahar',https://pmxylbawxioitqbyntvi.supabase.co/storage/v1/object/public/meals/kashmiri%20'tahar'.png,false,98.21,1.95,0,0,0,0,0,100 g,Breakfast,Morning,0
680534f0d035d501d3d0fcef,Not Selected,Split bengal gram dal and vegetable pulao (Channa dal and vegetable pulao),https://pmxylbawxioitqbyntvi.supabase.co/storage/v1/object/public/meals/split%20bengal%20gram%20dal%20and%20vegetable%20pulao%20(channa%20dal%20and%20vegetable%20pulao).png,false,116.53,3.6,0,0,0,0,0,100 g,Breakfast,Morning,0
680534f0d035d501d3d0fb00,Not Selected,Hot tea (Garam Chai),https://pmxylbawxioitqbyntvi.supabase.co/storage/v1/object/public/meals/hot%20tea%20(garam%20chai).png,false,16.14,0.39,0,0,0,0,0,200 ml,Breakfast,Morning,0
680534f0d035d501d3d0fb01,Not Selected,Instant coffee,https://pmxylbawxioitqbyntvi.supabase.co/storage/v1/object/public/meals/instant%20coffee.png,false,23.16,0.64,0,0,0,0,0,200 ml,Breakfast,Morning,0
680534f0d035d501d3d0fb03,Not Selected,Iced tea,https://pmxylbawxioitqbyntvi.supabase.co/storage/v1/object/public/meals/iced%20tea.png,false,10.34,0.03,0,0,0,0,0,200 ml,Breakfast,Morning,0
680534f0d035d501d3d0fb0d,Not Selected,Cold coffee with ice cream,https://pmxylbawxioitqbyntvi.supabase.co/storage/v1/object/public/meals/cold%20coffee%20with%20ice%20cream.png,false,67.85,1.57,0,0,0,0,0,200 ml,Breakfast,Morning,0
680534f0d035d501d3d0fb31,Not Selected,Rice flakes (Chiwda/Aval),https://pmxylbawxioitqbyntvi.supabase.co/storage/v1/object/public/meals/rice%20flakes%20(chiwda/aval).png,false,112.44,3.62,0,0,0,0,0,100 g,Breakfast,Morning,0
680534f0d035d501d3d0fb39,Not Selected,Baked egg,https://pmxylbawxioitqbyntvi.supabase.co/storage/v1/object/public/meals/baked%20egg.png,false,218.85,11.88,0,0,0,0,0,100 g,Breakfast,Morning,0
680534f0d035d501d3d0fb4f,Not Selected,Chinese cabbage and meat ball soup,https://pmxylbawxioitqbyntvi.supabase.co/storage/v1/object/public/meals/chinese%20cabbage%20and%20meat%20ball%20soup.png,false,484.31,5.21,0,0,0,0,0,100 g,Breakfast,Morning,0
680534f0d035d501d3d0fb5e,Not Selected,Paneer parantha/paratha,https://pmxylbawxioitqbyntvi.supabase.co/storage/v1/object/public/meals/paneer%20parantha/paratha.png,false,262.97,7.98,0,0,0,0,0,100 g,Breakfast,Morning,0
680534f0d035d501d3d0fb6c,Not Selected,Peanut pulao,https://pmxylbawxioitqbyntvi.supabase.co/storage/v1/object/public/meals/peanut%20pulao.png,false,193.28,5.32,0,0,0,0,0,100 g,Breakfast,Morning,0
680534f0d035d501d3d0fb75,Not Selected,Spanish rice,https://pmxylbawxioitqbyntvi.supabase.co/storage/v1/object/public/meals/spanish%20rice.png,false,164.24,4.19,0,0,0,0,0,100 g,Breakfast,Morning,0
680534f0d035d501d3d0fb84,Not Selected,Semolina dosa (Suji/Rava dosa),https://pmxylbawxioitqbyntvi.supabase.co/storage/v1/object/public/meals/semolina%20dosa%20(suji/rava%20dosa).png,false,227.05,7.3,0,0,0,0,0,100 g,Breakfast,Morning,0
680534f0d035d501d3d0fb94,Not Selected,Lobia curry,https://pmxylbawxioitqbyntvi.supabase.co/storage/v1/object/public/meals/lobia%20curry.png,false,148.99,6.06,0,0,0,0,0,100 g,Breakfast,Morning,0
680534f0d035d501d3d0fba8,Not Selected,Stuffed round gourd (Bharwa tinde),https://pmxylbawxioitqbyntvi.supabase.co/storage/v1/object/public/meals/stuffed%20round%20gourd%20(bharwa%20tinde).png,false,72.8,1.1,0,0,0,0,0,100 g,Breakfast,Morning,0
680534f0d035d501d3d0fbc7,Not Selected,Sarson ka saag,https://pmxylbawxioitqbyntvi.supabase.co/storage/v1/object/public/meals/sarson%20ka%20saag.png,false,87.84,3,0,0,0,0,0,100 g,Breakfast,Morning,0
680534f0d035d501d3d0fbc8,Not Selected,Jackfruit sabzi (Kathal ki sabzi),https://pmxylbawxioitqbyntvi.supabase.co/storage/v1/object/public/meals/jackfruit%20sabzi%20(kathal%20ki%20sabzi).png,false,625.4,0.69,0,0,0,0,0,100 g,Breakfast,Morning,0
680534f0d035d501d3d0fbcf,Not Selected,Paneer makhana korma,https://pmxylbawxioitqbyntvi.supabase.co/storage/v1/object/public/meals/paneer%20makhana%20korma.png,false,775.82,3.24,0,0,0,0,0,100 g,Breakfast,Morning,0
680534f0d035d501d3d0fbd3,Not Selected,Pea keema curry (Matar keema ki sabzi),https://pmxylbawxioitqbyntvi.supabase.co/storage/v1/object/public/meals/pea%20keema%20curry%20(matar%20keema%20ki%20sabzi).png,false,133,8.43,0,0,0,0,0,100 g,Breakfast,Morning,0
680534f0d035d501d3d0fbde,Not Selected,Tandoori chicken,https://pmxylbawxioitqbyntvi.supabase.co/storage/v1/object/public/meals/tandoori%20chicken.png,false,145.2,16.26,0,0,0,0,0,100 g,Breakfast,Morning,0
680534f0d035d501d3d0fbe4,Not Selected,Fried fish (Indian style) (Tali hui machli),https://pmxylbawxioitqbyntvi.supabase.co/storage/v1/object/public/meals/fried%20fish%20(indian%20style)%20(tali%20hui%20machli).png,false,658.54,4.35,0,0,0,0,0,100 g,Breakfast,Morning,0
680534f0d035d501d3d0fbf5,Not Selected,Coleslaw,https://pmxylbawxioitqbyntvi.supabase.co/storage/v1/object/public/meals/coleslaw.png,false,76.71,1.24,0,0,0,0,0,100 g,Breakfast,Morning,0
680534f0d035d501d3d0fbf9,Not Selected,Sprouted moong raita,https://pmxylbawxioitqbyntvi.supabase.co/storage/v1/object/public/meals/sprouted%20moong%20raita.png,false,60.89,4.62,0,0,0,0,0,100 g,Breakfast,Morning,0
680534f0d035d501d3d0fc3b,Not Selected,Gram flour burfi (Besan burfi),https://pmxylbawxioitqbyntvi.supabase.co/storage/v1/object/public/meals/gram%20flour%20burfi%20(besan%20burfi).png,false,421.79,11.19,0,0,0,0,0,100 g,Breakfast,Morning,0
680534f0d035d501d3d0fc4b,Not Selected,Methi pakora/pakoda (Methi ke pakode),https://pmxylbawxioitqbyntvi.supabase.co/storage/v1/object/public/meals/methi%20pakora/pakoda%20(methi%20ke%20pakode).png,false,713.25,2.06,0,0,0,0,0,100 g,Breakfast,Morning,0
680534f0d035d501d3d0fc56,Not Selected,Flattened rice cutlet (Chirwa cutlet/Chivda cutlet/Poha cutlet),https://pmxylbawxioitqbyntvi.supabase.co/storage/v1/object/public/meals/flattened%20rice%20cutlet%20(chirwa%20cutlet/chivda%20cutlet/poha%20cutlet).png,false,701.71,1.76,0,0,0,0,0,100 g,Breakfast,Morning,0
680534f0d035d501d3d0fc89,Not Selected,Pineapple pastry,https://pmxylbawxioitqbyntvi.supabase.co/storage/v1/object/public/meals/pineapple%20pastry.png,false,208.21,6.06,0,0,0,0,0,100 g,Breakfast,Morning,0
680534f0d035d501d3d0fc8b,Not Selected,Coconut finger,https://pmxylbawxioitqbyntvi.supabase.co/storage/v1/object/public/meals/coconut%20finger.png,false,274.86,7.09,0,0,0,0,0,100 g,Breakfast,Morning,0
680534f0d035d501d3d0fc9d,Not Selected,Ginger biscuit (Adarak ke biscuit),https://pmxylbawxioitqbyntvi.supabase.co/storage/v1/object/public/meals/ginger%20biscuit%20(adarak%20ke%20biscuit).png,false,417.91,5.98,0,0,0,0,0,100 g,Breakfast,Morning,0
680534f0d035d501d3d0fcab,Not Selected,Sprouted moong poha,https://pmxylbawxioitqbyntvi.supabase.co/storage/v1/object/public/meals/sprouted%20moong%20poha.png,false,192.6,5.59,0,0,0,0,0,100 g,Breakfast,Morning,0
680534f0d035d501d3d0fcaf,Not Selected,Semolina carrot vada (Suji gajar vada),https://pmxylbawxioitqbyntvi.supabase.co/storage/v1/object/public/meals/semolina%20carrot%20vada%20(suji%20gajar%20vada).png,false,699.53,1.56,0,0,0,0,0,100 g,Breakfast,Morning,0
680534f0d035d501d3d0fcb2,Not Selected,Steeped hot coffee,https://pmxylbawxioitqbyntvi.supabase.co/storage/v1/object/public/meals/steeped%20hot%20coffee.png,false,15.91,0.39,0,0,0,0,0,200 ml,Breakfast,Morning,0
680534f0d035d501d3d0fcb6,Not Selected,Flavoured milkshake,https://pmxylbawxioitqbyntvi.supabase.co/storage/v1/object/public/meals/flavoured%20milkshake.png,false,66.78,2.06,0,0,0,0,0,100 g,Breakfast,Morning,0
680534f0d035d501d3d0fcbb,Not Selected,Cauliflower canjee (Phoolgobhi ki canjee),https://pmxylbawxioitqbyntvi.supabase.co/storage/v1/object/public/meals/cauliflower%20canjee%20(phoolgobhi%20ki%20canjee).png,false,6.9,0.39,0,0,0,0,0,100 g,Breakfast,Morning,0
680534f0d035d501d3d0fcc7,Not Selected,Indian style egg bhujia (Anda bhujia (Indian style)),https://pmxylbawxioitqbyntvi.supabase.co/storage/v1/object/public/meals/indian%20style%20egg%20bhujia%20(anda%20bhujia%20(indian%20style)).png,false,102.83,6.1,0,0,0,0,0,100 g,Breakfast,Morning,0
680534f0d035d501d3d0fb35,Not Selected,Boiled egg (Ubla anda),https://pmxylbawxioitqbyntvi.supabase.co/storage/v1/object/public/meals/boiled%20egg%20(ubla%20anda).png,false,45.35,4.43,0,0,0,0,0,100 g,Breakfast,Morning,0
680534f0d035d501d3d0fb4e,Not Selected,Egg drop soup,https://pmxylbawxioitqbyntvi.supabase.co/storage/v1/object/public/meals/egg%20drop%20soup.png,false,26.64,12.93,0,0,0,0,0,100 g,Breakfast,Morning,0
680534f0d035d501d3d0fb55,Not Selected,Chapati/Roti,https://pmxylbawxioitqbyntvi.supabase.co/storage/v1/object/public/meals/chapati/roti.png,false,202.31,5.88,0,0,0,0,0,100 g,Breakfast,Morning,0
680534f0d035d501d3d0fb57,Not Selected,Potato parantha/paratha (Aloo ka parantha/paratha),https://pmxylbawxioitqbyntvi.supabase.co/storage/v1/object/public/meals/potato%20parantha/paratha%20(aloo%20ka%20parantha/paratha).png,false,205.04,3.7,0,0,0,0,0,100 g,Breakfast,Morning,0
680534f0d035d501d3d0fb67,Not Selected,Plain pulao,https://pmxylbawxioitqbyntvi.supabase.co/storage/v1/object/public/meals/plain%20pulao.png,false,140.21,2.34,0,0,0,0,0,100 g,Breakfast,Morning,0
680534f0d035d501d3d0fb6b,Not Selected,Paneer pulao,https://pmxylbawxioitqbyntvi.supabase.co/storage/v1/object/public/meals/paneer%20pulao.png,false,581.91,1.98,0,0,0,0,0,100 g,Breakfast,Morning,0
680534f0d035d501d3d0fbc1,Not Selected,Baked potato with skin,https://pmxylbawxioitqbyntvi.supabase.co/storage/v1/object/public/meals/baked%20potato%20with%20skin.png,false,135.77,3.43,0,0,0,0,0,100 g,Breakfast,Morning,0
680534f0d035d501d3d0fbdb,Not Selected,Scotch egg,https://pmxylbawxioitqbyntvi.supabase.co/storage/v1/object/public/meals/scotch%20egg.png,false,676.89,4.05,0,0,0,0,0,100 g,Breakfast,Morning,0
680534f0d035d501d3d0fbdc,Not Selected,Shepherd's pie (with minced meat),https://pmxylbawxioitqbyntvi.supabase.co/storage/v1/object/public/meals/shepherd's%20pie%20(with%20minced%20meat).png,false,142.78,7.45,0,0,0,0,0,100 g,Breakfast,Morning,0
680534f0d035d501d3d0fbe2,Not Selected,Fried chicken with tomato sauce (Fried chicken tamatar ki chutney kay saath),https://pmxylbawxioitqbyntvi.supabase.co/storage/v1/object/public/meals/fried%20chicken%20with%20tomato%20sauce%20(fried%20chicken%20tamatar%20ki%20chutney%20kay%20saath).png,false,125.03,11.48,0,0,0,0,0,100 g,Breakfast,Morning,0
680534f0d035d501d3d0fbe5,Not Selected,Fried fish and Chips (English Style) (Tali hui machli aur chips),https://pmxylbawxioitqbyntvi.supabase.co/storage/v1/object/public/meals/fried%20fish%20and%20chips%20(english%20style)%20(tali%20hui%20machli%20aur%20chips).png,false,651.75,3.36,0,0,0,0,0,100 g,Breakfast,Morning,0
680534f0d035d501d3d0fbf0,Not Selected,Sprouted moong salad,https://pmxylbawxioitqbyntvi.supabase.co/storage/v1/object/public/meals/sprouted%20moong%20salad.png,false,37.81,2.29,0,0,0,0,0,280 g,Breakfast,Morning,0
680534f0d035d501d3d0fc03,Not Selected,Saunth/Sonth chutney with tamarind/imli,https://pmxylbawxioitqbyntvi.supabase.co/storage/v1/object/public/meals/saunth/sonth%20chutney%20with%20tamarind/imli.png,false,141.53,1.01,0,0,0,0,0,100 g,Breakfast,Morning,0
680534f0d035d501d3d0fc16,Not Selected,Baked custard,https://pmxylbawxioitqbyntvi.supabase.co/storage/v1/object/public/meals/baked%20custard.png,false,106.53,5.41,0,0,0,0,0,100 g,Breakfast,Morning,0
680534f0d035d501d3d0fc39,Not Selected,Chocolate burfi,https://pmxylbawxioitqbyntvi.supabase.co/storage/v1/object/public/meals/chocolate%20burfi.png,false,339.33,13,0,0,0,0,0,100 g,Breakfast,Morning,0
680534f0d035d501d3d0fc41,Not Selected,Milk cake,https://pmxylbawxioitqbyntvi.supabase.co/storage/v1/object/public/meals/milk%20cake.png,false,127.41,3.01,0,0,0,0,0,100 g,Breakfast,Morning,0
680534f0d035d501d3d0fc45,Not Selected,Shahi tukre,https://pmxylbawxioitqbyntvi.supabase.co/storage/v1/object/public/meals/shahi%20tukre.png,false,189.81,2.76,0,0,0,0,0,100 g,Breakfast,Morning,0
680534f0d035d501d3d0fc59,Not Selected,Paneer potato cutlet (Paneer aloo cutlet),https://pmxylbawxioitqbyntvi.supabase.co/storage/v1/object/public/meals/paneer%20potato%20cutlet%20(paneer%20aloo%20cutlet).png,false,672.94,2.47,0,0,0,0,0,100 g,Breakfast,Morning,0
680534f0d035d501d3d0fc77,Not Selected,Minced meat patties,https://pmxylbawxioitqbyntvi.supabase.co/storage/v1/object/public/meals/minced%20meat%20patties.png,false,265.72,6.88,0,0,0,0,0,100 g,Breakfast,Morning,0
680534f0d035d501d3d0fc83,Not Selected,Banana cake (Kele ka cake),https://pmxylbawxioitqbyntvi.supabase.co/storage/v1/object/public/meals/banana%20cake%20(kele%20ka%20cake).png,false,389.51,5.77,0,0,0,0,0,100 g,Breakfast,Morning,0
680534f0d035d501d3d0fc90,Not Selected,Chocolate biscuit,https://pmxylbawxioitqbyntvi.supabase.co/storage/v1/object/public/meals/chocolate%20biscuit.png,false,379.76,5.88,0,0,0,0,0,100 g,Breakfast,Morning,0
680534f0d035d501d3d0fc91,Not Selected,Coconut biscuit (Nariyal ke biscuit),https://pmxylbawxioitqbyntvi.supabase.co/storage/v1/object/public/meals/coconut%20biscuit%20(nariyal%20ke%20biscuit).png,false,434.98,5.78,0,0,0,0,0,100 g,Breakfast,Morning,0
680534f0d035d501d3d0fc97,Not Selected,Ice box cookies,https://pmxylbawxioitqbyntvi.supabase.co/storage/v1/object/public/meals/ice%20box%20cookies.png,false,374.24,5.7,0,0,0,0,0,100 g,Breakfast,Morning,0
680534f0d035d501d3d0fc99,Not Selected,Danish cookies,https://pmxylbawxioitqbyntvi.supabase.co/storage/v1/object/public/meals/danish%20cookies.png,false,475.33,5.33,0,0,0,0,0,100 g,Breakfast,Morning,0
680534f0d035d501d3d0fca6,Not Selected,Sweet poori (Meethi poori),https://pmxylbawxioitqbyntvi.supabase.co/storage/v1/object/public/meals/sweet%20poori%20(meethi%20poori).png,false,782.75,2.12,0,0,0,0,0,100 g,Breakfast,Morning,0
680534f0d035d501d3d0fcbd,Not Selected,Vermicelli porridge (Semiya/Seviyan porridge),https://pmxylbawxioitqbyntvi.supabase.co/storage/v1/object/public/meals/vermicelli%20porridge%20(semiya/seviyan%20porridge).png,false,78.4,2.5,0,0,0,0,0,100 g,Breakfast,Morning,0
680534f0d035d501d3d0fb21,Not Selected,Salami sandwich,https://pmxylbawxioitqbyntvi.supabase.co/storage/v1/object/public/meals/salami%20sandwich.png,false,255.59,8.7,0,0,0,0,0,100 g,Breakfast,Morning,0
680534f0d035d501d3d0fb25,Not Selected,Mushroom and cheese sandwich (toasted),https://pmxylbawxioitqbyntvi.supabase.co/storage/v1/object/public/meals/mushroom%20and%20cheese%20sandwich%20(toasted).png,false,227.42,7.79,0,0,0,0,0,100 g,Breakfast,Morning,0
680534f0d035d501d3d0fb28,Not Selected,Paneer pea sandwich (toasted) (Paneer matar ka sandwich),https://pmxylbawxioitqbyntvi.supabase.co/storage/v1/object/public/meals/paneer%20pea%20sandwich%20(toasted)%20(paneer%20matar%20ka%20sandwich).png,false,249.56,12.4,0,0,0,0,0,100 g,Breakfast,Morning,0
680534f0d035d501d3d0fb29,Not Selected,Chicken sandwich (toasted),https://pmxylbawxioitqbyntvi.supabase.co/storage/v1/object/public/meals/chicken%20sandwich%20(toasted).png,false,167.37,12.08,0,0,0,0,0,100 g,Breakfast,Morning,0
680534f0d035d501d3d0fb2a,Not Selected,Pea keema sandwich (toasted) (Matar aur keema ka sandwich),https://pmxylbawxioitqbyntvi.supabase.co/storage/v1/object/public/meals/pea%20keema%20sandwich%20(toasted)%20(matar%20aur%20keema%20ka%20sandwich).png,false,171.78,11.06,0,0,0,0,0,100 g,Breakfast,Morning,0
680534f0d035d501d3d0fb37,Not Selected,Poached egg,https://pmxylbawxioitqbyntvi.supabase.co/storage/v1/object/public/meals/poached%20egg.png,false,123.87,11.98,0,0,0,0,0,100 g,Breakfast,Morning,0
680534f0d035d501d3d0fb50,Not Selected,French onion soup,https://pmxylbawxioitqbyntvi.supabase.co/storage/v1/object/public/meals/french%20onion%20soup.png,false,55.61,11.41,0,0,0,0,0,100 g,Breakfast,Morning,0
680534f0d035d501d3d0fb74,Not Selected,Tamarind rice (Chintapandu pulihora/Puliyodharai/Puli sadam/Huli anna),https://pmxylbawxioitqbyntvi.supabase.co/storage/v1/object/public/meals/tamarind%20rice%20(chintapandu%20pulihora/puliyodharai/puli%20sadam/huli%20anna).png,false,373.04,7.45,0,0,0,0,0,100 g,Breakfast,Morning,0
680534f0d035d501d3d0fb86,Not Selected,Paneer kaathi roll,https://pmxylbawxioitqbyntvi.supabase.co/storage/v1/object/public/meals/paneer%20kaathi%20roll.png,false,285.94,6.92,0,0,0,0,0,100 g,Breakfast,Morning,0
680534f0d035d501d3d0fb8b,Not Selected,Dry washed urad,https://pmxylbawxioitqbyntvi.supabase.co/storage/v1/object/public/meals/dry%20washed%20urad.png,false,124.71,6.85,0,0,0,0,0,100 g,Breakfast,Morning,0
680534f0d035d501d3d0fb97,Not Selected,Sambar,https://pmxylbawxioitqbyntvi.supabase.co/storage/v1/object/public/meals/sambar.png,false,96.92,3.35,0,0,0,0,0,100 g,Breakfast,Morning,0
680534f0d035d501d3d0fb9d,Not Selected,Cabbage and peas (Pattagobhi aur matar),https://pmxylbawxioitqbyntvi.supabase.co/storage/v1/object/public/meals/cabbage%20and%20peas%20(pattagobhi%20aur%20matar).png,false,63.88,3.24,0,0,0,0,0,100 g,Breakfast,Morning,0
680534f0d035d501d3d0fba6,Not Selected,Raw papaya with coconut (Papaya thoran),https://pmxylbawxioitqbyntvi.supabase.co/storage/v1/object/public/meals/raw%20papaya%20with%20coconut%20(papaya%20thoran).png,false,132.75,1.54,0,0,0,0,0,100 g,Breakfast,Morning,0
680534f0d035d501d3d0fbc6,Not Selected,Methi chaman,https://pmxylbawxioitqbyntvi.supabase.co/storage/v1/object/public/meals/methi%20chaman.png,false,475.62,1.54,0,0,0,0,0,100 g,Breakfast,Morning,0
680534f0d035d501d3d0fbd0,Not Selected,Kadhai Paneer,https://pmxylbawxioitqbyntvi.supabase.co/storage/v1/object/public/meals/kadhai%20paneer.png,false,107.99,4.33,0,0,0,0,0,100 g,Breakfast,Morning,0
680534f0d035d501d3d0fbd4,Not Selected,Keema kofta curry,https://pmxylbawxioitqbyntvi.supabase.co/storage/v1/object/public/meals/keema%20kofta%20curry.png,false,154.45,9.77,0,0,0,0,0,100 g,Breakfast,Morning,0
680534f0d035d501d3d0fbd5,Not Selected,Kashmiri mutton koftas (Gushtaba),https://pmxylbawxioitqbyntvi.supabase.co/storage/v1/object/public/meals/kashmiri%20mutton%20koftas%20(gushtaba).png,false,97.42,6.33,0,0,0,0,0,100 g,Breakfast,Morning,0
680534f0d035d501d3d0fbf6,Not Selected,Fruit salad (Phalon ka salaad),https://pmxylbawxioitqbyntvi.supabase.co/storage/v1/object/public/meals/fruit%20salad%20(phalon%20ka%20salaad).png,false,78.14,0.91,0,0,0,0,0,280 g,Breakfast,Morning,0
680534f0d035d501d3d0fc0e,Not Selected,Semolina halwa (Suji ka halwa),https://pmxylbawxioitqbyntvi.supabase.co/storage/v1/object/public/meals/semolina%20halwa%20(suji%20ka%20halwa).png,false,225.65,2.16,0,0,0,0,0,100 g,Breakfast,Morning,0
680534f0d035d501d3d0fc18,Not Selected,Chocolate ice cream,https://pmxylbawxioitqbyntvi.supabase.co/storage/v1/object/public/meals/chocolate%20ice%20cream.png,false,177.7,4.47,0,0,0,0,0,100 g,Breakfast,Morning,0
680534f0d035d501d3d0fc1c,Not Selected,Lemon souffle,https://pmxylbawxioitqbyntvi.supabase.co/storage/v1/object/public/meals/lemon%20souffle.png,false,168.51,6.95,0,0,0,0,0,100 g,Breakfast,Morning,0
680534f0d035d501d3d0fc1e,Not Selected,Vanilla souffle,https://pmxylbawxioitqbyntvi.supabase.co/storage/v1/object/public/meals/vanilla%20souffle.png,false,187.85,7.71,0,0,0,0,0,100 g,Breakfast,Morning,0
680534f0d035d501d3d0fc48,Not Selected,Cauliflower pakora/pakoda (Phoolgobhi ke pakode),https://pmxylbawxioitqbyntvi.supabase.co/storage/v1/object/public/meals/cauliflower%20pakora/pakoda%20(phoolgobhi%20ke%20pakode).png,false,671.63,1.98,0,0,0,0,0,100 g,Breakfast,Morning,0
680534f0d035d501d3d0fc4d,Not Selected,Bread pakora/pakoda,https://pmxylbawxioitqbyntvi.supabase.co/storage/v1/object/public/meals/bread%20pakora/pakoda.png,false,710.99,2.57,0,0,0,0,0,100 g,Breakfast,Morning,0
680534f0d035d501d3d0fc50,Not Selected,Potato samosa (Aloo ka samosa),https://pmxylbawxioitqbyntvi.supabase.co/storage/v1/object/public/meals/potato%20samosa%20(aloo%20ka%20samosa).png,false,577.39,1.71,0,0,0,0,0,100 g,Breakfast,Morning,0
680534f0d035d501d3d0fc52,Not Selected,Paneer and pea samosa (Paneer matar ka samosa),https://pmxylbawxioitqbyntvi.supabase.co/storage/v1/object/public/meals/paneer%20and%20pea%20samosa%20(paneer%20matar%20ka%20samosa).png,false,623.81,4.02,0,0,0,0,0,100 g,Breakfast,Morning,0
680534f0d035d501d3d0fc53,Not Selected,Mathri,https://pmxylbawxioitqbyntvi.supabase.co/storage/v1/object/public/meals/mathri.png,false,805.12,1.75,0,0,0,0,0,100 g,Breakfast,Morning,0
680534f0d035d501d3d0fc5d,Not Selected,Cheese pizza,https://pmxylbawxioitqbyntvi.supabase.co/storage/v1/object/public/meals/cheese%20pizza.png,false,249.5,5.79,0,0,0,0,0,100 g,Breakfast,Morning,0
680534f0d035d501d3d0fc63,Not Selected,Peanut brittle (Moongfali ki chikki),https://pmxylbawxioitqbyntvi.supabase.co/storage/v1/object/public/meals/peanut%20brittle%20(moongfali%20ki%20chikki).png,false,320.46,6.94,0,0,0,0,0,100 g,Breakfast,Morning,0
680534f0d035d501d3d0fc6a,Not Selected,Lemon tart,https://pmxylbawxioitqbyntvi.supabase.co/storage/v1/object/public/meals/lemon%20tart.png,false,303.35,6.12,0,0,0,0,0,100 g,Breakfast,Morning,0
680534f0d035d501d3d0fc76,Not Selected,Cheese balls,https://pmxylbawxioitqbyntvi.supabase.co/storage/v1/object/public/meals/cheese%20balls.png,false,681.28,2.21,0,0,0,0,0,100 g,Breakfast,Morning,0
680534f0d035d501d3d0fc85,Not Selected,Christmas cake,https://pmxylbawxioitqbyntvi.supabase.co/storage/v1/object/public/meals/christmas%20cake.png,false,372.95,5.49,0,0,0,0,0,100 g,Breakfast,Morning,0
680534f0d035d501d3d0fcb4,Not Selected,Cold coffee (with cream),https://pmxylbawxioitqbyntvi.supabase.co/storage/v1/object/public/meals/cold%20coffee%20(with%20cream).png,false,82.76,1.93,0,0,0,0,0,200 ml,Breakfast,Morning,0
680534f0d035d501d3d0fcb9,Not Selected,Mintade,https://pmxylbawxioitqbyntvi.supabase.co/storage/v1/object/public/meals/mintade.png,false,40.32,0.03,0,0,0,0,0,100 g,Breakfast,Morning,0
680534f0d035d501d3d0fcc4,Not Selected,Vegetable poha,https://pmxylbawxioitqbyntvi.supabase.co/storage/v1/object/public/meals/vegetable%20poha.png,false,180.52,4.89,0,0,0,0,0,100 g,Breakfast,Morning,0
680534f0d035d501d3d0fccb,Not Selected,Cheese and mushroom omelette/omlet,https://pmxylbawxioitqbyntvi.supabase.co/storage/v1/object/public/meals/cheese%20and%20mushroom%20omelette/omlet.png,false,205.63,9.69,0,0,0,0,0,100 g,Breakfast,Morning,0
680534f0d035d501d3d0fcd3,Not Selected,Green pea soup (Matar ka soup),https://pmxylbawxioitqbyntvi.supabase.co/storage/v1/object/public/meals/green%20pea%20soup%20(matar%20ka%20soup).png,false,39.81,11.06,0,0,0,0,0,100 g,Breakfast,Morning,0
680534f0d035d501d3d0fce2,Not Selected,Bathua poori,https://pmxylbawxioitqbyntvi.supabase.co/storage/v1/object/public/meals/bathua%20poori.png,false,598.79,2.35,0,0,0,0,0,100 g,Breakfast,Morning,0
680534f0d035d501d3d0fce7,Not Selected,Pizza,https://pmxylbawxioitqbyntvi.supabase.co/storage/v1/object/public/meals/pizza.png,false,146.77,6.85,0,0,0,0,0,100 g,Breakfast,Morning,0
680534f0d035d501d3d0fb0c,Not Selected,Hot cocoa,https://pmxylbawxioitqbyntvi.supabase.co/storage/v1/object/public/meals/hot%20cocoa.png,false,90.1,3.36,0,0,0,0,0,100 g,Breakfast,Morning,0
680534f0d035d501d3d0fb0e,Not Selected,Banana milkshake (Kele milkshake),https://pmxylbawxioitqbyntvi.supabase.co/storage/v1/object/public/meals/banana%20milkshake%20(kele%20milkshake).png,false,65.31,1.84,0,0,0,0,0,100 g,Breakfast,Morning,0
680534f0d035d501d3d0fb24,Not Selected,Sweet open sandwich,https://pmxylbawxioitqbyntvi.supabase.co/storage/v1/object/public/meals/sweet%20open%20sandwich.png,false,244.25,4.99,0,0,0,0,0,100 g,Breakfast,Morning,0
680534f0d035d501d3d0fb2b,Not Selected,Classic club sandwich,https://pmxylbawxioitqbyntvi.supabase.co/storage/v1/object/public/meals/classic%20club%20sandwich.png,false,200.83,6.74,0,0,0,0,0,100 g,Breakfast,Morning,0
680534f0d035d501d3d0fb3c,Not Selected,Pancake,https://pmxylbawxioitqbyntvi.supabase.co/storage/v1/object/public/meals/pancake.png,false,203.36,5.68,0,0,0,0,0,100 g,Breakfast,Morning,0
680534f0d035d501d3d0fb4a,Not Selected,Cream of mixed vegetable soup,https://pmxylbawxioitqbyntvi.supabase.co/storage/v1/object/public/meals/cream%20of%20mixed%20vegetable%20soup.png,false,59.65,6.84,0,0,0,0,0,100 g,Breakfast,Morning,0
680534f0d035d501d3d0fb6f,Not Selected,Mutton biryani/biriyani,https://pmxylbawxioitqbyntvi.supabase.co/storage/v1/object/public/meals/mutton%20biryani/biriyani.png,false,190.76,7.38,0,0,0,0,0,100 g,Breakfast,Morning,0
680534f0d035d501d3d0fb72,Not Selected,Sweet rice (Meethe chawal),https://pmxylbawxioitqbyntvi.supabase.co/storage/v1/object/public/meals/sweet%20rice%20(meethe%20chawal).png,false,215.41,2.1,0,0,0,0,0,100 g,Breakfast,Morning,0
680534f0d035d501d3d0fb9f,Not Selected,Potato fenugreek (Aloo methi),https://pmxylbawxioitqbyntvi.supabase.co/storage/v1/object/public/meals/potato%20fenugreek%20(aloo%20methi).png,false,135.15,2.25,0,0,0,0,0,100 g,Breakfast,Morning,0
680534f0d035d501d3d0fbda,Not Selected,Shammi kebab,https://pmxylbawxioitqbyntvi.supabase.co/storage/v1/object/public/meals/shammi%20kebab.png,false,685.69,4.52,0,0,0,0,0,100 g,Breakfast,Morning,0
680534f0d035d501d3d0fbe0,Not Selected,Chicken kebab,https://pmxylbawxioitqbyntvi.supabase.co/storage/v1/object/public/meals/chicken%20kebab.png,false,729.41,3.71,0,0,0,0,0,100 g,Breakfast,Morning,0
680534f0d035d501d3d0fbe8,Not Selected,Fish tikka,https://pmxylbawxioitqbyntvi.supabase.co/storage/v1/object/public/meals/fish%20tikka.png,false,117.33,16,0,0,0,0,0,100 g,Breakfast,Morning,0
680534f0d035d501d3d0fc09,Not Selected,Cabbage kheer (Pattagobhi ki kheer),https://pmxylbawxioitqbyntvi.supabase.co/storage/v1/object/public/meals/cabbage%20kheer%20(pattagobhi%20ki%20kheer).png,false,83.51,2.87,0,0,0,0,0,100 g,Breakfast,Morning,0
680534f0d035d501d3d0fc10,Not Selected,Carrot halwa (Gajar ka halwa),https://pmxylbawxioitqbyntvi.supabase.co/storage/v1/object/public/meals/carrot%20halwa%20(gajar%20ka%20halwa).png,false,172.64,3.11,0,0,0,0,0,100 g,Breakfast,Morning,0
680534f0d035d501d3d0fc28,Not Selected,Kulfi,https://pmxylbawxioitqbyntvi.supabase.co/storage/v1/object/public/meals/kulfi.png,false,98.43,3.21,0,0,0,0,0,100 g,Breakfast,Morning,0
680534f0d035d501d3d0fc31,Not Selected,Stewed apple with custard,https://pmxylbawxioitqbyntvi.supabase.co/storage/v1/object/public/meals/stewed%20apple%20with%20custard.png,false,92.87,1.27,0,0,0,0,0,100 g,Breakfast,Morning,0
680534f0d035d501d3d0fc36,Not Selected,Plain burfi (Burfi),https://pmxylbawxioitqbyntvi.supabase.co/storage/v1/object/public/meals/plain%20burfi%20(burfi).png,false,408.32,9.82,0,0,0,0,0,100 g,Breakfast,Morning,0
680534f0d035d501d3d0fc42,Not Selected,Ghujia/Lavang latika,https://pmxylbawxioitqbyntvi.supabase.co/storage/v1/object/public/meals/ghujia/lavang%20latika.png,false,768.98,1.86,0,0,0,0,0,100 g,Breakfast,Morning,0
680534f0d035d501d3d0fc54,Not Selected,Khasta kachori,https://pmxylbawxioitqbyntvi.supabase.co/storage/v1/object/public/meals/khasta%20kachori.png,false,712.73,2.51,0,0,0,0,0,100 g,Breakfast,Morning,0
680534f0d035d501d3d0fc64,Not Selected,Spring roll,https://pmxylbawxioitqbyntvi.supabase.co/storage/v1/object/public/meals/spring%20roll.png,false,623.87,1.81,0,0,0,0,0,100 g,Breakfast,Morning,0
680534f0d035d501d3d0fc92,Not Selected,Sweet and salty biscuit (Meethay aur namkeen biscuit),https://pmxylbawxioitqbyntvi.supabase.co/storage/v1/object/public/meals/sweet%20and%20salty%20biscuit%20(meethay%20aur%20namkeen%20biscuit).png,false,407.96,6.15,0,0,0,0,0,100 g,Breakfast,Morning,0
680534f0d035d501d3d0fcba,Not Selected,Canjee,https://pmxylbawxioitqbyntvi.supabase.co/storage/v1/object/public/meals/canjee.png,false,6.61,0.24,0,0,0,0,0,100 g,Breakfast,Morning,0
680534f0d035d501d3d0fcc9,Not Selected,Puffy omelette/omlet,https://pmxylbawxioitqbyntvi.supabase.co/storage/v1/object/public/meals/puffy%20omelette/omlet.png,false,188.15,8.82,0,0,0,0,0,100 g,Breakfast,Morning,0
680534f0d035d501d3d0fccd,Not Selected,Mixed stock,https://pmxylbawxioitqbyntvi.supabase.co/storage/v1/object/public/meals/mixed%20stock.png,false,25.19,2.06,0,0,0,0,0,100 g,Breakfast,Morning,0
680534f0d035d501d3d0fcf2,Not Selected,Chicken pulao,https://pmxylbawxioitqbyntvi.supabase.co/storage/v1/object/public/meals/chicken%20pulao.png,false,108.24,6.07,0,0,0,0,0,100 g,Breakfast,Morning,0
680534f0d035d501d3d0fd02,Not Selected,Home made egg noodles,https://pmxylbawxioitqbyntvi.supabase.co/storage/v1/object/public/meals/home%20made%20egg%20noodles.png,false,240.84,6.55,0,0,0,0,0,100 g,Breakfast,Morning,0
680534f0d035d501d3d0fd0c,Not Selected,Besan gatte curry,https://pmxylbawxioitqbyntvi.supabase.co/storage/v1/object/public/meals/besan%20gatte%20curry.png,false,189.38,7.75,0,0,0,0,0,100 g,Breakfast,Morning,0
680534f0d035d501d3d0fd0e,Not Selected,Mutton korma,https://pmxylbawxioitqbyntvi.supabase.co/storage/v1/object/public/meals/mutton%20korma.png,false,115.64,7.09,0,0,0,0,0,100 g,Breakfast,Morning,0
680534f0d035d501d3d0fd1c,Not Selected,Shahi chicken masala,https://pmxylbawxioitqbyntvi.supabase.co/storage/v1/object/public/meals/shahi%20chicken%20masala.png,false,163.7,9.82,0,0,0,0,0,100 g,Breakfast,Morning,0
680534f0d035d501d3d0fd1f,Not Selected,Broccoli chicken ala king,https://pmxylbawxioitqbyntvi.supabase.co/storage/v1/object/public/meals/broccoli%20chicken%20ala%20king.png,false,119.56,7.97,0,0,0,0,0,100 g,Breakfast,Morning,0
680534f0d035d501d3d0fd24,Not Selected,Fish finger,https://pmxylbawxioitqbyntvi.supabase.co/storage/v1/object/public/meals/fish%20finger.png,false,542.9,5.66,0,0,0,0,0,100 g,Breakfast,Morning,0
680534f0d035d501d3d0fd30,Not Selected,Yam kofta curry (Zimikand/Suran kofta curry),https://pmxylbawxioitqbyntvi.supabase.co/storage/v1/object/public/meals/yam%20kofta%20curry%20(zimikand/suran%20kofta%20curry).png,false,322.88,0.71,0,0,0,0,0,100 g,Breakfast,Morning,0
680534f0d035d501d3d0fd31,Not Selected,Jackfruit kofta curry (Kathal ka kofta curry),https://pmxylbawxioitqbyntvi.supabase.co/storage/v1/object/public/meals/jackfruit%20kofta%20curry%20(kathal%20ka%20kofta%20curry).png,false,321.08,0.8,0,0,0,0,0,100 g,Breakfast,Morning,0
680534f0d035d501d3d0fd36,Not Selected,Cabbage rolls (curry) ((Pattagobhi rolls)(curry)),https://pmxylbawxioitqbyntvi.supabase.co/storage/v1/object/public/meals/cabbage%20rolls%20(curry)%20((pattagobhi%20rolls)(curry)).png,false,124.63,5.76,0,0,0,0,0,100 g,Breakfast,Morning,0
680534f0d035d501d3d0fd79,Not Selected,Raspberry bavarian cream,https://pmxylbawxioitqbyntvi.supabase.co/storage/v1/object/public/meals/raspberry%20bavarian%20cream.png,false,150.1,3.34,0,0,0,0,0,100 g,Breakfast,Morning,0
680534f0d035d501d3d0fd95,Not Selected,Sesame chickpeas brittle (Til aur channe ki chikki),https://pmxylbawxioitqbyntvi.supabase.co/storage/v1/object/public/meals/sesame%20chickpeas%20brittle%20(til%20aur%20channe%20ki%20chikki).png,false,282.74,8.5,0,0,0,0,0,100 g,Breakfast,Morning,0
680534f0d035d501d3d0fdb4,Not Selected,Mint and peanut sandwich,https://pmxylbawxioitqbyntvi.supabase.co/storage/v1/object/public/meals/mint%20and%20peanut%20sandwich.png,false,273.59,7.18,0,0,0,0,0,100 g,Breakfast,Morning,0
680534f0d035d501d3d0fdb6,Not Selected,Chicken walnut sandwich (Chicken aur akhrot ke sandwich),https://pmxylbawxioitqbyntvi.supabase.co/storage/v1/object/public/meals/chicken%20walnut%20sandwich%20(chicken%20aur%20akhrot%20ke%20sandwich).png,false,285.78,12.58,0,0,0,0,0,100 g,Breakfast,Morning,0
680534f0d035d501d3d0fdcf,Not Selected,Almond biscuit (Badam ke biscuit),https://pmxylbawxioitqbyntvi.supabase.co/storage/v1/object/public/meals/almond%20biscuit%20(badam%20ke%20biscuit).png,false,407.74,6.25,0,0,0,0,0,100 g,Breakfast,Morning,0
680534f0d035d501d3d0fdd0,Not Selected,Orange biscuit,https://pmxylbawxioitqbyntvi.supabase.co/storage/v1/object/public/meals/orange%20biscuit.png,false,354.78,3.63,0,0,0,0,0,100 g,Breakfast,Morning,0
680534f0d035d501d3d0fde2,Not Selected,Lemon chiffon pie,https://pmxylbawxioitqbyntvi.supabase.co/storage/v1/object/public/meals/lemon%20chiffon%20pie.png,false,259.31,4.88,0,0,0,0,0,100 g,Breakfast,Morning,0
680534f0d035d501d3d0fdf3,Not Selected,Rice dal porridge (Chawal dal ki khichdi/khichri),https://pmxylbawxioitqbyntvi.supabase.co/storage/v1/object/public/meals/rice%20dal%20porridge%20(chawal%20dal%20ki%20khichdi/khichri).png,false,383.33,10.8,0,0,0,0,0,100 g,Breakfast,Morning,0
680534f0d035d501d3d0fdf8,Not Selected,Maize porridge,https://pmxylbawxioitqbyntvi.supabase.co/storage/v1/object/public/meals/maize%20porridge.png,false,89.57,2.14,0,0,0,0,0,100 g,Breakfast,Morning,0
680534f0d035d501d3d0fdfa,Not Selected,Split bengal gram burfi/fudge (Channa dal burfi),https://pmxylbawxioitqbyntvi.supabase.co/storage/v1/object/public/meals/split%20bengal%20gram%20burfi/fudge%20(channa%20dal%20burfi).png,false,287.36,4.65,0,0,0,0,0,100 g,Breakfast,Morning,0
680534f0d035d501d3d0fe0b,Not Selected,Stuffed bittergourd (dry) (Bharwa karela),https://pmxylbawxioitqbyntvi.supabase.co/storage/v1/object/public/meals/stuffed%20bittergourd%20(dry)%20(bharwa%20karela).png,false,217.65,1.29,0,0,0,0,0,100 g,Breakfast,Morning,0
680534f0d035d501d3d0fe1c,Not Selected,Apple sago payasam (Seb aur sabudana ki kheer),https://pmxylbawxioitqbyntvi.supabase.co/storage/v1/object/public/meals/apple%20sago%20payasam%20(seb%20aur%20sabudana%20ki%20kheer).png,false,136.5,3.13,0,0,0,0,0,100 g,Breakfast,Morning,0
680534f0d035d501d3d0fe20,Not Selected,Mango vanilla custard,https://pmxylbawxioitqbyntvi.supabase.co/storage/v1/object/public/meals/mango%20vanilla%20custard.png,false,147.63,3.43,0,0,0,0,0,100 g,Breakfast,Morning,0
680534f0d035d501d3d0fe64,Not Selected,Cabbage raita (Pattagobhi raita),https://pmxylbawxioitqbyntvi.supabase.co/storage/v1/object/public/meals/cabbage%20raita%20(pattagobhi%20raita).png,false,84.84,3.24,0,0,0,0,0,100 g,Breakfast,Morning,0
680534f0d035d501d3d0fe9c,Not Selected,Sev (Omapodi/Karapusa),https://pmxylbawxioitqbyntvi.supabase.co/storage/v1/object/public/meals/sev%20(omapodi/karapusa).png,false,609.14,5.12,0,0,0,0,0,100 g,Breakfast,Morning,0
680534f0d035d501d3d0feaa,Not Selected,Mustard sauce,https://pmxylbawxioitqbyntvi.supabase.co/storage/v1/object/public/meals/mustard%20sauce.png,false,158.58,3.98,0,0,0,0,0,100 g,Breakfast,Morning,0
680534f0d035d501d3d0feb1,Not Selected,Thousand island dressing,https://pmxylbawxioitqbyntvi.supabase.co/storage/v1/object/public/meals/thousand%20island%20dressing.png,false,407.87,1.37,0,0,0,0,0,100 g,Breakfast,Morning,0
680534f0d035d501d3d0feba,Not Selected,Gum icing,https://pmxylbawxioitqbyntvi.supabase.co/storage/v1/object/public/meals/gum%20icing.png,false,223.07,5.94,0,0,0,0,0,100 g,Breakfast,Morning,0
680534f0d035d501d3d0fd05,Not Selected,Arhar with spinach (Arhar dal aur palak),https://pmxylbawxioitqbyntvi.supabase.co/storage/v1/object/public/meals/arhar%20with%20spinach%20(arhar%20dal%20aur%20palak).png,false,52.84,2.05,0,0,0,0,0,100 g,Breakfast,Morning,0
680534f0d035d501d3d0fd11,Not Selected,Boti kebab,https://pmxylbawxioitqbyntvi.supabase.co/storage/v1/object/public/meals/boti%20kebab.png,false,132.86,9.22,0,0,0,0,0,100 g,Breakfast,Morning,0
680534f0d035d501d3d0fd12,Not Selected,Mutton seekh kebab,https://pmxylbawxioitqbyntvi.supabase.co/storage/v1/object/public/meals/mutton%20seekh%20kebab.png,false,133.94,11.25,0,0,0,0,0,100 g,Breakfast,Morning,0
680534f0d035d501d3d0fd14,Not Selected,Soya chunks sweet and sour (Nutrinugget sweet and sour),https://pmxylbawxioitqbyntvi.supabase.co/storage/v1/object/public/meals/soya%20chunks%20sweet%20and%20sour%20(nutrinugget%20sweet%20and%20sour).png,false,500.94,2.85,0,0,0,0,0,100 g,Breakfast,Morning,0
680534f0d035d501d3d0fd2d,Not Selected,Vegetable curry with coconut,https://pmxylbawxioitqbyntvi.supabase.co/storage/v1/object/public/meals/vegetable%20curry%20with%20coconut.png,false,83.07,2.77,0,0,0,0,0,100 g,Breakfast,Morning,0
680534f0d035d501d3d0fd40,Not Selected,"Cauliflower, pea and potato bhujia (Phoolgobhi, matar aur aloo bhujia)","https://pmxylbawxioitqbyntvi.supabase.co/storage/v1/object/public/meals/cauliflower,%20pea%20and%20potato%20bhujia%20(phoolgobhi,%20matar%20aur%20aloo%20bhujia).png",false,95.67,2.75,0,0,0,0,0,100 g,Breakfast,Morning,0
680534f0d035d501d3d0fd59,Not Selected,Frozen frosty fruit salad (Phalon ka salaad),https://pmxylbawxioitqbyntvi.supabase.co/storage/v1/object/public/meals/frozen%20frosty%20fruit%20salad%20(phalon%20ka%20salaad).png,false,103.51,1.68,0,0,0,0,0,280 g,Breakfast,Morning,0
680534f0d035d501d3d0fd73,Not Selected,Coffee pear alaska,https://pmxylbawxioitqbyntvi.supabase.co/storage/v1/object/public/meals/coffee%20pear%20alaska.png,false,203.99,2.88,0,0,0,0,0,200 ml,Breakfast,Morning,0
680534f0d035d501d3d0fd7e,Not Selected,Cold pineapple souffle,https://pmxylbawxioitqbyntvi.supabase.co/storage/v1/object/public/meals/cold%20pineapple%20souffle.png,false,181.22,6.23,0,0,0,0,0,100 g,Breakfast,Morning,0
680534f0d035d501d3d0fd99,Not Selected,Chicken pakora/pakoda,https://pmxylbawxioitqbyntvi.supabase.co/storage/v1/object/public/meals/chicken%20pakora/pakoda.png,false,590.09,6.03,0,0,0,0,0,100 g,Breakfast,Morning,0
680534f0d035d501d3d0fd9b,Not Selected,Paneer cutlet,https://pmxylbawxioitqbyntvi.supabase.co/storage/v1/object/public/meals/paneer%20cutlet.png,false,672.2,4.59,0,0,0,0,0,100 g,Breakfast,Morning,0
680534f0d035d501d3d0fd9c,Not Selected,Sago cutlet/vadas (Sabudana cutlet/vadas),https://pmxylbawxioitqbyntvi.supabase.co/storage/v1/object/public/meals/sago%20cutlet/vadas%20(sabudana%20cutlet/vadas).png,false,558.76,0.56,0,0,0,0,0,100 g,Breakfast,Morning,0
680534f0d035d501d3d0fda6,Not Selected,Mint tomato chutney (Pudinay aur tamatar ki chutney),https://pmxylbawxioitqbyntvi.supabase.co/storage/v1/object/public/meals/mint%20tomato%20chutney%20(pudinay%20aur%20tamatar%20ki%20chutney).png,false,43.65,1.53,0,0,0,0,0,100 g,Breakfast,Morning,0
680534f0d035d501d3d0fdfb,Not Selected,Chickpea flour cookies (Sweet besan rounds/cookies),https://pmxylbawxioitqbyntvi.supabase.co/storage/v1/object/public/meals/chickpea%20flour%20cookies%20(sweet%20besan%20rounds/cookies).png,false,207.01,4.29,0,0,0,0,0,100 g,Breakfast,Morning,0
680534f0d035d501d3d0fdff,Not Selected,Poshtik namak paras,https://pmxylbawxioitqbyntvi.supabase.co/storage/v1/object/public/meals/poshtik%20namak%20paras.png,false,613.39,6.49,0,0,0,0,0,100 g,Breakfast,Morning,0
680534f0d035d501d3d0fe0c,Not Selected,Cauliflower potato canjee,https://pmxylbawxioitqbyntvi.supabase.co/storage/v1/object/public/meals/cauliflower%20potato%20canjee.png,false,16.79,0.57,0,0,0,0,0,100 g,Breakfast,Morning,0
680534f0d035d501d3d0fe1a,Not Selected,Black rice kheer (Chak-hao kheer),https://pmxylbawxioitqbyntvi.supabase.co/storage/v1/object/public/meals/black%20rice%20kheer%20(chak-hao%20kheer).png,false,147.94,4.37,0,0,0,0,0,100 g,Breakfast,Morning,0
680534f0d035d501d3d0fe29,Not Selected,Gram flour halwa (Besan halwa),https://pmxylbawxioitqbyntvi.supabase.co/storage/v1/object/public/meals/gram%20flour%20halwa%20(besan%20halwa).png,false,276.79,5.88,0,0,0,0,0,100 g,Breakfast,Morning,0
680534f0d035d501d3d0fe34,Not Selected,Greenpea cookies,https://pmxylbawxioitqbyntvi.supabase.co/storage/v1/object/public/meals/greenpea%20cookies.png,false,159.42,6.53,0,0,0,0,0,100 g,Breakfast,Morning,0
680534f0d035d501d3d0fe35,Not Selected,Sunflower cookies,https://pmxylbawxioitqbyntvi.supabase.co/storage/v1/object/public/meals/sunflower%20cookies.png,false,520.62,9.49,0,0,0,0,0,100 g,Breakfast,Morning,0
680534f0d035d501d3d0fe36,Not Selected,Cardamom cookies (Elaichi cookies),https://pmxylbawxioitqbyntvi.supabase.co/storage/v1/object/public/meals/cardamom%20cookies%20(elaichi%20cookies).png,false,400.49,5.1,0,0,0,0,0,100 g,Breakfast,Morning,0
680534f0d035d501d3d0fe3d,Not Selected,Pear preserves (Naashpati ka murabba),https://pmxylbawxioitqbyntvi.supabase.co/storage/v1/object/public/meals/pear%20preserves%20(naashpati%20ka%20murabba).png,false,101.24,0.25,0,0,0,0,0,100 g,Breakfast,Morning,0
680534f0d035d501d3d0fe5d,Not Selected,Sauteed radishes with green beans,https://pmxylbawxioitqbyntvi.supabase.co/storage/v1/object/public/meals/sauteed%20radishes%20with%20green%20beans.png,false,94.32,2.41,0,0,0,0,0,100 g,Breakfast,Morning,0
680534f0d035d501d3d0fe6b,Not Selected,Chicken and cheese souffle,https://pmxylbawxioitqbyntvi.supabase.co/storage/v1/object/public/meals/chicken%20and%20cheese%20souffle.png,false,182.35,9.07,0,0,0,0,0,100 g,Breakfast,Morning,0
680534f0d035d501d3d0fe71,Not Selected,Vegetable namkeen jave,https://pmxylbawxioitqbyntvi.supabase.co/storage/v1/object/public/meals/vegetable%20namkeen%20jave.png,false,112.23,2.93,0,0,0,0,0,100 g,Breakfast,Morning,0
680534f0d035d501d3d0fe77,Not Selected,Quinoa khichdi/khichri,https://pmxylbawxioitqbyntvi.supabase.co/storage/v1/object/public/meals/quinoa%20khichdi/khichri.png,false,64.01,3.18,0,0,0,0,0,100 g,Breakfast,Morning,0
680534f0d035d501d3d0fe7b,Not Selected,Pav bhaji,https://pmxylbawxioitqbyntvi.supabase.co/storage/v1/object/public/meals/pav%20bhaji.png,false,96.53,2.66,0,0,0,0,0,100 g,Breakfast,Morning,0
680534f0d035d501d3d0fe8b,Not Selected,Whey soup,https://pmxylbawxioitqbyntvi.supabase.co/storage/v1/object/public/meals/whey%20soup.png,false,68.91,3.45,0,0,0,0,0,100 g,Breakfast,Morning,0
680534f0d035d501d3d0fe95,Not Selected,Dal makhani,https://pmxylbawxioitqbyntvi.supabase.co/storage/v1/object/public/meals/dal%20makhani.png,false,74.04,3.32,0,0,0,0,0,100 g,Breakfast,Morning,0
680534f0d035d501d3d0fe96,Not Selected,Dalma,https://pmxylbawxioitqbyntvi.supabase.co/storage/v1/object/public/meals/dalma.png,false,118.93,4.91,0,0,0,0,0,100 g,Breakfast,Morning,0
680534f0d035d501d3d0fe99,Not Selected,Panchmel dal,https://pmxylbawxioitqbyntvi.supabase.co/storage/v1/object/public/meals/panchmel%20dal.png,false,111.22,4.63,0,0,0,0,0,100 g,Breakfast,Morning,0
680534f0d035d501d3d0feac,Not Selected,Classic italian pasta,https://pmxylbawxioitqbyntvi.supabase.co/storage/v1/object/public/meals/classic%20italian%20pasta.png,false,42.12,0.57,0,0,0,0,0,100 g,Breakfast,Morning,0
680534f0d035d501d3d0fec2,Not Selected,Potato with curd,https://pmxylbawxioitqbyntvi.supabase.co/storage/v1/object/public/meals/potato%20with%20curd.png,false,73.18,3.19,0,0,0,0,0,100 g,Breakfast,Morning,0
680534f0d035d501d3d0fec5,Not Selected,Moong dal mixture,https://pmxylbawxioitqbyntvi.supabase.co/storage/v1/object/public/meals/moong%20dal%20mixture.png,false,158.84,4.62,0,0,0,0,0,100 g,Breakfast,Morning,0
680534f0d035d501d3d0fede,Not Selected,Chat masala,https://pmxylbawxioitqbyntvi.supabase.co/storage/v1/object/public/meals/chat%20masala.png,false,222.58,8.19,0,0,0,0,0,100 g,Breakfast,Morning,0
680534f0d035d501d3d0fcf3,Not Selected,Mexican rice,https://pmxylbawxioitqbyntvi.supabase.co/storage/v1/object/public/meals/mexican%20rice.png,false,120.57,4.62,0,0,0,0,0,100 g,Breakfast,Morning,0
680534f0d035d501d3d0fd1a,Not Selected,Vegetarian nargisi kofta curry,https://pmxylbawxioitqbyntvi.supabase.co/storage/v1/object/public/meals/vegetarian%20nargisi%20kofta%20curry.png,false,332.15,2.29,0,0,0,0,0,100 g,Breakfast,Morning,0
680534f0d035d501d3d0fd21,Not Selected,Chicken sweet and sour,https://pmxylbawxioitqbyntvi.supabase.co/storage/v1/object/public/meals/chicken%20sweet%20and%20sour.png,false,445.09,6.92,0,0,0,0,0,100 g,Breakfast,Morning,0
680534f0d035d501d3d0fd2b,Not Selected,Potato curry (Aloo ki sabzi),https://pmxylbawxioitqbyntvi.supabase.co/storage/v1/object/public/meals/potato%20curry%20(aloo%20ki%20sabzi).png,false,89.56,1.52,0,0,0,0,0,100 g,Breakfast,Morning,0
680534f0d035d501d3d0fd39,Not Selected,Peas brinjal bhartha (Matar baingan bhartha),https://pmxylbawxioitqbyntvi.supabase.co/storage/v1/object/public/meals/peas%20brinjal%20bhartha%20(matar%20baingan%20bhartha).png,false,84.55,2.05,0,0,0,0,0,100 g,Breakfast,Morning,0
680534f0d035d501d3d0fd3c,Not Selected,Beans foogath,https://pmxylbawxioitqbyntvi.supabase.co/storage/v1/object/public/meals/beans%20foogath.png,false,105.06,2.03,0,0,0,0,0,100 g,Breakfast,Morning,0
680534f0d035d501d3d0fd44,Not Selected,Dhansak (vegetarian),https://pmxylbawxioitqbyntvi.supabase.co/storage/v1/object/public/meals/dhansak%20(vegetarian).png,false,82.8,3.32,0,0,0,0,0,100 g,Breakfast,Morning,0
680534f0d035d501d3d0fd4b,Not Selected,Parsley potato,https://pmxylbawxioitqbyntvi.supabase.co/storage/v1/object/public/meals/parsley%20potato.png,false,119.51,1.49,0,0,0,0,0,100 g,Breakfast,Morning,0
680534f0d035d501d3d0fd5c,Not Selected,Curd dressing,https://pmxylbawxioitqbyntvi.supabase.co/storage/v1/object/public/meals/curd%20dressing.png,false,78.8,5.59,0,0,0,0,0,100 g,Breakfast,Morning,0
680534f0d035d501d3d0fd67,Not Selected,Bottle gourd kheer (Ghiya/Lauki kheer),https://pmxylbawxioitqbyntvi.supabase.co/storage/v1/object/public/meals/bottle%20gourd%20kheer%20(ghiya/lauki%20kheer).png,false,84.07,2.7,0,0,0,0,0,100 g,Breakfast,Morning,0
680534f0d035d501d3d0fd6b,Not Selected,Vanilla ice cream without egg,https://pmxylbawxioitqbyntvi.supabase.co/storage/v1/object/public/meals/vanilla%20ice%20cream%20without%20egg.png,false,228.67,2.69,0,0,0,0,0,100 g,Breakfast,Morning,0
680534f0d035d501d3d0fd6e,Not Selected,Chocochip ice cream,https://pmxylbawxioitqbyntvi.supabase.co/storage/v1/object/public/meals/chocochip%20ice%20cream.png,false,241.45,4.23,0,0,0,0,0,100 g,Breakfast,Morning,0
680534f0d035d501d3d0fd7b,Not Selected,Creamy chocolate mousse,https://pmxylbawxioitqbyntvi.supabase.co/storage/v1/object/public/meals/creamy%20chocolate%20mousse.png,false,230.52,6.85,0,0,0,0,0,100 g,Breakfast,Morning,0
680534f0d035d501d3d0fd8e,Not Selected,Khoa coconut burfi,https://pmxylbawxioitqbyntvi.supabase.co/storage/v1/object/public/meals/khoa%20coconut%20burfi.png,false,411.45,9.98,0,0,0,0,0,100 g,Breakfast,Morning,0
680534f0d035d501d3d0fdc1,Not Selected,Lemon curd filling,https://pmxylbawxioitqbyntvi.supabase.co/storage/v1/object/public/meals/lemon%20curd%20filling.png,false,225.62,3.43,0,0,0,0,0,100 g,Breakfast,Morning,0
680534f0d035d501d3d0fdca,Not Selected,Chocolate eggless cake,https://pmxylbawxioitqbyntvi.supabase.co/storage/v1/object/public/meals/chocolate%20eggless%20cake.png,false,312.01,6.66,0,0,0,0,0,100 g,Breakfast,Morning,0
680534f0d035d501d3d0fddb,Not Selected,Cheese straws,https://pmxylbawxioitqbyntvi.supabase.co/storage/v1/object/public/meals/cheese%20straws.png,false,382,9.83,0,0,0,0,0,100 g,Breakfast,Morning,0
680534f0d035d501d3d0fdeb,Not Selected,Vegetable patties,https://pmxylbawxioitqbyntvi.supabase.co/storage/v1/object/public/meals/vegetable%20patties.png,false,261.92,4.01,0,0,0,0,0,100 g,Breakfast,Morning,0
680534f0d035d501d3d0fdfc,Not Selected,Pearl millet mathri (Bajra mathri),https://pmxylbawxioitqbyntvi.supabase.co/storage/v1/object/public/meals/pearl%20millet%20mathri%20(bajra%20mathri).png,false,785.08,1.82,0,0,0,0,0,100 g,Breakfast,Morning,0
680534f0d035d501d3d0fe25,Not Selected,Chhena poda,https://pmxylbawxioitqbyntvi.supabase.co/storage/v1/object/public/meals/chhena%20poda.png,false,344.57,13.68,0,0,0,0,0,100 g,Breakfast,Morning,0
680534f0d035d501d3d0fe3c,Not Selected,Peach blueberry preserves,https://pmxylbawxioitqbyntvi.supabase.co/storage/v1/object/public/meals/peach%20blueberry%20preserves.png,false,177.38,0.53,0,0,0,0,0,100 g,Breakfast,Morning,0
680534f0d035d501d3d0fe56,Not Selected,Corn omelette/omlet,https://pmxylbawxioitqbyntvi.supabase.co/storage/v1/object/public/meals/corn%20omelette/omlet.png,false,166.93,11.37,0,0,0,0,0,100 g,Breakfast,Morning,0
680534f0d035d501d3d0fe5b,Not Selected,Paneer lababdar,https://pmxylbawxioitqbyntvi.supabase.co/storage/v1/object/public/meals/paneer%20lababdar.png,false,105.48,3.98,0,0,0,0,0,100 g,Breakfast,Morning,0
680534f0d035d501d3d0fe5e,Not Selected,Garlic chutney/Poondu chutney (Lahasun ki chutney),https://pmxylbawxioitqbyntvi.supabase.co/storage/v1/object/public/meals/garlic%20chutney/poondu%20chutney%20(lahasun%20ki%20chutney).png,false,255.51,3.34,0,0,0,0,0,100 g,Breakfast,Morning,0
680534f0d035d501d3d0fe62,Not Selected,Chicken salad,https://pmxylbawxioitqbyntvi.supabase.co/storage/v1/object/public/meals/chicken%20salad.png,false,338.19,15.33,0,0,0,0,0,280 g,Breakfast,Morning,0
680534f0d035d501d3d0fe86,Not Selected,Finger millet cake (Ragi cake),https://pmxylbawxioitqbyntvi.supabase.co/storage/v1/object/public/meals/finger%20millet%20cake%20(ragi%20cake).png,false,279.46,3.96,0,0,0,0,0,100 g,Breakfast,Morning,0
680534f0d035d501d3d0fe8a,Not Selected,Ham and Bean soup,https://pmxylbawxioitqbyntvi.supabase.co/storage/v1/object/public/meals/ham%20and%20bean%20soup.png,false,96.04,10.61,0,0,0,0,0,100 g,Breakfast,Morning,0
680534f0d035d501d3d0fe9d,Not Selected,Papdi,https://pmxylbawxioitqbyntvi.supabase.co/storage/v1/object/public/meals/papdi.png,false,708.96,1.83,0,0,0,0,0,100 g,Breakfast,Morning,0
680534f0d035d501d3d0fea5,Not Selected,White sauce (medium),https://pmxylbawxioitqbyntvi.supabase.co/storage/v1/object/public/meals/white%20sauce%20(medium).png,false,151.27,3.36,0,0,0,0,0,100 g,Breakfast,Morning,0
680534f0d035d501d3d0feb8,Not Selected,Royal icing,https://pmxylbawxioitqbyntvi.supabase.co/storage/v1/object/public/meals/royal%20icing.png,false,332.58,1.74,0,0,0,0,0,100 g,Breakfast,Morning,0
680534f0d035d501d3d0fecf,Not Selected,Plum jam (Aloo bukhara jam),https://pmxylbawxioitqbyntvi.supabase.co/storage/v1/object/public/meals/plum%20jam%20(aloo%20bukhara%20jam).png,false,178.89,0.31,0,0,0,0,0,100 g,Breakfast,Morning,0
680534f0d035d501d3d0fee1,Not Selected,Sambar powder (Sambar masala),https://pmxylbawxioitqbyntvi.supabase.co/storage/v1/object/public/meals/sambar%20powder%20(sambar%20masala).png,false,297.46,12.5,0,0,0,0,0,100 g,Breakfast,Morning,0
680534f0d035d501d3d0fcf4,Not Selected,Plain khitchdi (Plain khichri/khichdi),https://pmxylbawxioitqbyntvi.supabase.co/storage/v1/object/public/meals/plain%20khitchdi%20(plain%20khichri/khichdi).png,false,57.03,1.72,0,0,0,0,0,100 g,Breakfast,Morning,0
680534f0d035d501d3d0fd15,Not Selected,Soya chunks korma (Nutrinugget korma),https://pmxylbawxioitqbyntvi.supabase.co/storage/v1/object/public/meals/soya%20chunks%20korma%20(nutrinugget%20korma).png,false,131.43,3.86,0,0,0,0,0,100 g,Breakfast,Morning,0
680534f0d035d501d3d0fd35,Not Selected,Cabbage rolls (dry) ((Pattagobhi rolls) (dry)),https://pmxylbawxioitqbyntvi.supabase.co/storage/v1/object/public/meals/cabbage%20rolls%20(dry)%20((pattagobhi%20rolls)%20(dry)).png,false,142.48,8.21,0,0,0,0,0,100 g,Breakfast,Morning,0
680534f0d035d501d3d0fd3d,Not Selected,Stuffed bittergourd (wet) (Bharwa karele),https://pmxylbawxioitqbyntvi.supabase.co/storage/v1/object/public/meals/stuffed%20bittergourd%20(wet)%20(bharwa%20karele).png,false,162.36,1.36,0,0,0,0,0,100 g,Breakfast,Morning,0
680534f0d035d501d3d0fd3e,Not Selected,Jackfruit/Kathal (dry),https://pmxylbawxioitqbyntvi.supabase.co/storage/v1/object/public/meals/jackfruit/kathal%20(dry).png,false,488.97,0.93,0,0,0,0,0,100 g,Breakfast,Morning,0
680534f0d035d501d3d0fd6a,Not Selected,Caramel custard (baked),https://pmxylbawxioitqbyntvi.supabase.co/storage/v1/object/public/meals/caramel%20custard%20(baked).png,false,122.7,5.11,0,0,0,0,0,100 g,Breakfast,Morning,0
680534f0d035d501d3d0fd75,Not Selected,Peach melba ice cream,https://pmxylbawxioitqbyntvi.supabase.co/storage/v1/object/public/meals/peach%20melba%20ice%20cream.png,false,200.85,2.06,0,0,0,0,0,100 g,Breakfast,Morning,0
680534f0d035d501d3d0fd81,Not Selected,Stewed fruit (with pear),https://pmxylbawxioitqbyntvi.supabase.co/storage/v1/object/public/meals/stewed%20fruit%20(with%20pear).png,false,74.32,0.25,0,0,0,0,0,100 g,Breakfast,Morning,0
680534f0d035d501d3d0fd84,Not Selected,Apple crumb pudding,https://pmxylbawxioitqbyntvi.supabase.co/storage/v1/object/public/meals/apple%20crumb%20pudding.png,false,220.85,1.54,0,0,0,0,0,100 g,Breakfast,Morning,0
680534f0d035d501d3d0fd93,Not Selected,Wheat and gram flour ladoo (Atta besan ladoo),https://pmxylbawxioitqbyntvi.supabase.co/storage/v1/object/public/meals/wheat%20and%20gram%20flour%20ladoo%20(atta%20besan%20ladoo).png,false,501.7,9.38,0,0,0,0,0,100 g,Breakfast,Morning,0
680534f0d035d501d3d0fdb9,Not Selected,Checker board sandwich,https://pmxylbawxioitqbyntvi.supabase.co/storage/v1/object/public/meals/checker%20board%20sandwich.png,false,348.37,7.37,0,0,0,0,0,100 g,Breakfast,Morning,0
680534f0d035d501d3d0fdd1,Not Selected,Gingerman biscuit,https://pmxylbawxioitqbyntvi.supabase.co/storage/v1/object/public/meals/gingerman%20biscuit.png,false,357.43,6.26,0,0,0,0,0,100 g,Breakfast,Morning,0
680534f0d035d501d3d0fe08,Not Selected,Sprouts upma,https://pmxylbawxioitqbyntvi.supabase.co/storage/v1/object/public/meals/sprouts%20upma.png,false,316.25,9.5,0,0,0,0,0,100 g,Breakfast,Morning,0
680534f0d035d501d3d0fe09,Not Selected,Semolina idli (Suji/Rava idli),https://pmxylbawxioitqbyntvi.supabase.co/storage/v1/object/public/meals/semolina%20idli%20(suji/rava%20idli).png,false,206.39,9.34,0,0,0,0,0,100 g,Breakfast,Morning,0
680534f0d035d501d3d0fe15,Not Selected,Cucumber sharbat (Kheere ka sharbat),https://pmxylbawxioitqbyntvi.supabase.co/storage/v1/object/public/meals/cucumber%20sharbat%20(kheere%20ka%20sharbat).png,false,27.28,0.26,0,0,0,0,0,100 g,Breakfast,Morning,0
680534f0d035d501d3d0fe30,Not Selected,Lemon cookies,https://pmxylbawxioitqbyntvi.supabase.co/storage/v1/object/public/meals/lemon%20cookies.png,false,394.48,5.63,0,0,0,0,0,100 g,Breakfast,Morning,0
680534f0d035d501d3d0fe32,Not Selected,Raspberry shortbread cookies,https://pmxylbawxioitqbyntvi.supabase.co/storage/v1/object/public/meals/raspberry%20shortbread%20cookies.png,false,441.12,3,0,0,0,0,0,100 g,Breakfast,Morning,0
680534f0d035d501d3d0fe3a,Not Selected,Olive biscuit,https://pmxylbawxioitqbyntvi.supabase.co/storage/v1/object/public/meals/olive%20biscuit.png,false,438.29,3.2,0,0,0,0,0,100 g,Breakfast,Morning,0
680534f0d035d501d3d0fe49,Not Selected,Coconut pickle (Nariyal ka aachar),https://pmxylbawxioitqbyntvi.supabase.co/storage/v1/object/public/meals/coconut%20pickle%20(nariyal%20ka%20aachar).png,false,517.26,3.02,0,0,0,0,0,100 g,Breakfast,Morning,0
680534f0d035d501d3d0fe55,Not Selected,Spinach mushroom scrambled egg (Palak mushroom bhurji),https://pmxylbawxioitqbyntvi.supabase.co/storage/v1/object/public/meals/spinach%20mushroom%20scrambled%20egg%20(palak%20mushroom%20bhurji).png,false,158.85,13.28,0,0,0,0,0,100 g,Breakfast,Morning,0
680534f0d035d501d3d0fe59,Not Selected,Cabbage manchurian (Pattagobhi manchurian),https://pmxylbawxioitqbyntvi.supabase.co/storage/v1/object/public/meals/cabbage%20manchurian%20(pattagobhi%20manchurian).png,false,224.26,0.64,0,0,0,0,0,100 g,Breakfast,Morning,0
680534f0d035d501d3d0fe5a,Not Selected,Gobi 65,https://pmxylbawxioitqbyntvi.supabase.co/storage/v1/object/public/meals/gobi%2065.png,false,278.29,0.56,0,0,0,0,0,100 g,Breakfast,Morning,0
680534f0d035d501d3d0fe73,Not Selected,Moong bean dosa (Pesarattu),https://pmxylbawxioitqbyntvi.supabase.co/storage/v1/object/public/meals/moong%20bean%20dosa%20(pesarattu).png,false,285.96,12.32,0,0,0,0,0,100 g,Breakfast,Morning,0
680534f0d035d501d3d0fe76,Not Selected,Buckwheat pancake (Khura),https://pmxylbawxioitqbyntvi.supabase.co/storage/v1/object/public/meals/buckwheat%20pancake%20(khura).png,false,263.3,2.91,0,0,0,0,0,100 g,Breakfast,Morning,0
680534f0d035d501d3d0fe87,Not Selected,Honey cake,https://pmxylbawxioitqbyntvi.supabase.co/storage/v1/object/public/meals/honey%20cake.png,false,333.59,3.08,0,0,0,0,0,100 g,Breakfast,Morning,0
680534f0d035d501d3d0febb,Not Selected,Channa murmura premix,https://pmxylbawxioitqbyntvi.supabase.co/storage/v1/object/public/meals/channa%20murmura%20premix.png,false,339.09,10.59,0,0,0,0,0,100 g,Breakfast,Morning,0
680534f0d035d501d3d0feca,Not Selected,Lichi squash,https://pmxylbawxioitqbyntvi.supabase.co/storage/v1/object/public/meals/lichi%20squash.png,false,198.33,0.3,0,0,0,0,0,100 g,Breakfast,Morning,0
680534f0d035d501d3d0fee2,Not Selected,Tartare sauce,https://pmxylbawxioitqbyntvi.supabase.co/storage/v1/object/public/meals/tartare%20sauce.png,false,610.93,1.44,0,0,0,0,0,100 g,Breakfast,Morning,0
680534f0d035d501d3d0fcfd,Not Selected,Meat and macaroni casserole,https://pmxylbawxioitqbyntvi.supabase.co/storage/v1/object/public/meals/meat%20and%20macaroni%20casserole.png,false,161.55,9.15,0,0,0,0,0,100 g,Breakfast,Morning,0
680534f0d035d501d3d0fd0a,Not Selected,Urad sabut special,https://pmxylbawxioitqbyntvi.supabase.co/storage/v1/object/public/meals/urad%20sabut%20special.png,false,79.39,2.33,0,0,0,0,0,100 g,Breakfast,Morning,0
680534f0d035d501d3d0fd43,Not Selected,Broccoli delight,https://pmxylbawxioitqbyntvi.supabase.co/storage/v1/object/public/meals/broccoli%20delight.png,false,40.7,2.49,0,0,0,0,0,100 g,Breakfast,Morning,0
680534f0d035d501d3d0fd4d,Not Selected,Fricassee of Mushroom,https://pmxylbawxioitqbyntvi.supabase.co/storage/v1/object/public/meals/fricassee%20of%20mushroom.png,false,106.66,3.65,0,0,0,0,0,100 g,Breakfast,Morning,0
680534f0d035d501d3d0fd58,Not Selected,Tomato aspic,https://pmxylbawxioitqbyntvi.supabase.co/storage/v1/object/public/meals/tomato%20aspic.png,false,50.37,6.87,0,0,0,0,0,100 g,Breakfast,Morning,0
680534f0d035d501d3d0fd77,Not Selected,Grape and orange whip,https://pmxylbawxioitqbyntvi.supabase.co/storage/v1/object/public/meals/grape%20and%20orange%20whip.png,false,57.39,1.41,0,0,0,0,0,100 g,Breakfast,Morning,0
680534f0d035d501d3d0fd89,Not Selected,Dil bahar,https://pmxylbawxioitqbyntvi.supabase.co/storage/v1/object/public/meals/dil%20bahar.png,false,130.05,1.52,0,0,0,0,0,100 g,Breakfast,Morning,0
680534f0d035d501d3d0fda5,Not Selected,Tomato ginger chutney (Tamatar adarak ki chutney),https://pmxylbawxioitqbyntvi.supabase.co/storage/v1/object/public/meals/tomato%20ginger%20chutney%20(tamatar%20adarak%20ki%20chutney).png,false,44.66,1.05,0,0,0,0,0,100 g,Breakfast,Morning,0
680534f0d035d501d3d0fdae,Not Selected,Curd vegetable dip,https://pmxylbawxioitqbyntvi.supabase.co/storage/v1/object/public/meals/curd%20vegetable%20dip.png,false,56.21,3.88,0,0,0,0,0,100 g,Breakfast,Morning,0
680534f0d035d501d3d0fdbb,Not Selected,Cheese open sandwich,https://pmxylbawxioitqbyntvi.supabase.co/storage/v1/object/public/meals/cheese%20open%20sandwich.png,false,274.07,9.84,0,0,0,0,0,100 g,Breakfast,Morning,0
680534f0d035d501d3d0fdc2,Not Selected,Jam filling,https://pmxylbawxioitqbyntvi.supabase.co/storage/v1/object/public/meals/jam%20filling.png,false,184.62,0,0,0,0,0,0,100 g,Breakfast,Morning,0
680534f0d035d501d3d0fdc5,Not Selected,Orange gateau,https://pmxylbawxioitqbyntvi.supabase.co/storage/v1/object/public/meals/orange%20gateau.png,false,178.05,4.78,0,0,0,0,0,200 ml,Breakfast,Morning,0
680534f0d035d501d3d0fde0,Not Selected,Fruit puree tart,https://pmxylbawxioitqbyntvi.supabase.co/storage/v1/object/public/meals/fruit%20puree%20tart.png,false,286.5,3.35,0,0,0,0,0,100 g,Breakfast,Morning,0
680534f0d035d501d3d0fde4,Not Selected,Cream buns,https://pmxylbawxioitqbyntvi.supabase.co/storage/v1/object/public/meals/cream%20buns.png,false,215.74,4.45,0,0,0,0,0,100 g,Breakfast,Morning,0
680534f0d035d501d3d0fe02,Not Selected,Wheat flour and nuts ladoos (Atta nuts ladoos),https://pmxylbawxioitqbyntvi.supabase.co/storage/v1/object/public/meals/wheat%20flour%20and%20nuts%20ladoos%20(atta%20nuts%20ladoos).png,false,391.9,9.46,0,0,0,0,0,100 g,Breakfast,Morning,0
680534f0d035d501d3d0fe04,Not Selected,Atta dal burfi,https://pmxylbawxioitqbyntvi.supabase.co/storage/v1/object/public/meals/atta%20dal%20burfi.png,false,298.8,6.66,0,0,0,0,0,100 g,Breakfast,Morning,0
680534f0d035d501d3d0fe10,Not Selected,Orange milkshake with ice cream (Narangi milkshake ice cream ke saath),https://pmxylbawxioitqbyntvi.supabase.co/storage/v1/object/public/meals/orange%20milkshake%20with%20ice%20cream%20(narangi%20milkshake%20ice%20cream ke saath).png,false,67.82,1.95,0,0,0,0,0,100 g,Breakfast,Morning,0
680534f0d035d501d3d0fe11,Not Selected,Woodapple juice (Bel ka sharbat),https://pmxylbawxioitqbyntvi.supabase.co/storage/v1/object/public/meals/woodapple%20juice%20(bel%20ka%20sharbat).png,false,34.18,0.63,0,0,0,0,0,100 g,Breakfast,Morning,0
680534f0d035d501d3d0fe14,Not Selected,Thandai,https://pmxylbawxioitqbyntvi.supabase.co/storage/v1/object/public/meals/thandai.png,false,101.18,3.59,0,0,0,0,0,100 g,Breakfast,Morning,0
680534f0d035d501d3d0fe16,Not Selected,Apple oats chia seed smoothie,https://pmxylbawxioitqbyntvi.supabase.co/storage/v1/object/public/meals/apple%20oats%20chia%20seed%20smoothie.png,false,85.64,3.49,0,0,0,0,0,100 g,Breakfast,Morning,0
680534f0d035d501d3d0fe21,Not Selected,Kiwi granola pudding,https://pmxylbawxioitqbyntvi.supabase.co/storage/v1/object/public/meals/kiwi%20granola%20pudding.png,false,280.99,5.6,0,0,0,0,0,100 g,Breakfast,Morning,0
680534f0d035d501d3d0fe2c,Not Selected,Fish sandwich,https://pmxylbawxioitqbyntvi.supabase.co/storage/v1/object/public/meals/fish%20sandwich.png,false,150.2,4.72,0,0,0,0,0,100 g,Breakfast,Morning,0
680534f0d035d501d3d0fe63,Not Selected,Macaroni salad,https://pmxylbawxioitqbyntvi.supabase.co/storage/v1/object/public/meals/macaroni%20salad.png,false,262.19,5.02,0,0,0,0,0,280 g,Breakfast,Morning,0
680534f0d035d501d3d0fe90,Not Selected,Paneer soup,https://pmxylbawxioitqbyntvi.supabase.co/storage/v1/object/public/meals/paneer%20soup.png,false,47.85,3.22,0,0,0,0,0,100 g,Breakfast,Morning,0
680534f0d035d501d3d0fe91,Not Selected,Curried Cauliflower soup,https://pmxylbawxioitqbyntvi.supabase.co/storage/v1/object/public/meals/curried%20cauliflower%20soup.png,false,37.32,6.72,0,0,0,0,0,100 g,Breakfast,Morning,0
680534f0d035d501d3d0fe9b,Not Selected,Gujarati handvo,https://pmxylbawxioitqbyntvi.supabase.co/storage/v1/object/public/meals/gujarati%20handvo.png,false,207.09,8.24,0,0,0,0,0,100 g,Breakfast,Morning,0
680534f0d035d501d3d0fea0,Not Selected,Soya seekh kebab,https://pmxylbawxioitqbyntvi.supabase.co/storage/v1/object/public/meals/soya%20seekh%20kebab.png,false,115.05,5.4,0,0,0,0,0,100 g,Breakfast,Morning,0
680534f0d035d501d3d0febe,Not Selected,Spinach soup in milk,https://pmxylbawxioitqbyntvi.supabase.co/storage/v1/object/public/meals/spinach%20soup%20in%20milk.png,false,56.72,2.89,0,0,0,0,0,100 g,Breakfast,Morning,0
680534f0d035d501d3d0fece,Not Selected,Apple jam (Seb ka murabba),https://pmxylbawxioitqbyntvi.supabase.co/storage/v1/object/public/meals/apple%20jam%20(seb%20ka%20murabba).png,false,188.79,0.14,0,0,0,0,0,100 g,Breakfast,Morning,0
680534f0d035d501d3d0fd0b,Not Selected,Kabuli channa curry,https://pmxylbawxioitqbyntvi.supabase.co/storage/v1/object/public/meals/kabuli%20channa%20curry.png,false,68.57,2.92,0,0,0,0,0,100 g,Breakfast,Morning,0
680534f0d035d501d3d0fd2c,Not Selected,Egg curry (Anda curry),https://pmxylbawxioitqbyntvi.supabase.co/storage/v1/object/public/meals/egg%20curry%20(anda%20curry).png,false,117.52,5.38,0,0,0,0,0,100 g,Breakfast,Morning,0
680534f0d035d501d3d0fd3a,Not Selected,Okra/Lady's fingers fry (Bhindi sabzi/sabji/subji),https://pmxylbawxioitqbyntvi.supabase.co/storage/v1/object/public/meals/okra/lady's%20fingers%20fry%20(bhindi%20sabzi/sabji/subji).png,false,110.81,1.83,0,0,0,0,0,100 g,Breakfast,Morning,0
680534f0d035d501d3d0fd5d,Not Selected,Carrot raita (Gajar ka raita),https://pmxylbawxioitqbyntvi.supabase.co/storage/v1/object/public/meals/carrot%20raita%20(gajar%20ka%20raita).png,false,64.78,4.14,0,0,0,0,0,100 g,Breakfast,Morning,0
680534f0d035d501d3d0fd6f,Not Selected,Choconut ice cream,https://pmxylbawxioitqbyntvi.supabase.co/storage/v1/object/public/meals/choconut%20ice%20cream.png,false,273.96,5.04,0,0,0,0,0,100 g,Breakfast,Morning,0
680534f0d035d501d3d0fd7f,Not Selected,Cold vanilla souffle,https://pmxylbawxioitqbyntvi.supabase.co/storage/v1/object/public/meals/cold%20vanilla%20souffle.png,false,179.54,6.22,0,0,0,0,0,100 g,Breakfast,Morning,0
680534f0d035d501d3d0fd82,Not Selected,Apricot fool,https://pmxylbawxioitqbyntvi.supabase.co/storage/v1/object/public/meals/apricot%20fool.png,false,240.79,1.54,0,0,0,0,0,100 g,Breakfast,Morning,0
680534f0d035d501d3d0fd8a,Not Selected,Rasbhari,https://pmxylbawxioitqbyntvi.supabase.co/storage/v1/object/public/meals/rasbhari.png,false,130.05,1.52,0,0,0,0,0,100 g,Breakfast,Morning,0
680534f0d035d501d3d0fd92,Not Selected,Khoa ladoo,https://pmxylbawxioitqbyntvi.supabase.co/storage/v1/object/public/meals/khoa%20ladoo.png,false,396.02,12.21,0,0,0,0,0,100 g,Breakfast,Morning,0
680534f0d035d501d3d0fda9,Not Selected,Walnut chutney (Akhrot ki chutney),https://pmxylbawxioitqbyntvi.supabase.co/storage/v1/object/public/meals/walnut%20chutney%20(akhrot%20ki%20chutney).png,false,370.43,9.44,0,0,0,0,0,100 g,Breakfast,Morning,0
680534f0d035d501d3d0fdad,Not Selected,Curd mint dip,https://pmxylbawxioitqbyntvi.supabase.co/storage/v1/object/public/meals/curd%20mint%20dip.png,false,76.13,4.82,0,0,0,0,0,100 g,Breakfast,Morning,0
680534f0d035d501d3d0fdb8,Not Selected,Ribbon sandwich,https://pmxylbawxioitqbyntvi.supabase.co/storage/v1/object/public/meals/ribbon%20sandwich.png,false,239.26,6.26,0,0,0,0,0,100 g,Breakfast,Morning,0
680534f0d035d501d3d0fdbe,Not Selected,Chicken and corn open sandwich,https://pmxylbawxioitqbyntvi.supabase.co/storage/v1/object/public/meals/chicken%20and%20corn%20open%20sandwich.png,false,188.16,8.63,0,0,0,0,0,100 g,Breakfast,Morning,0
680534f0d035d501d3d0fdc0,Not Selected,Chocolate swiss roll,https://pmxylbawxioitqbyntvi.supabase.co/storage/v1/object/public/meals/chocolate%20swiss%20roll.png,false,306.08,6.01,0,0,0,0,0,100 g,Breakfast,Morning,0
680534f0d035d501d3d0fde3,Not Selected,Orange chiffon pie,https://pmxylbawxioitqbyntvi.supabase.co/storage/v1/object/public/meals/orange%20chiffon%20pie.png,false,207.57,3.89,0,0,0,0,0,100 g,Breakfast,Morning,0
680534f0d035d501d3d0fdef,Not Selected,Pulse mix,https://pmxylbawxioitqbyntvi.supabase.co/storage/v1/object/public/meals/pulse%20mix.png,false,83.29,3.16,0,0,0,0,0,100 g,Breakfast,Morning,0
680534f0d035d501d3d0fe17,Not Selected,Nannari sharbat,https://pmxylbawxioitqbyntvi.supabase.co/storage/v1/object/public/meals/nannari%20sharbat.png,false,88.79,0.01,0,0,0,0,0,100 g,Breakfast,Morning,0
680534f0d035d501d3d0fe1b,Not Selected,Coconut kheer (Nariyal ki kheer),https://pmxylbawxioitqbyntvi.supabase.co/storage/v1/object/public/meals/coconut%20kheer%20(nariyal%20ki%20kheer).png,false,162.61,3.4,0,0,0,0,0,100 g,Breakfast,Morning,0
680534f0d035d501d3d0fe1d,Not Selected,Kesari bath,https://pmxylbawxioitqbyntvi.supabase.co/storage/v1/object/public/meals/kesari%20bath.png,false,244.57,2.4,0,0,0,0,0,100 g,Breakfast,Morning,0
680534f0d035d501d3d0fe22,Not Selected,Oats burfi,https://pmxylbawxioitqbyntvi.supabase.co/storage/v1/object/public/meals/oats%20burfi.png,false,425.19,8.89,0,0,0,0,0,100 g,Breakfast,Morning,0
680534f0d035d501d3d0fe2a,Not Selected,Prawn sandwich,https://pmxylbawxioitqbyntvi.supabase.co/storage/v1/object/public/meals/prawn%20sandwich.png,false,169.65,10.36,0,0,0,0,0,100 g,Breakfast,Morning,0
680534f0d035d501d3d0fe52,Not Selected,Lemon butter fish,https://pmxylbawxioitqbyntvi.supabase.co/storage/v1/object/public/meals/lemon%20butter%20fish.png,false,160.25,16.38,0,0,0,0,0,100 g,Breakfast,Morning,0
680534f0d035d501d3d0fe5f,Not Selected,Schezwan chutney,https://pmxylbawxioitqbyntvi.supabase.co/storage/v1/object/public/meals/schezwan%20chutney.png,false,205.19,3.33,0,0,0,0,0,100 g,Breakfast,Morning,0
680534f0d035d501d3d0fe65,Not Selected,Pomegranate raita (Anaar ka raita),https://pmxylbawxioitqbyntvi.supabase.co/storage/v1/object/public/meals/pomegranate%20raita%20(anaar%20ka%20raita).png,false,72.64,4.05,0,0,0,0,0,100 g,Breakfast,Morning,0
680534f0d035d501d3d0fe68,Not Selected,Kale salad,https://pmxylbawxioitqbyntvi.supabase.co/storage/v1/object/public/meals/kale%20salad.png,false,177.71,4.86,0,0,0,0,0,280 g,Breakfast,Morning,0
680534f0d035d501d3d0fe6a,Not Selected,Masala souffle,https://pmxylbawxioitqbyntvi.supabase.co/storage/v1/object/public/meals/masala%20souffle.png,false,123.51,6.38,0,0,0,0,0,100 g,Breakfast,Morning,0
680534f0d035d501d3d0fe93,Not Selected,Lemon coriander soup,https://pmxylbawxioitqbyntvi.supabase.co/storage/v1/object/public/meals/lemon%20coriander%20soup.png,false,108.06,2.27,0,0,0,0,0,100 g,Breakfast,Morning,0
680534f0d035d501d3d0fea7,Not Selected,Cheese sauce,https://pmxylbawxioitqbyntvi.supabase.co/storage/v1/object/public/meals/cheese%20sauce.png,false,194.76,7.68,0,0,0,0,0,100 g,Breakfast,Morning,0
680534f0d035d501d3d0fec3,Not Selected,Sweet wheat porridge (Sweet dalia),https://pmxylbawxioitqbyntvi.supabase.co/storage/v1/object/public/meals/sweet%20wheat%20porridge%20(sweet%20dalia).png,false,140.66,5.11,0,0,0,0,0,100 g,Breakfast,Morning,0
680534f0d035d501d3d0fec6,Not Selected,Cracked wheat khichri/khichdi (Dalia khichri/khichdi),https://pmxylbawxioitqbyntvi.supabase.co/storage/v1/object/public/meals/cracked%20wheat%20khichri/khichdi%20(dalia%20khichri/khichdi).png,false,167.45,7.56,0,0,0,0,0,100 g,Breakfast,Morning,0
680534f0d035d501d3d0fed9,Not Selected,Plum chutney (Aloo bukhara ki chutney),https://pmxylbawxioitqbyntvi.supabase.co/storage/v1/object/public/meals/plum%20chutney%20(aloo%20bukhara%20ki%20chutney).png,false,177.11,0.47,0,0,0,0,0,100 g,Breakfast,Morning,0
680534f0d035d501d3d0fd0d,Not Selected,Dry masala chops,https://pmxylbawxioitqbyntvi.supabase.co/storage/v1/object/public/meals/dry%20masala%20chops.png,false,135.07,9.08,0,0,0,0,0,100 g,Breakfast,Morning,0
680534f0d035d501d3d0fd13,Not Selected,Indian lamb and egg curry (Nargisi kofta),https://pmxylbawxioitqbyntvi.supabase.co/storage/v1/object/public/meals/indian%20lamb%20and%20egg%20curry%20(nargisi%20kofta).png,false,335.75,3.84,0,0,0,0,0,100 g,Breakfast,Morning,0
680534f0d035d501d3d0fd1b,Not Selected,Roast chicken,https://pmxylbawxioitqbyntvi.supabase.co/storage/v1/object/public/meals/roast%20chicken.png,false,199.9,20.49,0,0,0,0,0,100 g,Breakfast,Morning,0
680534f0d035d501d3d0fd1d,Not Selected,Tomato chicken,https://pmxylbawxioitqbyntvi.supabase.co/storage/v1/object/public/meals/tomato%20chicken.png,false,111.68,10.57,0,0,0,0,0,100 g,Breakfast,Morning,0
680534f0d035d501d3d0fd20,Not Selected,Ginger chicken,https://pmxylbawxioitqbyntvi.supabase.co/storage/v1/object/public/meals/ginger%20chicken.png,false,129.17,8.24,0,0,0,0,0,100 g,Breakfast,Morning,0
680534f0d035d501d3d0fd28,Not Selected,Fish pie,https://pmxylbawxioitqbyntvi.supabase.co/storage/v1/object/public/meals/fish%20pie.png,false,120.9,9.25,0,0,0,0,0,100 g,Breakfast,Morning,0
680534f0d035d501d3d0fd3b,Not Selected,Crispy okra/Crispy lady's fingers (Karare bhindi),https://pmxylbawxioitqbyntvi.supabase.co/storage/v1/object/public/meals/crispy%20okra/crispy%20lady's%20fingers%20(karare%20bhindi).png,false,657.76,1.91,0,0,0,0,0,100 g,Breakfast,Morning,0
680534f0d035d501d3d0fd42,Not Selected,Vegetables stir fry,https://pmxylbawxioitqbyntvi.supabase.co/storage/v1/object/public/meals/vegetables%20stir%20fry.png,false,30.78,1.04,0,0,0,0,0,100 g,Breakfast,Morning,0
680534f0d035d501d3d0fd5e,Not Selected,Pumpkin raita (Kaddu ka raita),https://pmxylbawxioitqbyntvi.supabase.co/storage/v1/object/public/meals/pumpkin%20raita%20(kaddu%20ka%20raita).png,false,55.6,3.74,0,0,0,0,0,100 g,Breakfast,Morning,0
680534f0d035d501d3d0fd60,Not Selected,Spinach raita (Palak ka raita),https://pmxylbawxioitqbyntvi.supabase.co/storage/v1/object/public/meals/spinach%20raita%20(palak%20ka%20raita).png,false,52.75,3.95,0,0,0,0,0,100 g,Breakfast,Morning,0
680534f0d035d501d3d0fd68,Not Selected,Pumpkin kheer (Kaddu ki kheer),https://pmxylbawxioitqbyntvi.supabase.co/storage/v1/object/public/meals/pumpkin%20kheer%20(kaddu%20ki%20kheer).png,false,86.35,2.76,0,0,0,0,0,100 g,Breakfast,Morning,0
680534f0d035d501d3d0fd94,Not Selected,Semolina ladoo with nuts (Suji/Rava ladoo with nuts),https://pmxylbawxioitqbyntvi.supabase.co/storage/v1/object/public/meals/semolina%20ladoo%20with%20nuts%20(suji/rava%20ladoo%20with%20nuts).png,false,441.84,5.44,0,0,0,0,0,100 g,Breakfast,Morning,0
680534f0d035d501d3d0fda0,Not Selected,Vegetable samosa,https://pmxylbawxioitqbyntvi.supabase.co/storage/v1/object/public/meals/vegetable%20samosa.png,false,443.11,2.21,0,0,0,0,0,100 g,Breakfast,Morning,0
680534f0d035d501d3d0fdac,Not Selected,Dessicated coconut chutney (Sookhe kase nariyal ki chutney),https://pmxylbawxioitqbyntvi.supabase.co/storage/v1/object/public/meals/dessicated%20coconut%20chutney%20(sookhe%20kase%20nariyal%20ki%20chutney).png,false,346.36,12.88,0,0,0,0,0,100 g,Breakfast,Morning,0
680534f0d035d501d3d0fdb1,Not Selected,Tomato sandwich (grilled),https://pmxylbawxioitqbyntvi.supabase.co/storage/v1/object/public/meals/tomato%20sandwich%20(grilled).png,false,189.92,6.26,0,0,0,0,0,100 g,Breakfast,Morning,0
680534f0d035d501d3d0fdd3,Not Selected,Christmas biscuit,https://pmxylbawxioitqbyntvi.supabase.co/storage/v1/object/public/meals/christmas%20biscuit.png,false,406.07,5.67,0,0,0,0,0,100 g,Breakfast,Morning,0
680534f0d035d501d3d0fdd6,Not Selected,Christmas star biscuit,https://pmxylbawxioitqbyntvi.supabase.co/storage/v1/object/public/meals/christmas%20star%20biscuit.png,false,392.03,3.54,0,0,0,0,0,100 g,Breakfast,Morning,0
680534f0d035d501d3d0fde1,Not Selected,Apple banana pie,https://pmxylbawxioitqbyntvi.supabase.co/storage/v1/object/public/meals/apple%20banana%20pie.png,false,243.99,3.13,0,0,0,0,0,100 g,Breakfast,Morning,0
680534f0d035d501d3d0fe03,Not Selected,Gram flour and semolina dhokla (Besan suji dhokla),https://pmxylbawxioitqbyntvi.supabase.co/storage/v1/object/public/meals/gram%20flour%20and%20semolina%20dhokla%20(besan%20suji%20dhokla).png,false,198.91,8.52,0,0,0,0,0,100 g,Breakfast,Morning,0
680534f0d035d501d3d0fe0d,Not Selected,Creamed spinach,https://pmxylbawxioitqbyntvi.supabase.co/storage/v1/object/public/meals/creamed%20spinach.png,false,96.91,5.18,0,0,0,0,0,100 g,Breakfast,Morning,0
680534f0d035d501d3d0fe12,Not Selected,Sattu drink,https://pmxylbawxioitqbyntvi.supabase.co/storage/v1/object/public/meals/sattu%20drink.png,false,23.38,0.56,0,0,0,0,0,100 g,Breakfast,Morning,0
680534f0d035d501d3d0fe24,Not Selected,Amaranth ladoo (Rajgira ladoo),https://pmxylbawxioitqbyntvi.supabase.co/storage/v1/object/public/meals/amaranth%20ladoo%20(rajgira%20ladoo).png,false,454.15,10.12,0,0,0,0,0,100 g,Breakfast,Morning,0
680534f0d035d501d3d0fe3e,Not Selected,Starfruit preserves,https://pmxylbawxioitqbyntvi.supabase.co/storage/v1/object/public/meals/starfruit%20preserves.png,false,128.93,0.24,0,0,0,0,0,100 g,Breakfast,Morning,0
680534f0d035d501d3d0fe4a,Not Selected,Potato pickle (Aloo ka achaar),https://pmxylbawxioitqbyntvi.supabase.co/storage/v1/object/public/meals/potato%20pickle%20(aloo%20ka%20achaar).png,false,369.14,2.07,0,0,0,0,0,100 g,Breakfast,Morning,0
680534f0d035d501d3d0fe4d,Not Selected,Fish orly,https://pmxylbawxioitqbyntvi.supabase.co/storage/v1/object/public/meals/fish%20orly.png,false,563.7,5.87,0,0,0,0,0,100 g,Breakfast,Morning,0
680534f0d035d501d3d0fe5c,Not Selected,Roasted cauliflower steak,https://pmxylbawxioitqbyntvi.supabase.co/storage/v1/object/public/meals/roasted%20cauliflower%20steak.png,false,78.68,2.05,0,0,0,0,0,200 ml,Breakfast,Morning,0
680534f0d035d501d3d0fe74,Not Selected,Methi thepla,https://pmxylbawxioitqbyntvi.supabase.co/storage/v1/object/public/meals/methi%20thepla.png,false,346.16,8.98,0,0,0,0,0,100 g,Breakfast,Morning,0
680534f0d035d501d3d0fe7f,Not Selected,Spicy corn chaat,https://pmxylbawxioitqbyntvi.supabase.co/storage/v1/object/public/meals/spicy%20corn%20chaat.png,false,479.8,4.61,0,0,0,0,0,100 g,Breakfast,Morning,0
680534f0d035d501d3d0fe98,Not Selected,Horsegram dal (Kulthi dal),https://pmxylbawxioitqbyntvi.supabase.co/storage/v1/object/public/meals/horsegram%20dal%20(kulthi%20dal).png,false,55.65,2.91,0,0,0,0,0,100 g,Breakfast,Morning,0
680534f0d035d501d3d0fea1,Not Selected,Classic seasoned black beans,https://pmxylbawxioitqbyntvi.supabase.co/storage/v1/object/public/meals/classic%20seasoned%20black%20beans.png,false,28.78,8.01,0,0,0,0,0,100 g,Breakfast,Morning,0
680534f0d035d501d3d0feb7,Not Selected,Glace icing,https://pmxylbawxioitqbyntvi.supabase.co/storage/v1/object/public/meals/glace%20icing.png,false,323.51,0.01,0,0,0,0,0,100 g,Breakfast,Morning,0
680534f0d035d501d3d0febc,Not Selected,Cracked wheat and green gram dal premix (Dalia moong dal premix),https://pmxylbawxioitqbyntvi.supabase.co/storage/v1/object/public/meals/cracked%20wheat%20and%20green%20gram%20dal%20premix%20(dalia%20moong%20dal%20premix).png,false,362.16,15.89,0,0,0,0,0,100 g,Breakfast,Morning,0
680534f0d035d501d3d0febd,Not Selected,Rice flakes and roasted channa,https://pmxylbawxioitqbyntvi.supabase.co/storage/v1/object/public/meals/rice%20flakes%20and%20roasted%20channa.png,false,333.4,10.57,0,0,0,0,0,100 g,Breakfast,Morning,0
680534f0d035d501d3d0fed1,Not Selected,Guava jelly (Amrood ki jelly),https://pmxylbawxioitqbyntvi.supabase.co/storage/v1/object/public/meals/guava%20jelly%20(amrood%20ki%20jelly).png,false,115.74,1.11,0,0,0,0,0,100 g,Breakfast,Morning,0
680534f0d035d501d3d0fed8,Not Selected,Sweet lemon pickle (Neembu ka meetha achaar),https://pmxylbawxioitqbyntvi.supabase.co/storage/v1/object/public/meals/sweet%20lemon%20pickle%20(neembu%20ka%20meetha%20achaar).png,false,69.54,1.22,0,0,0,0,0,100 g,Breakfast,Morning,0
680534f0d035d501d3d0fd06,Not Selected,Moong dal with vadi,https://pmxylbawxioitqbyntvi.supabase.co/storage/v1/object/public/meals/moong%20dal%20with%20vadi.png,false,24.08,0.4,0,0,0,0,0,100 g,Breakfast,Morning,0
680534f0d035d501d3d0fd08,Not Selected,Rasam with lemon (Nimmakaya rasam/Nimmakaya charu/Elumichai rasam/Nimbe hannina saaru),https://pmxylbawxioitqbyntvi.supabase.co/storage/v1/object/public/meals/rasam%20with%20lemon%20(nimmakaya%20rasam/nimmakaya%20charu/elumichai%20rasam/nimbe%20hannina%20saaru).png,false,24.41,1.11,0,0,0,0,0,100 g,Breakfast,Morning,0
680534f0d035d501d3d0fd10,Not Selected,Minced meat ball curry,https://pmxylbawxioitqbyntvi.supabase.co/storage/v1/object/public/meals/minced%20meat%20ball%20curry.png,false,109.79,6.82,0,0,0,0,0,100 g,Breakfast,Morning,0
680534f0d035d501d3d0fd26,Not Selected,Prawn curry (with coconut) (Jhinga curry),https://pmxylbawxioitqbyntvi.supabase.co/storage/v1/object/public/meals/prawn%20curry%20(with%20coconut)%20(jhinga%20curry).png,false,109.55,8.54,0,0,0,0,0,100 g,Breakfast,Morning,0
680534f0d035d501d3d0fd2a,Not Selected,Fish souffle,https://pmxylbawxioitqbyntvi.supabase.co/storage/v1/object/public/meals/fish%20souffle.png,false,139.71,10.51,0,0,0,0,0,100 g,Breakfast,Morning,0
680534f0d035d501d3d0fd2e,Not Selected,Curd with potatoes (Dahi aloo),https://pmxylbawxioitqbyntvi.supabase.co/storage/v1/object/public/meals/curd%20with%20potatoes%20(dahi%20aloo).png,false,59.9,1.56,0,0,0,0,0,100 g,Breakfast,Morning,0
680534f0d035d501d3d0fd48,Not Selected,Roast potatoes,https://pmxylbawxioitqbyntvi.supabase.co/storage/v1/object/public/meals/roast%20potatoes.png,false,87.32,1.53,0,0,0,0,0,100 g,Breakfast,Morning,0
680534f0d035d501d3d0fd4c,Not Selected,Creamed spinach and mushroom,https://pmxylbawxioitqbyntvi.supabase.co/storage/v1/object/public/meals/creamed%20spinach%20and%20mushroom.png,false,419.62,2.28,0,0,0,0,0,100 g,Breakfast,Morning,0
680534f0d035d501d3d0fd56,Not Selected,Chicken and tomato towers,https://pmxylbawxioitqbyntvi.supabase.co/storage/v1/object/public/meals/chicken%20and%20tomato%20towers.png,false,100.55,6.9,0,0,0,0,0,100 g,Breakfast,Morning,0
680534f0d035d501d3d0fd5b,Not Selected,Mayonnaise without eggs,https://pmxylbawxioitqbyntvi.supabase.co/storage/v1/object/public/meals/mayonnaise%20without%20eggs.png,false,329.05,2.13,0,0,0,0,0,100 g,Breakfast,Morning,0
680534f0d035d501d3d0fd64,Not Selected,Mango raita (Aam ka raita),https://pmxylbawxioitqbyntvi.supabase.co/storage/v1/object/public/meals/mango%20raita%20(aam%20ka%20raita).png,false,67.37,3.9,0,0,0,0,0,100 g,Breakfast,Morning,0
680534f0d035d501d3d0fd6d,Not Selected,Strawberry ice cream,https://pmxylbawxioitqbyntvi.supabase.co/storage/v1/object/public/meals/strawberry%20ice%20cream.png,false,215.61,4.15,0,0,0,0,0,100 g,Breakfast,Morning,0
680534f0d035d501d3d0fd8f,Not Selected,Danedar burfi,https://pmxylbawxioitqbyntvi.supabase.co/storage/v1/object/public/meals/danedar%20burfi.png,false,102.68,3.24,0,0,0,0,0,100 g,Breakfast,Morning,0
680534f0d035d501d3d0fd9e,Not Selected,Egg cutlet (Anda cutlet),https://pmxylbawxioitqbyntvi.supabase.co/storage/v1/object/public/meals/egg%20cutlet%20(anda%20cutlet).png,false,575.02,2.45,0,0,0,0,0,100 g,Breakfast,Morning,0
680534f0d035d501d3d0fda3,Not Selected,Khaman (dhokla),https://pmxylbawxioitqbyntvi.supabase.co/storage/v1/object/public/meals/khaman%20(dhokla).png,false,54.73,1.92,0,0,0,0,0,100 g,Breakfast,Morning,0
680534f0d035d501d3d0fda8,Not Selected,Gooseberry chutney (Amla chutney),https://pmxylbawxioitqbyntvi.supabase.co/storage/v1/object/public/meals/gooseberry%20chutney%20(amla%20chutney).png,false,43.02,1.44,0,0,0,0,0,100 g,Breakfast,Morning,0
680534f0d035d501d3d0fdbc,Not Selected,Sunset and sunrise open sandwich,https://pmxylbawxioitqbyntvi.supabase.co/storage/v1/object/public/meals/sunset%20and%20sunrise%20open%20sandwich.png,false,241.31,8.58,0,0,0,0,0,100 g,Breakfast,Morning,0
680534f0d035d501d3d0fdcc,Not Selected,Chocolate glace icing,https://pmxylbawxioitqbyntvi.supabase.co/storage/v1/object/public/meals/chocolate%20glace%20icing.png,false,436.29,3.22,0,0,0,0,0,100 g,Breakfast,Morning,0
680534f0d035d501d3d0fdd7,Not Selected,Christmas tree biscuit,https://pmxylbawxioitqbyntvi.supabase.co/storage/v1/object/public/meals/christmas%20tree%20biscuit.png,false,385.63,5.43,0,0,0,0,0,100 g,Breakfast,Morning,0
680534f0d035d501d3d0fddf,Not Selected,Orange cream flan,https://pmxylbawxioitqbyntvi.supabase.co/storage/v1/object/public/meals/orange%20cream%20flan.png,false,280.28,4.73,0,0,0,0,0,100 g,Breakfast,Morning,0
680534f0d035d501d3d0fde9,Not Selected,Savoury cheese horns,https://pmxylbawxioitqbyntvi.supabase.co/storage/v1/object/public/meals/savoury%20cheese%20horns.png,false,295.15,5.66,0,0,0,0,0,100 g,Breakfast,Morning,0
680534f0d035d501d3d0fe05,Not Selected,Soya roti,https://pmxylbawxioitqbyntvi.supabase.co/storage/v1/object/public/meals/soya%20roti.png,false,283.96,9.18,0,0,0,0,0,100 g,Breakfast,Morning,0
680534f0d035d501d3d0fe07,Not Selected,Namkeen daliya,https://pmxylbawxioitqbyntvi.supabase.co/storage/v1/object/public/meals/namkeen%20daliya.png,false,295.11,8.29,0,0,0,0,0,100 g,Breakfast,Morning,0
680534f0d035d501d3d0fe0e,Not Selected,Mango milkshake with ice cream (Aam milkshake ice cream ke saath),https://pmxylbawxioitqbyntvi.supabase.co/storage/v1/object/public/meals/mango%20milkshake%20with%20ice%20cream%20(aam%20milkshake%20ice%20cream ke saath).png,false,68.35,1.93,0,0,0,0,0,100 g,Breakfast,Morning,0
680534f0d035d501d3d0fe1f,Not Selected,Mango malpua,https://pmxylbawxioitqbyntvi.supabase.co/storage/v1/object/public/meals/mango%20malpua.png,false,334.64,1.65,0,0,0,0,0,100 g,Breakfast,Morning,0
680534f0d035d501d3d0fe23,Not Selected,Lotus seed halwa (Kamal gattay ka halwa),https://pmxylbawxioitqbyntvi.supabase.co/storage/v1/object/public/meals/lotus%20seed%20halwa%20(kamal%20gattay%20ka%20halwa).png,false,370.55,7.79,0,0,0,0,0,100 g,Breakfast,Morning,0
680534f0d035d501d3d0fe2e,Not Selected,Finger millet biscuit (Ragi biscuit),https://pmxylbawxioitqbyntvi.supabase.co/storage/v1/object/public/meals/finger%20millet%20biscuit%20(ragi%20biscuit).png,false,458.56,4.03,0,0,0,0,0,100 g,Breakfast,Morning,0
680534f0d035d501d3d0fe38,Not Selected,Milk cookies,https://pmxylbawxioitqbyntvi.supabase.co/storage/v1/object/public/meals/milk%20cookies.png,false,459.43,10.49,0,0,0,0,0,100 g,Breakfast,Morning,0
680534f0d035d501d3d0fe39,Not Selected,Cranberry cookies,https://pmxylbawxioitqbyntvi.supabase.co/storage/v1/object/public/meals/cranberry%20cookies.png,false,272.48,3.92,0,0,0,0,0,100 g,Breakfast,Morning,0
680534f0d035d501d3d0fe46,Not Selected,Small onion pickle,https://pmxylbawxioitqbyntvi.supabase.co/storage/v1/object/public/meals/small%20onion%20pickle.png,false,16.86,1.65,0,0,0,0,0,100 g,Breakfast,Morning,0
680534f0d035d501d3d0fe4e,Not Selected,Hariyali Fish Tikka,https://pmxylbawxioitqbyntvi.supabase.co/storage/v1/object/public/meals/hariyali%20fish%20tikka.png,false,150.24,14.01,0,0,0,0,0,100 g,Breakfast,Morning,0
680534f0d035d501d3d0fe75,Not Selected,Rice puttu (Ari puttu),https://pmxylbawxioitqbyntvi.supabase.co/storage/v1/object/public/meals/rice%20puttu%20(ari%20puttu).png,false,81.98,1.26,0,0,0,0,0,100 g,Breakfast,Morning,0
680534f0d035d501d3d0fe97,Not Selected,Split bengal gram dal (Channa dal),https://pmxylbawxioitqbyntvi.supabase.co/storage/v1/object/public/meals/split%20bengal%20gram%20dal%20(channa%20dal).png,false,99.67,4.15,0,0,0,0,0,100 g,Breakfast,Morning,0
680534f0d035d501d3d0fe9e,Not Selected,Jowar dosa,https://pmxylbawxioitqbyntvi.supabase.co/storage/v1/object/public/meals/jowar%20dosa.png,false,294.35,8.5,0,0,0,0,0,100 g,Breakfast,Morning,0
680534f0d035d501d3d0fead,Not Selected,Pasta spinach sauce,https://pmxylbawxioitqbyntvi.supabase.co/storage/v1/object/public/meals/pasta%20spinach%20sauce.png,false,85.46,1.76,0,0,0,0,0,100 g,Breakfast,Morning,0
680534f0d035d501d3d0feae,Not Selected,Pasta cheese sauce,https://pmxylbawxioitqbyntvi.supabase.co/storage/v1/object/public/meals/pasta%20cheese%20sauce.png,false,149.26,4.33,0,0,0,0,0,100 g,Breakfast,Morning,0
680534f0d035d501d3d0feb2,Not Selected,Curd dip,https://pmxylbawxioitqbyntvi.supabase.co/storage/v1/object/public/meals/curd%20dip.png,false,79.95,5.04,0,0,0,0,0,100 g,Breakfast,Morning,0
680534f0d035d501d3d0fec9,Not Selected,Orange squash (Santre ka squash),https://pmxylbawxioitqbyntvi.supabase.co/storage/v1/object/public/meals/orange%20squash%20(santre%20ka%20squash).png,false,193.26,0.22,0,0,0,0,0,100 g,Breakfast,Morning,0
680534f0d035d501d3d0fedf,Not Selected,Kashmiri masala,https://pmxylbawxioitqbyntvi.supabase.co/storage/v1/object/public/meals/kashmiri%20masala.png,false,389.02,8.26,0,0,0,0,0,100 g,Breakfast,Morning,0
680534f0d035d501d3d0fee3,Not Selected,Barbeque sauce,https://pmxylbawxioitqbyntvi.supabase.co/storage/v1/object/public/meals/barbeque%20sauce.png,false,121.93,0.96,0,0,0,0,0,100 g,Breakfast,Morning,0
680534f0d035d501d3d0fee5,Not Selected,Green chilli sauce,https://pmxylbawxioitqbyntvi.supabase.co/storage/v1/object/public/meals/green%20chilli%20sauce.png,false,46.06,1.25,0,0,0,0,0,100 g,Breakfast,Morning,0
680534f0d035d501d3d0fd19,Not Selected,Spinach mushroom (Palak mushroom),https://pmxylbawxioitqbyntvi.supabase.co/storage/v1/object/public/meals/spinach%20mushroom%20(palak%20mushroom).png,false,47.63,1.94,0,0,0,0,0,100 g,Breakfast,Morning,0
680534f0d035d501d3d0fd2f,Not Selected,Potato kofta curry (Aloo kofta curry),https://pmxylbawxioitqbyntvi.supabase.co/storage/v1/object/public/meals/potato%20kofta%20curry%20(aloo%20kofta%20curry).png,false,455.4,0.56,0,0,0,0,0,100 g,Breakfast,Morning,0
680534f0d035d501d3d0fd46,Not Selected,Stuffed bottle gourd (Stuffed ghiya/lauki),https://pmxylbawxioitqbyntvi.supabase.co/storage/v1/object/public/meals/stuffed%20bottle%20gourd%20(stuffed%20ghiya/lauki).png,false,93.19,5.84,0,0,0,0,0,100 g,Breakfast,Morning,0
680534f0d035d501d3d0fd4f,Not Selected,Vegetable and cheese pie,https://pmxylbawxioitqbyntvi.supabase.co/storage/v1/object/public/meals/vegetable%20and%20cheese%20pie.png,false,126.88,4.03,0,0,0,0,0,100 g,Breakfast,Morning,0
680534f0d035d501d3d0fd61,Not Selected,Bathua raita,https://pmxylbawxioitqbyntvi.supabase.co/storage/v1/object/public/meals/bathua%20raita.png,false,54.4,4.13,0,0,0,0,0,100 g,Breakfast,Morning,0
680534f0d035d501d3d0fdaa,Not Selected,Saunth/Sonth chutney with ginger,https://pmxylbawxioitqbyntvi.supabase.co/storage/v1/object/public/meals/saunth/sonth%20chutney%20with%20ginger.png,false,84.22,0.28,0,0,0,0,0,100 g,Breakfast,Morning,0
680534f0d035d501d3d0fdab,Not Selected,Gun powder chutney,https://pmxylbawxioitqbyntvi.supabase.co/storage/v1/object/public/meals/gun%20powder%20chutney.png,false,312.34,21.55,0,0,0,0,0,100 g,Breakfast,Morning,0
680534f0d035d501d3d0fdc3,Not Selected,Chocolate pastry,https://pmxylbawxioitqbyntvi.supabase.co/storage/v1/object/public/meals/chocolate%20pastry.png,false,243.37,7.05,0,0,0,0,0,100 g,Breakfast,Morning,0
680534f0d035d501d3d0fdc8,Not Selected,Dundee cake,https://pmxylbawxioitqbyntvi.supabase.co/storage/v1/object/public/meals/dundee%20cake.png,false,396.62,7.78,0,0,0,0,0,100 g,Breakfast,Morning,0
680534f0d035d501d3d0fdd9,Not Selected,Jelly biscuit,https://pmxylbawxioitqbyntvi.supabase.co/storage/v1/object/public/meals/jelly%20biscuit.png,false,404.61,4.23,0,0,0,0,0,100 g,Breakfast,Morning,0
680534f0d035d501d3d0fdf6,Not Selected,Vegetable mix,https://pmxylbawxioitqbyntvi.supabase.co/storage/v1/object/public/meals/vegetable%20mix.png,false,174.21,4.7,0,0,0,0,0,100 g,Breakfast,Morning,0
680534f0d035d501d3d0fdfe,Not Selected,Fermented bengal gram vada (Khameerikrit/Ufna hua channa dal ka vada),https://pmxylbawxioitqbyntvi.supabase.co/storage/v1/object/public/meals/fermented%20bengal%20gram%20vada%20(khameerikrit/ufna%20hua%20channa%20dal%20ka%20vada).png,false,657.57,4.05,0,0,0,0,0,100 g,Breakfast,Morning,0
680534f0d035d501d3d0fe45,Not Selected,Pickled mustard greens,https://pmxylbawxioitqbyntvi.supabase.co/storage/v1/object/public/meals/pickled%20mustard%20greens.png,false,13.12,1.51,0,0,0,0,0,100 g,Breakfast,Morning,0
680534f0d035d501d3d0fe50,Not Selected,Handi chicken,https://pmxylbawxioitqbyntvi.supabase.co/storage/v1/object/public/meals/handi%20chicken.png,false,166.02,12.32,0,0,0,0,0,100 g,Breakfast,Morning,0
680534f0d035d501d3d0fe54,Not Selected,Egg in a pepper,https://pmxylbawxioitqbyntvi.supabase.co/storage/v1/object/public/meals/egg%20in%20a%20pepper.png,false,128.78,12.64,0,0,0,0,0,100 g,Breakfast,Morning,0
680534f0d035d501d3d0fe7d,Not Selected,Bhel puri,https://pmxylbawxioitqbyntvi.supabase.co/storage/v1/object/public/meals/bhel%20puri.png,false,509.89,3.52,0,0,0,0,0,100 g,Breakfast,Morning,0
680534f0d035d501d3d0fe83,Not Selected,Mango cheesecake,https://pmxylbawxioitqbyntvi.supabase.co/storage/v1/object/public/meals/mango%20cheesecake.png,false,152.46,2.39,0,0,0,0,0,100 g,Breakfast,Morning,0
680534f0d035d501d3d0fe94,Not Selected,Garlic soup,https://pmxylbawxioitqbyntvi.supabase.co/storage/v1/object/public/meals/garlic%20soup.png,false,194.86,2.38,0,0,0,0,0,100 g,Breakfast,Morning,0
680534f0d035d501d3d0feaf,Not Selected,Mayonnaise,https://pmxylbawxioitqbyntvi.supabase.co/storage/v1/object/public/meals/mayonnaise.png,false,774.86,1.86,0,0,0,0,0,100 g,Breakfast,Morning,0
680534f0d035d501d3d0feb0,Not Selected,Low calorie quick mayonnaise,https://pmxylbawxioitqbyntvi.supabase.co/storage/v1/object/public/meals/low%20calorie%20quick%20mayonnaise.png,false,242.89,1.41,0,0,0,0,0,100 g,Breakfast,Morning,0
680534f0d035d501d3d0febf,Not Selected,Vegetable soup,https://pmxylbawxioitqbyntvi.supabase.co/storage/v1/object/public/meals/vegetable%20soup.png,false,55.21,2.22,0,0,0,0,0,100 g,Breakfast,Morning,0
680534f0d035d501d3d0fed3,Not Selected,Carrot murabba (Gajar ka murabba),https://pmxylbawxioitqbyntvi.supabase.co/storage/v1/object/public/meals/carrot%20murabba%20(gajar%20ka%20murabba).png,false,175.24,0.32,0,0,0,0,0,100 g,Breakfast,Morning,0
680534f0d035d501d3d0fed5,Not Selected,Ginger candy (Adrak ki candy),https://pmxylbawxioitqbyntvi.supabase.co/storage/v1/object/public/meals/ginger%20candy%20(adrak%20ki%20candy).png,false,195.71,0.69,0,0,0,0,0,100 g,Breakfast,Morning,0
680534f0d035d501d3d0fed7,Not Selected,Mixed vegetable pickle (Sabziyoon ka achaar),https://pmxylbawxioitqbyntvi.supabase.co/storage/v1/object/public/meals/mixed%20vegetable%20pickle%20(sabziyoon%20ka%20achaar).png,false,211.2,1.9,0,0,0,0,0,100 g,Breakfast,Morning,0
680534f0d035d501d3d0fedd,Not Selected,Garam masala,https://pmxylbawxioitqbyntvi.supabase.co/storage/v1/object/public/meals/garam%20masala.png,false,254.21,9.89,0,0,0,0,0,100 g,Breakfast,Morning,0
680534f0d035d501d3d0fcf6,Not Selected,Plain dosa,https://pmxylbawxioitqbyntvi.supabase.co/storage/v1/object/public/meals/plain%20dosa.png,false,380.91,10.34,0,0,0,0,0,100 g,Breakfast,Morning,0
680534f0d035d501d3d0fcff,Not Selected,Spaghetti with paneer balls and tomato sauce,https://pmxylbawxioitqbyntvi.supabase.co/storage/v1/object/public/meals/spaghetti%20with%20paneer%20balls%20and%20tomato%20sauce.png,false,158.54,3.95,0,0,0,0,0,100 g,Breakfast,Morning,0
680534f0d035d501d3d0fd07,Not Selected,Rasam with tamarind (Puli rasam/ Chintapandu rasam/ Charu/Saaru),https://pmxylbawxioitqbyntvi.supabase.co/storage/v1/object/public/meals/rasam%20with%20tamarind%20(puli%20rasam/%20chintapandu%20rasam/%20charu/saaru).png,false,26.74,1.13,0,0,0,0,0,100 g,Breakfast,Morning,0
680534f0d035d501d3d0fd16,Not Selected,Mushroom matar,https://pmxylbawxioitqbyntvi.supabase.co/storage/v1/object/public/meals/mushroom%20matar.png,false,70.77,2.79,0,0,0,0,0,100 g,Breakfast,Morning,0
680534f0d035d501d3d0fd38,Not Selected,Masala arbi,https://pmxylbawxioitqbyntvi.supabase.co/storage/v1/object/public/meals/masala%20arbi.png,false,185.38,3.01,0,0,0,0,0,100 g,Breakfast,Morning,0
680534f0d035d501d3d0fd3f,Not Selected,Yam fried (Zimikand/Suran fried),https://pmxylbawxioitqbyntvi.supabase.co/storage/v1/object/public/meals/yam%20fried%20(zimikand/suran%20fried).png,false,491.76,0.79,0,0,0,0,0,100 g,Breakfast,Morning,0
680534f0d035d501d3d0fd53,Not Selected,Tossed green salad,https://pmxylbawxioitqbyntvi.supabase.co/storage/v1/object/public/meals/tossed%20green%20salad.png,false,49.88,1.33,0,0,0,0,0,280 g,Breakfast,Morning,0
680534f0d035d501d3d0fd54,Not Selected,Spring basket salad,https://pmxylbawxioitqbyntvi.supabase.co/storage/v1/object/public/meals/spring%20basket%20salad.png,false,160.46,3.36,0,0,0,0,0,280 g,Breakfast,Morning,0
680534f0d035d501d3d0fd70,Not Selected,Pear chocholate sunday,https://pmxylbawxioitqbyntvi.supabase.co/storage/v1/object/public/meals/pear%20chocholate%20sunday.png,false,183.49,2.08,0,0,0,0,0,100 g,Breakfast,Morning,0
680534f0d035d501d3d0fd71,Not Selected,Chocolate sauce,https://pmxylbawxioitqbyntvi.supabase.co/storage/v1/object/public/meals/chocolate%20sauce.png,false,263.2,1.91,0,0,0,0,0,100 g,Breakfast,Morning,0
680534f0d035d501d3d0fd9d,Not Selected,Poshtik cutlet,https://pmxylbawxioitqbyntvi.supabase.co/storage/v1/object/public/meals/poshtik%20cutlet.png,false,496.45,2,0,0,0,0,0,100 g,Breakfast,Morning,0
680534f0d035d501d3d0fdb3,Not Selected,Peanut butter cucumber sandwich,https://pmxylbawxioitqbyntvi.supabase.co/storage/v1/object/public/meals/peanut%20butter%20cucumber%20sandwich.png,false,243.33,9.04,0,0,0,0,0,100 g,Breakfast,Morning,0
680534f0d035d501d3d0fdba,Not Selected,Submarine sandwich,https://pmxylbawxioitqbyntvi.supabase.co/storage/v1/object/public/meals/submarine%20sandwich.png,false,216.92,6.09,0,0,0,0,0,100 g,Breakfast,Morning,0
680534f0d035d501d3d0fe0a,Not Selected,Poshtik chilla/cheela,https://pmxylbawxioitqbyntvi.supabase.co/storage/v1/object/public/meals/poshtik%20chilla/cheela.png,false,159.53,4.85,0,0,0,0,0,100 g,Breakfast,Morning,0
680534f0d035d501d3d0fe47,Not Selected,Green tomato pickle (Haray tamatar ka achaar),https://pmxylbawxioitqbyntvi.supabase.co/storage/v1/object/public/meals/green%20tomato%20pickle%20(haray%20tamatar%20ka%20achaar).png,false,193.26,1.23,0,0,0,0,0,100 g,Breakfast,Morning,0
680534f0d035d501d3d0fe58,Not Selected,Paaner do pyaza,https://pmxylbawxioitqbyntvi.supabase.co/storage/v1/object/public/meals/paaner%20do%20pyaza.png,false,127.7,4.22,0,0,0,0,0,100 g,Breakfast,Morning,0
680534f0d035d501d3d0fe7c,Not Selected,Rice murukku,https://pmxylbawxioitqbyntvi.supabase.co/storage/v1/object/public/meals/rice%20murukku.png,false,593.99,5.41,0,0,0,0,0,100 g,Breakfast,Morning,0
680534f0d035d501d3d0fe81,Not Selected,Banana chips (Kele ke chips),https://pmxylbawxioitqbyntvi.supabase.co/storage/v1/object/public/meals/banana%20chips%20(kele%20ke%20chips).png,false,665.67,0.37,0,0,0,0,0,100 g,Breakfast,Morning,0
680534f0d035d501d3d0fe82,Not Selected,Wheat cake,https://pmxylbawxioitqbyntvi.supabase.co/storage/v1/object/public/meals/wheat%20cake.png,false,314.63,4.79,0,0,0,0,0,100 g,Breakfast,Morning,0
680534f0d035d501d3d0fe8f,Not Selected,Sweet corn soup,https://pmxylbawxioitqbyntvi.supabase.co/storage/v1/object/public/meals/sweet%20corn%20soup.png,false,32.25,0.99,0,0,0,0,0,100 g,Breakfast,Morning,0
680534f0d035d501d3d0fea3,Not Selected,Garlic chickpea soup (Lahasun aur chane ka shoraba),https://pmxylbawxioitqbyntvi.supabase.co/storage/v1/object/public/meals/garlic%20chickpea%20soup%20(lahasun%20aur%20chane%20ka%20shoraba).png,false,89.53,4.45,0,0,0,0,0,100 g,Breakfast,Morning,0
680534f0d035d501d3d0fea8,Not Selected,Egg sauce,https://pmxylbawxioitqbyntvi.supabase.co/storage/v1/object/public/meals/egg%20sauce.png,false,146.85,5.97,0,0,0,0,0,100 g,Breakfast,Morning,0
680534f0d035d501d3d0feab,Not Selected,Brown sauce,https://pmxylbawxioitqbyntvi.supabase.co/storage/v1/object/public/meals/brown%20sauce.png,false,109.18,11.92,0,0,0,0,0,100 g,Breakfast,Morning,0
680534f0d035d501d3d0fcf8,Not Selected,Masala dosa paneer fillings,https://pmxylbawxioitqbyntvi.supabase.co/storage/v1/object/public/meals/masala%20dosa%20paneer%20fillings.png,false,243.12,10.31,0,0,0,0,0,100 g,Breakfast,Morning,0
680534f0d035d501d3d0fd49,Not Selected,Stuffed baked potatoes,https://pmxylbawxioitqbyntvi.supabase.co/storage/v1/object/public/meals/stuffed%20baked%20potatoes.png,false,100.2,3.82,0,0,0,0,0,100 g,Breakfast,Morning,0
680534f0d035d501d3d0fd57,Not Selected,Jellied sunshine fruit salad,https://pmxylbawxioitqbyntvi.supabase.co/storage/v1/object/public/meals/jellied%20sunshine%20fruit%20salad.png,false,48.86,5.85,0,0,0,0,0,280 g,Breakfast,Morning,0
680534f0d035d501d3d0fd63,Not Selected,Banana raita (Kele ka raita),https://pmxylbawxioitqbyntvi.supabase.co/storage/v1/object/public/meals/banana%20raita%20(kele%20ka%20raita).png,false,89.03,4.13,0,0,0,0,0,100 g,Breakfast,Morning,0
680534f0d035d501d3d0fd65,Not Selected,Guava raita (Amarood ka raita),https://pmxylbawxioitqbyntvi.supabase.co/storage/v1/object/public/meals/guava%20raita%20(amarood%20ka%20raita).png,false,64.36,4.19,0,0,0,0,0,100 g,Breakfast,Morning,0
680534f0d035d501d3d0fd66,Not Selected,Grapes raita (Angoor ka raita),https://pmxylbawxioitqbyntvi.supabase.co/storage/v1/object/public/meals/grapes%20raita%20(angoor%20ka%20raita).png,false,72.59,3.98,0,0,0,0,0,100 g,Breakfast,Morning,0
680534f0d035d501d3d0fd69,Not Selected,Apple kheer (Seb ki kheer),https://pmxylbawxioitqbyntvi.supabase.co/storage/v1/object/public/meals/apple%20kheer%20(seb%20ki%20kheer).png,false,81.3,2.14,0,0,0,0,0,100 g,Breakfast,Morning,0
680534f0d035d501d3d0fd72,Not Selected,Coffee ice cream,https://pmxylbawxioitqbyntvi.supabase.co/storage/v1/object/public/meals/coffee%20ice%20cream.png,false,150.62,3.15,0,0,0,0,0,200 ml,Breakfast,Morning,0
680534f0d035d501d3d0fd7a,Not Selected,Fruit delight,https://pmxylbawxioitqbyntvi.supabase.co/storage/v1/object/public/meals/fruit%20delight.png,false,107.09,2.09,0,0,0,0,0,100 g,Breakfast,Morning,0
680534f0d035d501d3d0fd7c,Not Selected,Cold lemon souffle,https://pmxylbawxioitqbyntvi.supabase.co/storage/v1/object/public/meals/cold%20lemon%20souffle.png,false,169.87,5.89,0,0,0,0,0,100 g,Breakfast,Morning,0
680534f0d035d501d3d0fd8d,Not Selected,Rasmalai,https://pmxylbawxioitqbyntvi.supabase.co/storage/v1/object/public/meals/rasmalai.png,false,135.55,1.61,0,0,0,0,0,100 g,Breakfast,Morning,0
680534f0d035d501d3d0fdb2,Not Selected,French sandwich (toasted),https://pmxylbawxioitqbyntvi.supabase.co/storage/v1/object/public/meals/french%20sandwich%20(toasted).png,false,186.75,6.82,0,0,0,0,0,100 g,Breakfast,Morning,0
680534f0d035d501d3d0fdcb,Not Selected,Orange eggless cake,https://pmxylbawxioitqbyntvi.supabase.co/storage/v1/object/public/meals/orange%20eggless%20cake.png,false,355.62,7.16,0,0,0,0,0,100 g,Breakfast,Morning,0
680534f0d035d501d3d0fdcd,Not Selected,Butter icing,https://pmxylbawxioitqbyntvi.supabase.co/storage/v1/object/public/meals/butter%20icing.png,false,500.72,0.19,0,0,0,0,0,100 g,Breakfast,Morning,0
680534f0d035d501d3d0fdd4,Not Selected,Christmas wreath biscuit,https://pmxylbawxioitqbyntvi.supabase.co/storage/v1/object/public/meals/christmas%20wreath%20biscuit.png,false,386.05,5.43,0,0,0,0,0,100 g,Breakfast,Morning,0
680534f0d035d501d3d0fdd5,Not Selected,Christmas bell biscuit,https://pmxylbawxioitqbyntvi.supabase.co/storage/v1/object/public/meals/christmas%20bell%20biscuit.png,false,404.85,5.66,0,0,0,0,0,100 g,Breakfast,Morning,0
680534f0d035d501d3d0fddc,Not Selected,Butterfly biscuit,https://pmxylbawxioitqbyntvi.supabase.co/storage/v1/object/public/meals/butterfly%20biscuit.png,false,341.45,9.98,0,0,0,0,0,100 g,Breakfast,Morning,0
680534f0d035d501d3d0fdde,Not Selected,Fruit flan,https://pmxylbawxioitqbyntvi.supabase.co/storage/v1/object/public/meals/fruit%20flan.png,false,261.35,3.3,0,0,0,0,0,100 g,Breakfast,Morning,0
680534f0d035d501d3d0fded,Not Selected,Sajina,https://pmxylbawxioitqbyntvi.supabase.co/storage/v1/object/public/meals/sajina.png,false,345.26,10.81,0,0,0,0,0,100 g,Breakfast,Morning,0
680534f0d035d501d3d0fdee,Not Selected,Cereal mix,https://pmxylbawxioitqbyntvi.supabase.co/storage/v1/object/public/meals/cereal%20mix.png,false,120.81,3.32,0,0,0,0,0,100 g,Breakfast,Morning,0
680534f0d035d501d3d0fdf2,Not Selected,Banana groundnut paste/puree,https://pmxylbawxioitqbyntvi.supabase.co/storage/v1/object/public/meals/banana%20groundnut%20paste/puree.png,false,213.19,4.27,0,0,0,0,0,100 g,Breakfast,Morning,0
680534f0d035d501d3d0fdf9,Not Selected,Spinach peanut burfi (Palak aur mungfali ki burfi),https://pmxylbawxioitqbyntvi.supabase.co/storage/v1/object/public/meals/spinach%20peanut%20burfi%20(palak%20aur%20mungfali%20ki%20burfi).png,false,105.37,3.36,0,0,0,0,0,100 g,Breakfast,Morning,0
680534f0d035d501d3d0fe19,Not Selected,Saffron milk (Kesariya doodh),https://pmxylbawxioitqbyntvi.supabase.co/storage/v1/object/public/meals/saffron%20milk%20(kesariya%20doodh).png,false,102.18,3.17,0,0,0,0,0,100 g,Breakfast,Morning,0
680534f0d035d501d3d0fe27,Not Selected,Sweetened yogurt (Shrikhand),https://pmxylbawxioitqbyntvi.supabase.co/storage/v1/object/public/meals/sweetened%20yogurt%20(shrikhand).png,false,107.18,5.27,0,0,0,0,0,100 g,Breakfast,Morning,0
680534f0d035d501d3d0fe2d,Not Selected,Kidney bean sandwich with cottage cheese,https://pmxylbawxioitqbyntvi.supabase.co/storage/v1/object/public/meals/kidney%20bean%20sandwich%20with%20cottage%20cheese.png,false,176.64,9.85,0,0,0,0,0,100 g,Breakfast,Morning,0
680534f0d035d501d3d0fe53,Not Selected,Baked eggs in tomato sauce,https://pmxylbawxioitqbyntvi.supabase.co/storage/v1/object/public/meals/baked%20eggs%20in%20tomato%20sauce.png,false,80.05,4.92,0,0,0,0,0,100 g,Breakfast,Morning,0
680534f0d035d501d3d0fe6f,Not Selected,Sago khitchdi/khichri (Sabudana khitchdi/khichri),https://pmxylbawxioitqbyntvi.supabase.co/storage/v1/object/public/meals/sago%20khitchdi/khichri%20(sabudana%20khitchdi/khichri).png,false,187.16,2.72,0,0,0,0,0,100 g,Breakfast,Morning,0
680534f0d035d501d3d0fe85,Not Selected,Semolina cake (Suji/Rava cake),https://pmxylbawxioitqbyntvi.supabase.co/storage/v1/object/public/meals/semolina%20cake%20(suji/rava%20cake).png,false,374.14,6.58,0,0,0,0,0,100 g,Breakfast,Morning,0
680534f0d035d501d3d0fe9a,Not Selected,Dal dhokli,https://pmxylbawxioitqbyntvi.supabase.co/storage/v1/object/public/meals/dal%20dhokli.png,false,68.74,2.96,0,0,0,0,0,100 g,Breakfast,Morning,0
680534f0d035d501d3d0fe9f,Not Selected,Bread roll,https://pmxylbawxioitqbyntvi.supabase.co/storage/v1/object/public/meals/bread%20roll.png,false,435.46,2.85,0,0,0,0,0,100 g,Breakfast,Morning,0
680534f0d035d501d3d0fec8,Not Selected,Lemon squash (Nimbu ka squash),https://pmxylbawxioitqbyntvi.supabase.co/storage/v1/object/public/meals/lemon%20squash%20(nimbu%20ka%20squash).png,false,184.56,0.15,0,0,0,0,0,100 g,Breakfast,Morning,0
680534f0d035d501d3d0fecb,Not Selected,Mango squash (Aam ka squash),https://pmxylbawxioitqbyntvi.supabase.co/storage/v1/object/public/meals/mango%20squash%20(aam%20ka%20squash).png,false,194.66,0.17,0,0,0,0,0,100 g,Breakfast,Morning,0
680534f0d035d501d3d0fecd,Not Selected,Lemon and ginger squash (Nimbu aur adrak ka squash),https://pmxylbawxioitqbyntvi.supabase.co/storage/v1/object/public/meals/lemon%20and%20ginger%20squash%20(nimbu%20aur%20adrak%20ka%20squash).png,false,170.34,0.54,0,0,0,0,0,100 g,Breakfast,Morning,0
680534f0d035d501d3d0fed0,Not Selected,Pineapple jam,https://pmxylbawxioitqbyntvi.supabase.co/storage/v1/object/public/meals/pineapple%20jam.png,false,149.18,0.32,0,0,0,0,0,100 g,Breakfast,Morning,0
680534f0d035d501d3d0fcfa,Not Selected,Appam,https://pmxylbawxioitqbyntvi.supabase.co/storage/v1/object/public/meals/appam.png,false,267.7,3.12,0,0,0,0,0,100 g,Breakfast,Morning,0
680534f0d035d501d3d0fd01,Not Selected,Lasagne with vegetables,https://pmxylbawxioitqbyntvi.supabase.co/storage/v1/object/public/meals/lasagne%20with%20vegetables.png,false,49.23,1.71,0,0,0,0,0,100 g,Breakfast,Morning,0
680534f0d035d501d3d0fd32,Not Selected,Spinach and potato (Palak aloo),https://pmxylbawxioitqbyntvi.supabase.co/storage/v1/object/public/meals/spinach%20and%20potato%20(palak%20aloo).png,false,57.17,1.63,0,0,0,0,0,100 g,Breakfast,Morning,0
680534f0d035d501d3d0fd34,Not Selected,Bathua bhujia,https://pmxylbawxioitqbyntvi.supabase.co/storage/v1/object/public/meals/bathua%20bhujia.png,false,90.9,2.26,0,0,0,0,0,100 g,Breakfast,Morning,0
680534f0d035d501d3d0fd47,Not Selected,Ducheese potato,https://pmxylbawxioitqbyntvi.supabase.co/storage/v1/object/public/meals/ducheese%20potato.png,false,140.54,3.6,0,0,0,0,0,100 g,Breakfast,Morning,0
680534f0d035d501d3d0fdb7,Not Selected,Rolled sandwich,https://pmxylbawxioitqbyntvi.supabase.co/storage/v1/object/public/meals/rolled%20sandwich.png,false,293.07,6.45,0,0,0,0,0,100 g,Breakfast,Morning,0
680534f0d035d501d3d0fdc7,Not Selected,Lemon cake,https://pmxylbawxioitqbyntvi.supabase.co/storage/v1/object/public/meals/lemon%20cake.png,false,373.85,5.29,0,0,0,0,0,100 g,Breakfast,Morning,0
680534f0d035d501d3d0fdce,Not Selected,Chocolate butter icing,https://pmxylbawxioitqbyntvi.supabase.co/storage/v1/object/public/meals/chocolate%20butter%20icing.png,false,469.59,3.21,0,0,0,0,0,100 g,Breakfast,Morning,0
680534f0d035d501d3d0fdd2,Not Selected,Coffee drops,https://pmxylbawxioitqbyntvi.supabase.co/storage/v1/object/public/meals/coffee%20drops.png,false,443.07,7.57,0,0,0,0,0,200 ml,Breakfast,Morning,0
680534f0d035d501d3d0fde6,Not Selected,Choux swans,https://pmxylbawxioitqbyntvi.supabase.co/storage/v1/object/public/meals/choux%20swans.png,false,216.34,4.35,0,0,0,0,0,100 g,Breakfast,Morning,0
680534f0d035d501d3d0fde8,Not Selected,Cream horns,https://pmxylbawxioitqbyntvi.supabase.co/storage/v1/object/public/meals/cream%20horns.png,false,408.23,3.42,0,0,0,0,0,100 g,Breakfast,Morning,0
680534f0d035d501d3d0fe00,Not Selected,Soya chikki,https://pmxylbawxioitqbyntvi.supabase.co/storage/v1/object/public/meals/soya%20chikki.png,false,423.7,7.18,0,0,0,0,0,100 g,Breakfast,Morning,0
680534f0d035d501d3d0fe18,Not Selected,Semolina milk drink (Thari kanji),https://pmxylbawxioitqbyntvi.supabase.co/storage/v1/object/public/meals/semolina%20milk%20drink%20(thari%20kanji).png,false,44.16,0.98,0,0,0,0,0,100 g,Breakfast,Morning,0
680534f0d035d501d3d0fe26,Not Selected,Sweet couscous dessert,https://pmxylbawxioitqbyntvi.supabase.co/storage/v1/object/public/meals/sweet%20couscous%20dessert.png,false,196.2,3.81,0,0,0,0,0,100 g,Breakfast,Morning,0
680534f0d035d501d3d0fe2f,Not Selected,Buttermilk biscuit,https://pmxylbawxioitqbyntvi.supabase.co/storage/v1/object/public/meals/buttermilk%20biscuit.png,false,322.54,5.76,0,0,0,0,0,100 g,Breakfast,Morning,0
680534f0d035d501d3d0fe37,Not Selected,Hazelnut cookies,https://pmxylbawxioitqbyntvi.supabase.co/storage/v1/object/public/meals/hazelnut%20cookies.png,false,493.32,6.25,0,0,0,0,0,100 g,Breakfast,Morning,0
680534f0d035d501d3d0fe43,Not Selected,Fermented bamboo shoot pickle (Mesu pickle),https://pmxylbawxioitqbyntvi.supabase.co/storage/v1/object/public/meals/fermented%20bamboo%20shoot%20pickle%20(mesu%20pickle).png,false,59.83,1.58,0,0,0,0,0,100 g,Breakfast,Morning,0
680534f0d035d501d3d0fe44,Not Selected,Sweet peach pickle (Aadoo ka achaar),https://pmxylbawxioitqbyntvi.supabase.co/storage/v1/object/public/meals/sweet%20peach%20pickle%20(aadoo%20ka%20achaar).png,false,144.64,0.46,0,0,0,0,0,100 g,Breakfast,Morning,0
680534f0d035d501d3d0fe4c,Not Selected,Afghani chicken,https://pmxylbawxioitqbyntvi.supabase.co/storage/v1/object/public/meals/afghani%20chicken.png,false,151.51,15.66,0,0,0,0,0,100 g,Breakfast,Morning,0
680534f0d035d501d3d0fe6c,Not Selected,Tamarind chutney (Chintapandu pachadi/Puli chutney),https://pmxylbawxioitqbyntvi.supabase.co/storage/v1/object/public/meals/tamarind%20chutney%20(chintapandu%20pachadi/puli%20chutney).png,false,109.15,0.88,0,0,0,0,0,100 g,Breakfast,Morning,0
680534f0d035d501d3d0fe6d,Not Selected,Pav bhaji masala,https://pmxylbawxioitqbyntvi.supabase.co/storage/v1/object/public/meals/pav%20bhaji%20masala.png,false,230.47,9.13,0,0,0,0,0,100 g,Breakfast,Morning,0
680534f0d035d501d3d0fe6e,Not Selected,Green chutney,https://pmxylbawxioitqbyntvi.supabase.co/storage/v1/object/public/meals/green%20chutney.png,false,79.42,5.42,0,0,0,0,0,100 g,Breakfast,Morning,0
680534f0d035d501d3d0fe80,Not Selected,Jackfruit fritters (Ponsa mulik/Kathal ka pakora),https://pmxylbawxioitqbyntvi.supabase.co/storage/v1/object/public/meals/jackfruit%20fritters%20(ponsa%20mulik/kathal%20ka%20pakora).png,false,597.79,2.34,0,0,0,0,0,100 g,Breakfast,Morning,0
680534f0d035d501d3d0fe8d,Not Selected,Baked potato soup,https://pmxylbawxioitqbyntvi.supabase.co/storage/v1/object/public/meals/baked%20potato%20soup.png,false,147.05,5.73,0,0,0,0,0,100 g,Breakfast,Morning,0
680534f0d035d501d3d0feb4,Not Selected,Choux pastry,https://pmxylbawxioitqbyntvi.supabase.co/storage/v1/object/public/meals/choux%20pastry.png,false,222.37,5.55,0,0,0,0,0,100 g,Breakfast,Morning,0
680534f0d035d501d3d0feb6,Not Selected,Sponge cake,https://pmxylbawxioitqbyntvi.supabase.co/storage/v1/object/public/meals/sponge%20cake.png,false,253.77,9.18,0,0,0,0,0,100 g,Breakfast,Morning,0
680534f0d035d501d3d0fed6,Not Selected,Mango pickle (Aam ka achaar),https://pmxylbawxioitqbyntvi.supabase.co/storage/v1/object/public/meals/mango%20pickle%20(aam%20ka%20achaar).png,false,192.12,1.6,0,0,0,0,0,100 g,Breakfast,Morning,0
680534f0d035d501d3d0feda,Not Selected,Raw mango chutney (Kachhe aam/Kairi ki chutney),https://pmxylbawxioitqbyntvi.supabase.co/storage/v1/object/public/meals/raw%20mango%20chutney%20(kachhe%20aam/kairi%20ki%20chutney).png,false,193.13,0.51,0,0,0,0,0,100 g,Breakfast,Morning,0
680534f0d035d501d3d0fedb,Not Selected,Tomato sauce,https://pmxylbawxioitqbyntvi.supabase.co/storage/v1/object/public/meals/tomato%20sauce.png,false,34.33,0.81,0,0,0,0,0,100 g,Breakfast,Morning,0
680534f0d035d501d3d0fd00,Not Selected,Lasagne with meat sauce,https://pmxylbawxioitqbyntvi.supabase.co/storage/v1/object/public/meals/lasagne%20with%20meat%20sauce.png,false,63.38,2.9,0,0,0,0,0,100 g,Breakfast,Morning,0
680534f0d035d501d3d0fd09,Not Selected,Green gram whole with baghar (Sabut moong dal with tadka),https://pmxylbawxioitqbyntvi.supabase.co/storage/v1/object/public/meals/green%20gram%20whole%20with%20baghar%20(sabut%20moong%20dal%20with%20tadka).png,false,63.43,3.23,0,0,0,0,0,100 g,Breakfast,Morning,0
680534f0d035d501d3d0fd0f,Not Selected,Shahi keema kofta curry,https://pmxylbawxioitqbyntvi.supabase.co/storage/v1/object/public/meals/shahi%20keema%20kofta%20curry.png,false,418.13,4.14,0,0,0,0,0,100 g,Breakfast,Morning,0
680534f0d035d501d3d0fd17,Not Selected,Soya chunks and peas (Nutrinugget matar),https://pmxylbawxioitqbyntvi.supabase.co/storage/v1/object/public/meals/soya%20chunks%20and%20peas%20(nutrinugget%20matar).png,false,82.62,3.03,0,0,0,0,0,100 g,Breakfast,Morning,0
680534f0d035d501d3d0fd23,Not Selected,Bengal fish curry (Bengali machli curry),https://pmxylbawxioitqbyntvi.supabase.co/storage/v1/object/public/meals/bengal%20fish%20curry%20(bengali%20machli%20curry).png,false,109.43,7.26,0,0,0,0,0,100 g,Breakfast,Morning,0
680534f0d035d501d3d0fd25,Not Selected,Fish in coconut milk (Nariyal ke doodh ke saath machli),https://pmxylbawxioitqbyntvi.supabase.co/storage/v1/object/public/meals/fish%20in%20coconut%20milk%20(nariyal%20ke%20doodh%20ke%20saath%20machli).png,false,86.21,8.66,0,0,0,0,0,100 g,Breakfast,Morning,0
680534f0d035d501d3d0fd45,Not Selected,Cauliflower basket,https://pmxylbawxioitqbyntvi.supabase.co/storage/v1/object/public/meals/cauliflower%20basket.png,false,90.95,5.21,0,0,0,0,0,100 g,Breakfast,Morning,0
680534f0d035d501d3d0fd52,Not Selected,Sour cream potato salad,https://pmxylbawxioitqbyntvi.supabase.co/storage/v1/object/public/meals/sour%20cream%20potato%20salad.png,false,121.9,2.89,0,0,0,0,0,280 g,Breakfast,Morning,0
680534f0d035d501d3d0fd55,Not Selected,Cucumber and yogurt salad (Kheere aur dahi ka salad),https://pmxylbawxioitqbyntvi.supabase.co/storage/v1/object/public/meals/cucumber%20and%20yogurt%20salad%20(kheere%20aur%20dahi%20ka%20salad).png,false,36.13,2.09,0,0,0,0,0,280 g,Breakfast,Morning,0
680534f0d035d501d3d0fd5f,Not Selected,Mint and peanut raita (Pudinay aur moongfali ka raita),https://pmxylbawxioitqbyntvi.supabase.co/storage/v1/object/public/meals/mint%20and%20peanut%20raita%20(pudinay%20aur%20moongfali%20ka%20raita).png,false,112.05,7.05,0,0,0,0,0,100 g,Breakfast,Morning,0
680534f0d035d501d3d0fd7d,Not Selected,Cold orange souffle,https://pmxylbawxioitqbyntvi.supabase.co/storage/v1/object/public/meals/cold%20orange%20souffle.png,false,173.19,5.94,0,0,0,0,0,100 g,Breakfast,Morning,0
680534f0d035d501d3d0fd80,Not Selected,Cold chocolate souffle,https://pmxylbawxioitqbyntvi.supabase.co/storage/v1/object/public/meals/cold%20chocolate%20souffle.png,false,187.53,6.37,0,0,0,0,0,100 g,Breakfast,Morning,0
680534f0d035d501d3d0fd8b,Not Selected,Rajbogh,https://pmxylbawxioitqbyntvi.supabase.co/storage/v1/object/public/meals/rajbogh.png,false,133.7,1.71,0,0,0,0,0,100 g,Breakfast,Morning,0
680534f0d035d501d3d0fd90,Not Selected,Semolina burfi (Suji/Rava burfi),https://pmxylbawxioitqbyntvi.supabase.co/storage/v1/object/public/meals/semolina%20burfi%20(suji/rava%20burfi).png,false,348.67,3.47,0,0,0,0,0,100 g,Breakfast,Morning,0
680534f0d035d501d3d0fdb0,Not Selected,Tomato and cucumber sandwich (Tamatar aur kheere ka sandwich),https://pmxylbawxioitqbyntvi.supabase.co/storage/v1/object/public/meals/tomato%20and%20cucumber%20sandwich%20(tamatar%20aur%20kheere%20ka%20sandwich).png,false,150.68,4.03,0,0,0,0,0,100 g,Breakfast,Morning,0
680534f0d035d501d3d0fdf5,Not Selected,Spinach khichri (Palak khichri/khichdi),https://pmxylbawxioitqbyntvi.supabase.co/storage/v1/object/public/meals/spinach%20khichri%20(palak%20khichri/khichdi).png,false,102.18,3.43,0,0,0,0,0,100 g,Breakfast,Morning,0
680534f0d035d501d3d0fe01,Not Selected,Besan bathua chilla/cheela,https://pmxylbawxioitqbyntvi.supabase.co/storage/v1/object/public/meals/besan%20bathua%20chilla/cheela.png,false,373.82,11.48,0,0,0,0,0,100 g,Breakfast,Morning,0
680534f0d035d501d3d0fe31,Not Selected,Sweet potato biscuit (Shakarkand ke biscuit),https://pmxylbawxioitqbyntvi.supabase.co/storage/v1/object/public/meals/sweet%20potato%20biscuit%20(shakarkand%20ke%20biscuit).png,false,296.4,5.14,0,0,0,0,0,100 g,Breakfast,Morning,0
680534f0d035d501d3d0fe48,Not Selected,Pickled cabbage,https://pmxylbawxioitqbyntvi.supabase.co/storage/v1/object/public/meals/pickled%20cabbage.png,false,13.69,0.39,0,0,0,0,0,100 g,Breakfast,Morning,0
680534f0d035d501d3d0fe4f,Not Selected,Chicken manchurian,https://pmxylbawxioitqbyntvi.supabase.co/storage/v1/object/public/meals/chicken%20manchurian.png,false,142.34,9.53,0,0,0,0,0,100 g,Breakfast,Morning,0
680534f0d035d501d3d0fe70,Not Selected,Gram flour chilla/cheela (Besan chilla/cheela),https://pmxylbawxioitqbyntvi.supabase.co/storage/v1/object/public/meals/gram%20flour%20chilla/cheela%20(besan%20chilla/cheela).png,false,135.93,7.8,0,0,0,0,0,100 g,Breakfast,Morning,0
680534f0d035d501d3d0fe7e,Not Selected,Semolina dhokla (Suji/Rava dhokla),https://pmxylbawxioitqbyntvi.supabase.co/storage/v1/object/public/meals/semolina%20dhokla%20(suji/rava%20dhokla).png,false,194.91,5.44,0,0,0,0,0,100 g,Breakfast,Morning,0
680534f0d035d501d3d0fe84,Not Selected,Carrot cake (Gajar ka cake),https://pmxylbawxioitqbyntvi.supabase.co/storage/v1/object/public/meals/carrot%20cake%20(gajar%20ka%20cake).png,false,255.59,5.6,0,0,0,0,0,100 g,Breakfast,Morning,0
680534f0d035d501d3d0fe89,Not Selected,Tutti frutti cake,https://pmxylbawxioitqbyntvi.supabase.co/storage/v1/object/public/meals/tutti%20frutti%20cake.png,false,347.72,4.49,0,0,0,0,0,100 g,Breakfast,Morning,0
680534f0d035d501d3d0fe8c,Not Selected,Bottle gourd soup (Ghiya/Lauki soup),https://pmxylbawxioitqbyntvi.supabase.co/storage/v1/object/public/meals/bottle%20gourd%20soup%20(ghiya/lauki%20soup).png,false,23.05,0.45,0,0,0,0,0,100 g,Breakfast,Morning,0
680534f0d035d501d3d0feb3,Not Selected,Short crust pastry,https://pmxylbawxioitqbyntvi.supabase.co/storage/v1/object/public/meals/short%20crust%20pastry.png,false,422.1,6.11,0,0,0,0,0,100 g,Breakfast,Morning,0
680534f0d035d501d3d0fcf5,Not Selected,Instant idli (with semolina),https://pmxylbawxioitqbyntvi.supabase.co/storage/v1/object/public/meals/instant%20idli%20(with%20semolina).png,false,247.29,9.16,0,0,0,0,0,100 g,Breakfast,Morning,0
680534f0d035d501d3d0fcfe,Not Selected,Spaghetti with meat balls and tomato sauce,https://pmxylbawxioitqbyntvi.supabase.co/storage/v1/object/public/meals/spaghetti%20with%20meat%20balls%20and%20tomato%20sauce.png,false,158.13,5.61,0,0,0,0,0,100 g,Breakfast,Morning,0
680534f0d035d501d3d0fd04,Not Selected,Urad special dehusked,https://pmxylbawxioitqbyntvi.supabase.co/storage/v1/object/public/meals/urad%20special%20dehusked.png,false,69.43,3.14,0,0,0,0,0,100 g,Breakfast,Morning,0
680534f0d035d501d3d0fd18,Not Selected,Vegetable yakhni,https://pmxylbawxioitqbyntvi.supabase.co/storage/v1/object/public/meals/vegetable%20yakhni.png,false,406.06,1.18,0,0,0,0,0,100 g,Breakfast,Morning,0
680534f0d035d501d3d0fd51,Not Selected,Beetroot and egg salad (Chukandar aur ande ka salad),https://pmxylbawxioitqbyntvi.supabase.co/storage/v1/object/public/meals/beetroot%20and%20egg%20salad%20(chukandar%20aur%20ande%20ka%20salad).png,false,84.92,3.36,0,0,0,0,0,280 g,Breakfast,Morning,0
680534f0d035d501d3d0fd5a,Not Selected,French dressing,https://pmxylbawxioitqbyntvi.supabase.co/storage/v1/object/public/meals/french%20dressing.png,false,733.77,0.32,0,0,0,0,0,100 g,Breakfast,Morning,0
680534f0d035d501d3d0fd62,Not Selected,Pineapple raita (Ananas ka raita),https://pmxylbawxioitqbyntvi.supabase.co/storage/v1/object/public/meals/pineapple%20raita%20(ananas%20ka%20raita).png,false,67.74,3.9,0,0,0,0,0,100 g,Breakfast,Morning,0
680534f0d035d501d3d0fd6c,Not Selected,Vanilla ice cream with egg,https://pmxylbawxioitqbyntvi.supabase.co/storage/v1/object/public/meals/vanilla%20ice%20cream%20with%20egg.png,false,214.85,4.16,0,0,0,0,0,100 g,Breakfast,Morning,0
680534f0d035d501d3d0fd83,Not Selected,Pavlova,https://pmxylbawxioitqbyntvi.supabase.co/storage/v1/object/public/meals/pavlova.png,false,200.6,1.84,0,0,0,0,0,100 g,Breakfast,Morning,0
680534f0d035d501d3d0fd86,Not Selected,Hot lemon souffle,https://pmxylbawxioitqbyntvi.supabase.co/storage/v1/object/public/meals/hot%20lemon%20souffle.png,false,155.25,5.29,0,0,0,0,0,100 g,Breakfast,Morning,0
680534f0d035d501d3d0fd8c,Not Selected,Rasgulla,https://pmxylbawxioitqbyntvi.supabase.co/storage/v1/object/public/meals/rasgulla.png,false,118.64,1.38,0,0,0,0,0,100 g,Breakfast,Morning,0
680534f0d035d501d3d0fd9a,Not Selected,Fish pakora/pakoda,https://pmxylbawxioitqbyntvi.supabase.co/storage/v1/object/public/meals/fish%20pakora/pakoda.png,false,577.03,5.97,0,0,0,0,0,100 g,Breakfast,Morning,0
680534f0d035d501d3d0fd9f,Not Selected,Minced meat cutlet,https://pmxylbawxioitqbyntvi.supabase.co/storage/v1/object/public/meals/minced%20meat%20cutlet.png,false,531.86,5.1,0,0,0,0,0,100 g,Breakfast,Morning,0
680534f0d035d501d3d0fda1,Not Selected,Plain urad dal vada (Uzunne vada/Minapa garelu/Ulundu vadai/Medu vada),https://pmxylbawxioitqbyntvi.supabase.co/storage/v1/object/public/meals/plain%20urad%20dal%20vada%20(uzunne%20vada/minapa%20garelu/ulundu%20vadai/medu%20vada).png,false,745.5,4.39,0,0,0,0,0,100 g,Breakfast,Morning,0
680534f0d035d501d3d0fdbd,Not Selected,Danish luncheon sandwich,https://pmxylbawxioitqbyntvi.supabase.co/storage/v1/object/public/meals/danish%20luncheon%20sandwich.png,false,193.82,9.03,0,0,0,0,0,100 g,Breakfast,Morning,0
680534f0d035d501d3d0fdc9,Not Selected,Victorian sandwich cake,https://pmxylbawxioitqbyntvi.supabase.co/storage/v1/object/public/meals/victorian%20sandwich%20cake.png,false,373.09,5.18,0,0,0,0,0,100 g,Breakfast,Morning,0
680534f0d035d501d3d0fdd8,Not Selected,Chocolate cream shells,https://pmxylbawxioitqbyntvi.supabase.co/storage/v1/object/public/meals/chocolate%20cream%20shells.png,false,427.17,5.1,0,0,0,0,0,100 g,Breakfast,Morning,0
680534f0d035d501d3d0fdda,Not Selected,Cherry and walnut cookies,https://pmxylbawxioitqbyntvi.supabase.co/storage/v1/object/public/meals/cherry%20and%20walnut%20cookies.png,false,422.6,5.63,0,0,0,0,0,100 g,Breakfast,Morning,0
680534f0d035d501d3d0fdec,Not Selected,Pearl millet infant food (Bajra shishu aahaar),https://pmxylbawxioitqbyntvi.supabase.co/storage/v1/object/public/meals/pearl%20millet%20infant%20food%20(bajra%20shishu%20aahaar).png,false,362.44,11.98,0,0,0,0,0,100 g,Breakfast,Morning,0
680534f0d035d501d3d0fdf1,Not Selected,Cereal pulse mix with amylase rice flour,https://pmxylbawxioitqbyntvi.supabase.co/storage/v1/object/public/meals/cereal%20pulse%20mix%20with%20amylase%20rice%20flour.png,false,151.57,4.27,0,0,0,0,0,100 g,Breakfast,Morning,0
680534f0d035d501d3d0fdf4,Not Selected,Lentils and semolina porridge (Dal suji porridge/daliya),https://pmxylbawxioitqbyntvi.supabase.co/storage/v1/object/public/meals/lentils%20and%20semolina%20porridge%20(dal%20suji%20porridge/daliya).png,false,117.29,3.26,0,0,0,0,0,100 g,Breakfast,Morning,0
680534f0d035d501d3d0fdf7,Not Selected,Lentils and wheat porridge (Dal wheat porridge/daliya ),https://pmxylbawxioitqbyntvi.supabase.co/storage/v1/object/public/meals/lentils%20and%20wheat%20porridge%20(dal%20wheat%20porridge/daliya%20).png,false,52.54,2.71,0,0,0,0,0,100 g,Breakfast,Morning,0
680534f0d035d501d3d0fdfd,Not Selected,Sesame biscuit (Til ke biscuit),https://pmxylbawxioitqbyntvi.supabase.co/storage/v1/object/public/meals/sesame%20biscuit%20(til%20ke%20biscuit).png,false,424.03,8.27,0,0,0,0,0,100 g,Breakfast,Morning,0
680534f0d035d501d3d0fe3f,Not Selected,Gooseberry pickle (Amla ka achaar),https://pmxylbawxioitqbyntvi.supabase.co/storage/v1/object/public/meals/gooseberry%20pickle%20(amla%20ka%20achaar).png,false,278.58,1.55,0,0,0,0,0,100 g,Breakfast,Morning,0
680534f0d035d501d3d0fe51,Not Selected,Lemon chicken,https://pmxylbawxioitqbyntvi.supabase.co/storage/v1/object/public/meals/lemon%20chicken.png,false,169.79,20.2,0,0,0,0,0,100 g,Breakfast,Morning,0
680534f0d035d501d3d0fe60,Not Selected,Onion chutney (Pyaaz ki chutney/Vengaya chutney),https://pmxylbawxioitqbyntvi.supabase.co/storage/v1/object/public/meals/onion%20chutney%20(pyaaz%20ki%20chutney/vengaya%20chutney).png,false,143.94,2.97,0,0,0,0,0,100 g,Breakfast,Morning,0
680534f0d035d501d3d0fe67,Not Selected,Green chilli raita (Hari mirch ka raita),https://pmxylbawxioitqbyntvi.supabase.co/storage/v1/object/public/meals/green%20chilli%20raita%20(hari%20mirch%20ka%20raita).png,false,77.13,5.58,0,0,0,0,0,100 g,Breakfast,Morning,0
680534f0d035d501d3d0fe78,Not Selected,Khakhra chaat,https://pmxylbawxioitqbyntvi.supabase.co/storage/v1/object/public/meals/khakhra%20chaat.png,false,358.66,4.52,0,0,0,0,0,100 g,Breakfast,Morning,0
680534f0d035d501d3d0fe7a,Not Selected,Veg manchurian,https://pmxylbawxioitqbyntvi.supabase.co/storage/v1/object/public/meals/veg%20manchurian.png,false,585.64,0.89,0,0,0,0,0,100 g,Breakfast,Morning,0
680534f0d035d501d3d0fea4,Not Selected,White sauce (thin),https://pmxylbawxioitqbyntvi.supabase.co/storage/v1/object/public/meals/white%20sauce%20(thin).png,false,115.17,3.31,0,0,0,0,0,100 g,Breakfast,Morning,0
680534f0d035d501d3d0fea9,Not Selected,Mushroom sauce,https://pmxylbawxioitqbyntvi.supabase.co/storage/v1/object/public/meals/mushroom%20sauce.png,false,137.56,3.39,0,0,0,0,0,100 g,Breakfast,Morning,0
680534f0d035d501d3d0fee0,Not Selected,Rasam powder (Rasam masala),https://pmxylbawxioitqbyntvi.supabase.co/storage/v1/object/public/meals/rasam%20powder%20(rasam%20masala).png,false,267.96,12.04,0,0,0,0,0,100 g,Breakfast,Morning,0
680534f0d035d501d3d0fcf9,Not Selected,Uttapam,https://pmxylbawxioitqbyntvi.supabase.co/storage/v1/object/public/meals/uttapam.png,false,255.95,6.18,0,0,0,0,0,100 g,Breakfast,Morning,0
680534f0d035d501d3d0fcfc,Not Selected,Spaghetti bolognese,https://pmxylbawxioitqbyntvi.supabase.co/storage/v1/object/public/meals/spaghetti%20bolognese.png,false,97.43,9.35,0,0,0,0,0,100 g,Breakfast,Morning,0
680534f0d035d501d3d0fd27,Not Selected,Baked stuffed fish,https://pmxylbawxioitqbyntvi.supabase.co/storage/v1/object/public/meals/baked%20stuffed%20fish.png,false,121.96,16.14,0,0,0,0,0,100 g,Breakfast,Morning,0
680534f0d035d501d3d0fd41,Not Selected,Vegetable jalfrezi,https://pmxylbawxioitqbyntvi.supabase.co/storage/v1/object/public/meals/vegetable%20jalfrezi.png,false,68.48,1.4,0,0,0,0,0,100 g,Breakfast,Morning,0
680534f0d035d501d3d0fd4e,Not Selected,Cauliflower au gratin,https://pmxylbawxioitqbyntvi.supabase.co/storage/v1/object/public/meals/cauliflower%20au%20gratin.png,false,145.9,4.45,0,0,0,0,0,100 g,Breakfast,Morning,0
680534f0d035d501d3d0fd50,Not Selected,Spinach souffle,https://pmxylbawxioitqbyntvi.supabase.co/storage/v1/object/public/meals/spinach%20souffle.png,false,150.18,7.36,0,0,0,0,0,100 g,Breakfast,Morning,0
680534f0d035d501d3d0fd74,Not Selected,Crunchy butterscotch,https://pmxylbawxioitqbyntvi.supabase.co/storage/v1/object/public/meals/crunchy%20butterscotch.png,false,277.32,3.11,0,0,0,0,0,100 g,Breakfast,Morning,0
680534f0d035d501d3d0fd76,Not Selected,Vanilla ice cream with apples in hot cherry sauce,https://pmxylbawxioitqbyntvi.supabase.co/storage/v1/object/public/meals/vanilla%20ice%20cream%20with%20apples%20in%20hot%20cherry%20sauce.png,false,196.32,1.73,0,0,0,0,0,100 g,Breakfast,Morning,0
680534f0d035d501d3d0fd88,Not Selected,Chum chum,https://pmxylbawxioitqbyntvi.supabase.co/storage/v1/object/public/meals/chum%20chum.png,false,130.05,1.52,0,0,0,0,0,100 g,Breakfast,Morning,0
680534f0d035d501d3d0fd96,Not Selected,Murmura chikki,https://pmxylbawxioitqbyntvi.supabase.co/storage/v1/object/public/meals/murmura%20chikki.png,false,253.82,2.12,0,0,0,0,0,100 g,Breakfast,Morning,0
680534f0d035d501d3d0fd98,Not Selected,Masala green chilli pakora/pakoda (Hari mirch kay pakode),https://pmxylbawxioitqbyntvi.supabase.co/storage/v1/object/public/meals/masala%20green%20chilli%20pakora/pakoda%20(hari%20mirch%20kay%20pakode).png,false,668.76,2.22,0,0,0,0,0,100 g,Breakfast,Morning,0
680534f0d035d501d3d0fda4,Not Selected,Instant dhokla,https://pmxylbawxioitqbyntvi.supabase.co/storage/v1/object/public/meals/instant%20dhokla.png,false,207.11,7.66,0,0,0,0,0,100 g,Breakfast,Morning,0
680534f0d035d501d3d0fdc4,Not Selected,Assorted pastry,https://pmxylbawxioitqbyntvi.supabase.co/storage/v1/object/public/meals/assorted%20pastry.png,false,230.74,6.78,0,0,0,0,0,100 g,Breakfast,Morning,0
680534f0d035d501d3d0fddd,Not Selected,Flan pastry,https://pmxylbawxioitqbyntvi.supabase.co/storage/v1/object/public/meals/flan%20pastry.png,false,445.8,6.72,0,0,0,0,0,100 g,Breakfast,Morning,0
680534f0d035d501d3d0fe06,Not Selected,Poshtik khichdi/khichri,https://pmxylbawxioitqbyntvi.supabase.co/storage/v1/object/public/meals/poshtik%20khichdi/khichri.png,false,93.37,3.04,0,0,0,0,0,100 g,Breakfast,Morning,0
680534f0d035d501d3d0fe13,Not Selected,Apple and honey sorbet (Seb aur shehad ka sharbat),https://pmxylbawxioitqbyntvi.supabase.co/storage/v1/object/public/meals/apple%20and%20honey%20sorbet%20(seb%20aur%20shehad%20ka%20sharbat).png,false,121.3,0.15,0,0,0,0,0,100 g,Breakfast,Morning,0
680534f0d035d501d3d0fe1e,Not Selected,Putharekulu,https://pmxylbawxioitqbyntvi.supabase.co/storage/v1/object/public/meals/putharekulu.png,false,318.3,3.66,0,0,0,0,0,100 g,Breakfast,Morning,0
680534f0d035d501d3d0fe33,Not Selected,Pumpkin cookies,https://pmxylbawxioitqbyntvi.supabase.co/storage/v1/object/public/meals/pumpkin%20cookies.png,false,218.4,2.51,0,0,0,0,0,100 g,Breakfast,Morning,0
680534f0d035d501d3d0fe3b,Not Selected,Tutti fruitti biscuit,https://pmxylbawxioitqbyntvi.supabase.co/storage/v1/object/public/meals/tutti%20fruitti%20biscuit.png,false,420.78,5.21,0,0,0,0,0,100 g,Breakfast,Morning,0
680534f0d035d501d3d0fe40,Not Selected,Lotus stem pickle (Kamal kakdi ka achar),https://pmxylbawxioitqbyntvi.supabase.co/storage/v1/object/public/meals/lotus%20stem%20pickle%20(kamal%20kakdi%20ka%20achar).png,false,102.69,1.44,0,0,0,0,0,100 g,Breakfast,Morning,0
680534f0d035d501d3d0fe4b,Not Selected,Mango murabba candy,https://pmxylbawxioitqbyntvi.supabase.co/storage/v1/object/public/meals/mango%20murabba%20candy.png,false,293.35,0.27,0,0,0,0,0,100 g,Breakfast,Morning,0
680534f0d035d501d3d0fe57,Not Selected,Cajun chicken,https://pmxylbawxioitqbyntvi.supabase.co/storage/v1/object/public/meals/cajun%20chicken.png,false,184.94,12.69,0,0,0,0,0,100 g,Breakfast,Morning,0
680534f0d035d501d3d0fe61,Not Selected,Dates chutney (Khajoor ki chutney),https://pmxylbawxioitqbyntvi.supabase.co/storage/v1/object/public/meals/dates%20chutney%20(khajoor%20ki%20chutney).png,false,103.57,1.07,0,0,0,0,0,100 g,Breakfast,Morning,0
680534f0d035d501d3d0fe69,Not Selected,Spinach and paneer souffle,https://pmxylbawxioitqbyntvi.supabase.co/storage/v1/object/public/meals/spinach%20and%20paneer%20souffle.png,false,186.19,7.56,0,0,0,0,0,100 g,Breakfast,Morning,0
680534f0d035d501d3d0fe79,Not Selected,Banana appam,https://pmxylbawxioitqbyntvi.supabase.co/storage/v1/object/public/meals/banana%20appam.png,false,469.81,1.17,0,0,0,0,0,100 g,Breakfast,Morning,0
680534f0d035d501d3d0fe88,Not Selected,Almond cardamom cake (Badam elaichi cake),https://pmxylbawxioitqbyntvi.supabase.co/storage/v1/object/public/meals/almond%20cardamom%20cake%20(badam%20elaichi%20cake).png,false,356.35,7.18,0,0,0,0,0,100 g,Breakfast,Morning,0
680534f0d035d501d3d0fe8e,Not Selected,Pumpkin soup,https://pmxylbawxioitqbyntvi.supabase.co/storage/v1/object/public/meals/pumpkin%20soup.png,false,40.05,0.47,0,0,0,0,0,100 g,Breakfast,Morning,0
680534f0d035d501d3d0feb5,Not Selected,Flaky pastry,https://pmxylbawxioitqbyntvi.supabase.co/storage/v1/object/public/meals/flaky%20pastry.png,false,443.94,4.69,0,0,0,0,0,100 g,Breakfast,Morning,0
680534f0d035d501d3d0feb9,Not Selected,American frosting,https://pmxylbawxioitqbyntvi.supabase.co/storage/v1/object/public/meals/american%20frosting.png,false,257.57,1.05,0,0,0,0,0,100 g,Breakfast,Morning,0
680534f0d035d501d3d0fec0,Not Selected,Mashed banana with milk,https://pmxylbawxioitqbyntvi.supabase.co/storage/v1/object/public/meals/mashed%20banana%20with%20milk.png,false,95.43,2.51,0,0,0,0,0,100 g,Breakfast,Morning,0
680534f0d035d501d3d0fec7,Not Selected,Stewed apple,https://pmxylbawxioitqbyntvi.supabase.co/storage/v1/object/public/meals/stewed%20apple.png,false,91.93,0.17,0,0,0,0,0,100 g,Breakfast,Morning,0
680534f0d035d501d3d0fecc,Not Selected,Pineapple squash (Ananas ka squash),https://pmxylbawxioitqbyntvi.supabase.co/storage/v1/object/public/meals/pineapple%20squash%20(ananas%20ka%20squash).png,false,195.02,0.16,0,0,0,0,0,100 g,Breakfast,Morning,0
680534f0d035d501d3d0fed2,Not Selected,Orange marmalade (Santray ka murabba),https://pmxylbawxioitqbyntvi.supabase.co/storage/v1/object/public/meals/orange%20marmalade%20(santray%20ka%20murabba).png,false,104.17,0.66,0,0,0,0,0,100 g,Breakfast,Morning,0
680534f0d035d501d3d0fed4,Not Selected,Gooseberry marmalade (Amla murabba),https://pmxylbawxioitqbyntvi.supabase.co/storage/v1/object/public/meals/gooseberry%20marmalade%20(amla%20murabba).png,false,123.16,0.14,0,0,0,0,0,100 g,Breakfast,Morning,0
680534f0d035d501d3d0fedc,Not Selected,Tomato puree,https://pmxylbawxioitqbyntvi.supabase.co/storage/v1/object/public/meals/tomato%20puree.png,false,20.62,0.75,0,0,0,0,0,100 g,Breakfast,Morning,0
680534f0d035d501d3d0fee4,Not Selected,Bread sauce,https://pmxylbawxioitqbyntvi.supabase.co/storage/v1/object/public/meals/bread%20sauce.png,false,111.04,3.46,0,0,0,0,0,100 g,Breakfast,Morning,0
680534f0d035d501d3d0fcf7,Not Selected,Masala dosa mixed vegetable fillings,https://pmxylbawxioitqbyntvi.supabase.co/storage/v1/object/public/meals/masala%20dosa%20mixed%20vegetable%20fillings.png,false,144.53,4.84,0,0,0,0,0,100 g,Breakfast,Morning,0
680534f0d035d501d3d0fcfb,Not Selected,Beans and macaroni,https://pmxylbawxioitqbyntvi.supabase.co/storage/v1/object/public/meals/beans%20and%20macaroni.png,false,136.08,4.58,0,0,0,0,0,100 g,Breakfast,Morning,0
680534f0d035d501d3d0fd03,Not Selected,Sour lentils (Khatti dal),https://pmxylbawxioitqbyntvi.supabase.co/storage/v1/object/public/meals/sour%20lentils%20(khatti%20dal).png,false,34.79,2.22,0,0,0,0,0,100 g,Breakfast,Morning,0
680534f0d035d501d3d0fd1e,Not Selected,Creamy chicken,https://pmxylbawxioitqbyntvi.supabase.co/storage/v1/object/public/meals/creamy%20chicken.png,false,152.87,13.52,0,0,0,0,0,100 g,Breakfast,Morning,0
680534f0d035d501d3d0fd22,Not Selected,Chicken korma,https://pmxylbawxioitqbyntvi.supabase.co/storage/v1/object/public/meals/chicken%20korma.png,false,147.96,9.83,0,0,0,0,0,100 g,Breakfast,Morning,0
680534f0d035d501d3d0fd29,Not Selected,Crispy baked fish,https://pmxylbawxioitqbyntvi.supabase.co/storage/v1/object/public/meals/crispy%20baked%20fish.png,false,138.4,10.95,0,0,0,0,0,100 g,Breakfast,Morning,0
680534f0d035d501d3d0fd33,Not Selected,Mooli bhujia,https://pmxylbawxioitqbyntvi.supabase.co/storage/v1/object/public/meals/mooli%20bhujia.png,false,91.2,1.69,0,0,0,0,0,100 g,Breakfast,Morning,0
680534f0d035d501d3d0fd37,Not Selected,Dry arbi (Sookhi arbi),https://pmxylbawxioitqbyntvi.supabase.co/storage/v1/object/public/meals/dry%20arbi%20(sookhi%20arbi).png,false,134.95,2.12,0,0,0,0,0,100 g,Breakfast,Morning,0
680534f0d035d501d3d0fd4a,Not Selected,Potato nests,https://pmxylbawxioitqbyntvi.supabase.co/storage/v1/object/public/meals/potato%20nests.png,false,111.62,5.71,0,0,0,0,0,100 g,Breakfast,Morning,0
680534f0d035d501d3d0fd78,Not Selected,Honey banana cream,https://pmxylbawxioitqbyntvi.supabase.co/storage/v1/object/public/meals/honey%20banana%20cream.png,false,125.49,2.78,0,0,0,0,0,100 g,Breakfast,Morning,0
680534f0d035d501d3d0fd85,Not Selected,Steamed cake with chocolate sauce,https://pmxylbawxioitqbyntvi.supabase.co/storage/v1/object/public/meals/steamed%20cake%20with%20chocolate%20sauce.png,false,301.91,4.49,0,0,0,0,0,200 ml,Breakfast,Morning,0
680534f0d035d501d3d0fd87,Not Selected,Gulab jamun with milk powder,https://pmxylbawxioitqbyntvi.supabase.co/storage/v1/object/public/meals/gulab%20jamun%20with%20milk%20powder.png,false,471.15,0.85,0,0,0,0,0,100 g,Breakfast,Morning,0
680534f0d035d501d3d0fd91,Not Selected,Pumpkin coconut burfi (Kaddu aur nariyal ki burfi),https://pmxylbawxioitqbyntvi.supabase.co/storage/v1/object/public/meals/pumpkin%20coconut%20burfi%20(kaddu%20aur%20nariyal%20ki%20burfi).png,false,186.18,1.75,0,0,0,0,0,100 g,Breakfast,Morning,0
680534f0d035d501d3d0fd97,Not Selected,Masala onion pakora/pakoda (Pyaaz ke pakode),https://pmxylbawxioitqbyntvi.supabase.co/storage/v1/object/public/meals/masala%20onion%20pakora/pakoda%20(pyaaz%20ke%20pakode).png,false,551.64,2.05,0,0,0,0,0,100 g,Breakfast,Morning,0
680534f0d035d501d3d0fda2,Not Selected,Masala urad dal vada,https://pmxylbawxioitqbyntvi.supabase.co/storage/v1/object/public/meals/masala%20urad%20dal%20vada.png,false,703.78,4.32,0,0,0,0,0,100 g,Breakfast,Morning,0
680534f0d035d501d3d0fda7,Not Selected,Coriander chutney (Hare dhaniye ki chutney),https://pmxylbawxioitqbyntvi.supabase.co/storage/v1/object/public/meals/coriander%20chutney%20(hare%20dhaniye%20ki%20chutney).png,false,42.86,1.38,0,0,0,0,0,100 g,Breakfast,Morning,0
680534f0d035d501d3d0fdaf,Not Selected,Mayonnaise vegetable dip,https://pmxylbawxioitqbyntvi.supabase.co/storage/v1/object/public/meals/mayonnaise%20vegetable%20dip.png,false,241.27,3.01,0,0,0,0,0,100 g,Breakfast,Morning,0
680534f0d035d501d3d0fdb5,Not Selected,Spicy chutney sandwich,https://pmxylbawxioitqbyntvi.supabase.co/storage/v1/object/public/meals/spicy%20chutney%20sandwich.png,false,249.58,8.74,0,0,0,0,0,100 g,Breakfast,Morning,0
680534f0d035d501d3d0fdbf,Not Selected,Chocolate sponge cake,https://pmxylbawxioitqbyntvi.supabase.co/storage/v1/object/public/meals/chocolate%20sponge%20cake.png,false,239.86,9.13,0,0,0,0,0,100 g,Breakfast,Morning,0
680534f0d035d501d3d0fdc6,Not Selected,Black forest gateau,https://pmxylbawxioitqbyntvi.supabase.co/storage/v1/object/public/meals/black%20forest%20gateau.png,false,217.82,5.94,0,0,0,0,0,200 ml,Breakfast,Morning,0
680534f0d035d501d3d0fde5,Not Selected,Savoury puffs,https://pmxylbawxioitqbyntvi.supabase.co/storage/v1/object/public/meals/savoury%20puffs.png,false,190.79,9.51,0,0,0,0,0,100 g,Breakfast,Morning,0
680534f0d035d501d3d0fde7,Not Selected,Potato aigrettes,https://pmxylbawxioitqbyntvi.supabase.co/storage/v1/object/public/meals/potato%20aigrettes.png,false,530.03,2.35,0,0,0,0,0,100 g,Breakfast,Morning,0
680534f0d035d501d3d0fdea,Not Selected,Paneer patties,https://pmxylbawxioitqbyntvi.supabase.co/storage/v1/object/public/meals/paneer%20patties.png,false,338.58,7.6,0,0,0,0,0,100 g,Breakfast,Morning,0
680534f0d035d501d3d0fdf0,Not Selected,Shishu ahar,https://pmxylbawxioitqbyntvi.supabase.co/storage/v1/object/public/meals/shishu%20ahar.png,false,93.37,2.61,0,0,0,0,0,100 g,Breakfast,Morning,0
680534f0d035d501d3d0fe0f,Not Selected,Pineapple milkshake with ice cream (Ananas milkshake ice cream ke saath),https://pmxylbawxioitqbyntvi.supabase.co/storage/v1/object/public/meals/pineapple%20milkshake%20with%20ice%20cream%20(ananas%20milkshake%20ice%20cream ke saath).png,false,68.49,1.93,0,0,0,0,0,100 g,Breakfast,Morning,0
680534f0d035d501d3d0fe28,Not Selected,Thickened sweetened milk (Rabri),https://pmxylbawxioitqbyntvi.supabase.co/storage/v1/object/public/meals/thickened%20sweetened%20milk%20(rabri).png,false,102.79,3.52,0,0,0,0,0,100 g,Breakfast,Morning,0
680534f0d035d501d3d0fe2b,Not Selected,Watercress sandwich,https://pmxylbawxioitqbyntvi.supabase.co/storage/v1/object/public/meals/watercress%20sandwich.png,false,229.42,5.17,0,0,0,0,0,100 g,Breakfast,Morning,0
680534f0d035d501d3d0fe41,Not Selected,Date pickle (Khajoor ka achaar),https://pmxylbawxioitqbyntvi.supabase.co/storage/v1/object/public/meals/date%20pickle%20(khajoor%20ka%20achaar).png,false,182.29,1.68,0,0,0,0,0,100 g,Breakfast,Morning,0
680534f0d035d501d3d0fe42,Not Selected,Garlic pickle (Lahasun ka achar),https://pmxylbawxioitqbyntvi.supabase.co/storage/v1/object/public/meals/garlic%20pickle%20(lahasun%20ka%20achar).png,false,413.62,3.72,0,0,0,0,0,100 g,Breakfast,Morning,0
680534f0d035d501d3d0fe66,Not Selected,Onion raita (Pyaaz ka raita),https://pmxylbawxioitqbyntvi.supabase.co/storage/v1/object/public/meals/onion%20raita%20(pyaaz%20ka%20raita).png,false,71.56,4.86,0,0,0,0,0,100 g,Breakfast,Morning,0
680534f0d035d501d3d0fe72,Not Selected,Khakhra,https://pmxylbawxioitqbyntvi.supabase.co/storage/v1/object/public/meals/khakhra.png,false,178.5,4.78,0,0,0,0,0,100 g,Breakfast,Morning,0
680534f0d035d501d3d0fe92,Not Selected,Millet soup,https://pmxylbawxioitqbyntvi.supabase.co/storage/v1/object/public/meals/millet%20soup.png,false,55.99,11.26,0,0,0,0,0,100 g,Breakfast,Morning,0
680534f0d035d501d3d0fea2,Not Selected,Maa chaane ki dal,https://pmxylbawxioitqbyntvi.supabase.co/storage/v1/object/public/meals/maa%20chaane%20ki%20dal.png,false,344.67,19.8,0,0,0,0,0,100 g,Breakfast,Morning,0
680534f0d035d501d3d0fea6,Not Selected,White sauce (thick),https://pmxylbawxioitqbyntvi.supabase.co/storage/v1/object/public/meals/white%20sauce%20(thick).png,false,209.69,3.43,0,0,0,0,0,100 g,Breakfast,Morning,0
680534f0d035d501d3d0fec1,Not Selected,Poha with curd (Poha aur dahi),https://pmxylbawxioitqbyntvi.supabase.co/storage/v1/object/public/meals/poha%20with%20curd%20(poha%20aur%20dahi).png,false,173.32,6.01,0,0,0,0,0,100 g,Breakfast,Morning,0
680534f0d035d501d3d0fec4,Not Selected,Vegetable khichdi/khichri,https://pmxylbawxioitqbyntvi.supabase.co/storage/v1/object/public/meals/vegetable%20khichdi/khichri.png,false,143.17,5.61,0,0,0,0,0,100 g,Breakfast,Morning,0
680534f0d035d501d3d0fee6,Not Selected,Home made plain noodles,https://pmxylbawxioitqbyntvi.supabase.co/storage/v1/object/public/meals/home%20made%20plain%20noodles.png,false,238.78,6.21,0,0,0,0,0,100 g,Breakfast,Morning,0
6963c1fcae1c29dea4b0cbfc,Not Selected,Garlic Lemon Chicken with Rice and Broccoli,https://pmxylbawxioitqbyntvi.supabase.co/storage/v1/object/public/meals/garlic%20lemon%20chicken%20with%20rice%20and%20broccoli.png,false,520,45,0,55,0,0,0,100 g,Breakfast,Morning,0
69739c6f853a47cf9c227b3d,Not Selected,Tomato Onion Egg Scramble,https://pmxylbawxioitqbyntvi.supabase.co/storage/v1/object/public/meals/tomato%20onion%20egg%20scramble.png,false,440,26,0,13,0,0,0,,,,0
696b649b2102a3b9d1455b1f,Not Selected,Spicy Garlic Soybeans and Potato Breakfast Hash,https://pmxylbawxioitqbyntvi.supabase.co/storage/v1/object/public/meals/spicy%20garlic%20soybeans%20and%20potato%20breakfast%20hash.png,false,330,18.5,0,49,0,0,0,,,,0
696c6e3edff1e1e9ec6a02c7,Not Selected,Dal Rice and Potato Muscle Gain Bowl,https://pmxylbawxioitqbyntvi.supabase.co/storage/v1/object/public/meals/dal%20rice%20and%20potato%20muscle%20gain%20bowl.png,false,740,26,0,140,0,0,0,,,,0
680534f0d035d501d3d0fef0,Not Selected,Brinjal pickle (Baingan ka achaar),https://pmxylbawxioitqbyntvi.supabase.co/storage/v1/object/public/meals/brinjal%20pickle%20(baingan%20ka%20achaar).png,false,139.01,2.24,0,0,0,0,0,100 g,Breakfast,Morning,0
6963c582ae1c29dea4b0cc1b,Not Selected,Apple Cinnamon Greek Yogurt Bowl,https://pmxylbawxioitqbyntvi.supabase.co/storage/v1/object/public/meals/apple%20cinnamon%20greek%20yogurt%20bowl.png,false,240,20,0,34,0,0,0,100 g,Breakfast,Morning,0
680534f0d035d501d3d0fef1,Not Selected,Sweet and sour tomato pickle (Khatta meetha tamatar ka achaar),https://pmxylbawxioitqbyntvi.supabase.co/storage/v1/object/public/meals/sweet%20and%20sour%20tomato%20pickle%20(khatta%20meetha%20tamatar%20ka%20achaar).png,false,60.88,1.26,0,0,0,0,0,100 g,Breakfast,Morning,0
6973b8b36cc525fa2ff6609a,Not Selected,Onion Tomato Egg Scramble,https://pmxylbawxioitqbyntvi.supabase.co/storage/v1/object/public/meals/onion%20tomato%20egg%20scramble.png,false,305,19.5,0,11,0,0,0,,,,0
6992b961c291b57128cb98c8,Not Selected,Banana Milkshake with Sweet Potato Hash,https://pmxylbawxioitqbyntvi.supabase.co/storage/v1/object/public/meals/banana%20milkshake%20with%20sweet%20potato%20hash.png,false,515,10.5,0,101,0,0,0,,,,0
680534f0d035d501d3d0feed,Not Selected,Marmalade (Murabba),https://pmxylbawxioitqbyntvi.supabase.co/storage/v1/object/public/meals/marmalade%20(murabba).png,false,143.76,0.23,0,0,0,0,0,100 g,Breakfast,Morning,0
69636025bc8f46226b5b2c84,Not Selected,Grilled Chicken Salad,https://pmxylbawxioitqbyntvi.supabase.co/storage/v1/object/public/meals/grilled%20chicken%20salad.png,false,0,30,0,0,0,0,0,280 g,Breakfast,Morning,0
69674a917e541c7888ac8333,Not Selected,High-Protein Soybean Garlic Masala Potato Scramble,https://pmxylbawxioitqbyntvi.supabase.co/storage/v1/object/public/meals/high-protein%20soybean%20garlic%20masala%20potato%20scramble.png,false,360,25,0,53,0,0,0,100 g,Breakfast,Morning,0
696b52a2b680e54199251c07,Not Selected,Ghee Roti with Warm Milk,https://pmxylbawxioitqbyntvi.supabase.co/storage/v1/object/public/meals/ghee%20roti%20with%20warm%20milk.png,false,520,11,0,60,0,0,0,100 g,Breakfast,Morning,0
6970ec9fefd70915c548361f,Not Selected,Banana Milk Smoothie,https://pmxylbawxioitqbyntvi.supabase.co/storage/v1/object/public/meals/banana%20milk%20smoothie.png,false,255,8.5,0,39,0,0,0,,,,0
6973b48beacbd7fa54d73a94,Not Selected,Beetroot Egg Fried Rice Bowl,https://pmxylbawxioitqbyntvi.supabase.co/storage/v1/object/public/meals/beetroot%20egg%20fried%20rice%20bowl.png,false,530,16,0,73,0,0,0,Cooked rice 200 g\nEggs 2 large\nBeetroot 120 g\nCooking oil 1 tsp,,,0
6975d1cb128998776fe580d3,Not Selected,Capsicum and Egg Toast Scramble,https://pmxylbawxioitqbyntvi.supabase.co/storage/v1/object/public/meals/capsicum%20and%20egg%20toast%20scramble.png,false,410,22,0,29,0,0,0,Eggs 3 large\nCapsicum 1 medium\nBread 2 slices\nOil 1 teaspoon\nSalt a pinch\nBlack pepper a pinch,,,0
680534f0d035d501d3d0feef,Not Selected,Lemon green chilli pickle (Nimboo aur hari mirch ka achaar),https://pmxylbawxioitqbyntvi.supabase.co/storage/v1/object/public/meals/lemon%20green%20chilli%20pickle%20(nimboo%20aur%20hari%20mirch%20ka%20achaar).png,false,14.07,0.85,0,0,0,0,0,100 g,Breakfast,Morning,0
696b6a6edde2c408147f1a4b,Not Selected,Kaju Milk Rice Bowl,https://pmxylbawxioitqbyntvi.supabase.co/storage/v1/object/public/meals/kaju%20milk%20rice%20bowl.png,false,470,13,0,73,0,0,0,,,,0
680534f0d035d501d3d0fef4,Not Selected,Tomato ketchup,https://pmxylbawxioitqbyntvi.supabase.co/storage/v1/object/public/meals/tomato%20ketchup.png,false,33.07,0.91,0,0,0,0,0,100 g,Breakfast,Morning,0
6973b9966cc525fa2ff6609f,Not Selected,"Chicken, Egg and Onion Rice Bowl","https://pmxylbawxioitqbyntvi.supabase.co/storage/v1/object/public/meals/chicken,%20egg%20and%20onion%20rice%20bowl.png",false,792,78.5,0,79,0,0,0,Chicken breast 200 g\nEggs 2 large\nCooked rice 250 g\nOnion 100 g\nOlive oil 10 g\nSalt 2 g\nBlack pepper 1 g,,,0
680534f0d035d501d3d0fee8,Not Selected,Cumin seeds baghar (Jeera baghar/tadka),https://pmxylbawxioitqbyntvi.supabase.co/storage/v1/object/public/meals/cumin%20seeds%20baghar%20(jeera%20baghar/tadka).png,false,736.81,3.34,0,0,0,0,0,100 g,Breakfast,Morning,0
680534f0d035d501d3d0feec,Not Selected,Apple jelly (Seb ki jelly),https://pmxylbawxioitqbyntvi.supabase.co/storage/v1/object/public/meals/apple%20jelly%20(seb%20ki%20jelly).png,false,152.13,0.1,0,0,0,0,0,100 g,Breakfast,Morning,0
69739b4c853a47cf9c227b3a,Not Selected,High-Protein Chicken Rice Bowl with Tomato Onion Sauté,https://pmxylbawxioitqbyntvi.supabase.co/storage/v1/object/public/meals/high-protein%20chicken%20rice%20bowl%20with%20tomato%20onion%20sauté.png,false,860,82,0,82,0,0,0,,,,0
698ec711dcfbac93c1e7e6c7,Not Selected,Banana Peanut Butter Egg Scramble,https://pmxylbawxioitqbyntvi.supabase.co/storage/v1/object/public/meals/banana%20peanut%20butter%20egg%20scramble.png,false,474,19,0,32,0,0,0,1 medium banana 120 g\n2 large eggs 100 g\n1 tbsp peanut butter 16 g\n1 tsp butter or oil for pan 5 g\nPinch of salt,,,0
680534f0d035d501d3d0fee7,Not Selected,Dal moong,https://pmxylbawxioitqbyntvi.supabase.co/storage/v1/object/public/meals/dal%20moong.png,false,43.69,2.2,0,0,0,0,0,100 g,Breakfast,Morning,0
680534f0d035d501d3d0feee,Not Selected,Plum squash (Aloo bukhara squash),https://pmxylbawxioitqbyntvi.supabase.co/storage/v1/object/public/meals/plum%20squash%20(aloo%20bukhara%20squash).png,false,211.17,0.16,0,0,0,0,0,100 g,Breakfast,Morning,0
6970e715dcd9be29e4767afd,Not Selected,Soybean Garlic Masala Potato Scramble,https://pmxylbawxioitqbyntvi.supabase.co/storage/v1/object/public/meals/soybean%20garlic%20masala%20potato%20scramble.png,false,360,25,0,53,0,0,0,200 g 100g,,,0
680534f0d035d501d3d0fee9,Not Selected,Onion tomato baghar (Pyaaz tamatar ka tadka),https://pmxylbawxioitqbyntvi.supabase.co/storage/v1/object/public/meals/onion%20tomato%20baghar%20(pyaaz%20tamatar%20ka%20tadka).png,false,137.52,1.26,0,0,0,0,0,100 g,Breakfast,Morning,0
680534f0d035d501d3d0feeb,Not Selected,Hot cherry sauce,https://pmxylbawxioitqbyntvi.supabase.co/storage/v1/object/public/meals/hot%20cherry%20sauce.png,false,252.74,0.13,0,0,0,0,0,100 g,Breakfast,Morning,0
680534f0d035d501d3d0fef5,Not Selected,Bengal 5 Spice Blend (Panch Phoran),https://pmxylbawxioitqbyntvi.supabase.co/storage/v1/object/public/meals/bengal%205%20spice%20blend%20(panch%20phoran).png,false,289.79,18.26,0,0,0,0,0,100 g,Breakfast,Morning,0
6963642dbc8f46226b5b2c87,Not Selected,Chicken Biryani,https://pmxylbawxioitqbyntvi.supabase.co/storage/v1/object/public/meals/chicken%20biryani.png,false,0,25,0,55,0,0,0,100 g,Breakfast,Morning,0
696c6a9c2b9c300171738c1d,Not Selected,Chicken Dal Rice Breakfast Bowl,https://pmxylbawxioitqbyntvi.supabase.co/storage/v1/object/public/meals/chicken%20dal%20rice%20breakfast%20bowl.png,false,770,59,0,93,0,0,0,,,,0
6973a9dfeacbd7fa54d73a71,Not Selected,Simple Fried Eggs on Toast,https://pmxylbawxioitqbyntvi.supabase.co/storage/v1/object/public/meals/simple%20fried%20eggs%20on%20toast.png,false,345,18,0,26,0,0,0,Eggs 2 large\nBread 2 slices\nOil 1 tsp\nSalt optional pinch\nBlack pepper optional pinch,,,0
6973ab2eeacbd7fa54d73a75,Not Selected,Banana Paneer Egg Scramble Plate,https://pmxylbawxioitqbyntvi.supabase.co/storage/v1/object/public/meals/banana%20paneer%20egg%20scramble%20plate.png,false,668,39,0,40,0,0,0,2 large eggs\n100 g paneer\n1 medium banana\n200 ml milk\n1 tsp oil or ghee\nPinch of salt,,,0
680534f0d035d501d3d0feea,Not Selected,Mustard seeds baghar (Mustard seed tadka),https://pmxylbawxioitqbyntvi.supabase.co/storage/v1/object/public/meals/mustard%20seeds%20baghar%20(mustard%20seed%20tadka).png,false,552.59,4.73,0,0,0,0,0,100 g,Breakfast,Morning,0
680534f0d035d501d3d0fef2,Not Selected,Jhatpat achar with carrot (Jhatpat achaar gajar ke saath),https://pmxylbawxioitqbyntvi.supabase.co/storage/v1/object/public/meals/jhatpat%20achar%20with%20carrot%20(jhatpat%20achaar%20gajar%20ke%20saath).png,false,91.21,1.98,0,0,0,0,0,100 g,Breakfast,Morning,0
680534f0d035d501d3d0fef3,Not Selected,Tomato chutney (Tamatar ki chutney),https://pmxylbawxioitqbyntvi.supabase.co/storage/v1/object/public/meals/tomato%20chutney%20(tamatar%20ki%20chutney).png,false,176.07,0.97,0,0,0,0,0,100 g,Breakfast,Morning,0
6970f11cc65096a8f1e031a8,Not Selected,Peanut Butter Apple Toasts,https://pmxylbawxioitqbyntvi.supabase.co/storage/v1/object/public/meals/peanut%20butter%20apple%20toasts.png,false,490,15,0,61,0,0,0,,,,0
6973b6be43315c6b0bb227cd,Not Selected,Coconut Jeera Yogurt Toast Bowl,https://pmxylbawxioitqbyntvi.supabase.co/storage/v1/object/public/meals/coconut%20jeera%20yogurt%20toast%20bowl.png,false,430,13.5,0,49,0,0,0,Bread 2 slices\nYoghurt 200 g\nFresh coconut meat grated 60 g\nJeera 1/2 tsp\nSalt 1 pinch,,,0
