_id,DishImage,DishName,Calories,Protein,Carbohydrates,Fat,Fiber,Sodium,Iron,Calcium,Sugar,__v,QuantityRequired,nutritionId,selected,type,time
67ffc832d322d6a09e575ac5,https://drive.google.com/uc?id=14DPjVb9CoFXQKbaV1HVevtUkh7kjbxYM,Salad,150,5,20,7,3,150,2.5,40,8,0,280 g,,,,
680534f0d035d501d3d0fb00,https://drive.google.com/uc?id=16kLBmqvndKsodunO5KLto_0-_UPnukvE,Hot tea (Garam Chai),16.14,0.39,0,0,0,0,0,0,0,0,200 ml,0,,,
680534f0d035d501d3d0fb01,https://drive.google.com/uc?id=1CVZLZeZVYSnJiFlwqJ83sw9e135b_xsl,Instant coffee,23.16,0.64,0,0,0,0,0,0,0,0,200 ml,1,,,
680534f0d035d501d3d0fb02,https://drive.google.com/uc?id=1ZsV7ukaj4WUXgAJg7VrkJhISN_d59Tzb,Espreso coffee,51.54,1.75,0,0,0,0,0,0,0,0,200 ml,2,,,
680534f0d035d501d3d0fb03,https://drive.google.com/uc?id=1AJ-qv-J_dLCx3H-sS4tkvmMY64UkGihF,Iced tea,10.34,0.03,0,0,0,0,0,0,0,0,200 ml,3,,,
680534f0d035d501d3d0fb04,https://drive.google.com/uc?id=1Z0Oo-jkMih7ZvBLnpsF5lNh10u-EHutX,Raw mango drink (Aam panna),35.92,0.16,0,0,0,0,0,0,0,0,100 g,4,,,
680534f0d035d501d3d0fb05,https://drive.google.com/uc?id=1W7psr0DBJ3JbsjahzB25t_uIdCj-19ci,Fruit Punch (with fresh juices),36.12,0.14,0,0,0,0,0,0,0,0,100 g,5,,,
680534f0d035d501d3d0fb06,https://drive.google.com/uc?id=1OtruDHH8WbeJy0rvVuAWrCRzKTK8H1wm,Fruit Punch (with squashes),23.13,0.07,0,0,0,0,0,0,0,0,100 g,6,,,
680534f0d035d501d3d0fb07,https://drive.google.com/uc?id=1KQXTfEd79KvEcZraeyGu3sfqgGogsgLW,Lemonade,20.8,0.03,0,0,0,0,0,0,0,0,100 g,7,,,
680534f0d035d501d3d0fb08,https://drive.google.com/uc?id=1Y0A5y8jbfB6VMO3CsF2hcxjTeEO43qt4,Lem-o-gin,21.52,0.08,0,0,0,0,0,0,0,0,100 g,8,,,
680534f0d035d501d3d0fb09,https://drive.google.com/uc?id=1gnK9me_V4gppTsjPOomkvNj7lw2VLh62,Cumin infused water (Jeere/Zeere ka pani),9.09,0.17,0,0,0,0,0,0,0,0,100 g,9,,,
680534f0d035d501d3d0fb0a,https://drive.google.com/uc?id=1SVfXsuq6REIfdIZYUbKTi0N56_kaSvTY,Coco pine cooler,32.75,0.56,0,0,0,0,0,0,0,0,100 g,10,,,
680534f0d035d501d3d0fb0b,https://drive.google.com/uc?id=1mAbWxpm0d_THXSnqbxi0YG__l9no51mf,Summer cooler,22.43,0.37,0,0,0,0,0,0,0,0,100 g,11,,,
680534f0d035d501d3d0fb0c,https://drive.google.com/uc?id=111EGs_3U5SsY-1iz2q3UPICmKXgDsi1i,Hot cocoa,90.1,3.36,0,0,0,0,0,0,0,0,100 g,12,,,
680534f0d035d501d3d0fb0d,https://drive.google.com/uc?id=1R95nksD8JNeF0YyK61W_CLoeO12yAaVO,Cold coffee with ice cream,67.85,1.57,0,0,0,0,0,0,0,0,200 ml,13,,,
680534f0d035d501d3d0fb0e,https://drive.google.com/uc?id=1HRRbNPg6BZSaB_ijcWuz-Fq-4_9eaEms,Banana milkshake (Kele milkshake),65.31,1.84,0,0,0,0,0,0,0,0,100 g,14,,,
680534f0d035d501d3d0fb0f,https://drive.google.com/uc?id=1d9p87wsWpLhSxJkjdCGNM_Q8ZVi7zqxw,Mango milkshake (Aam milkshake),56.9,1.73,0,0,0,0,0,0,0,0,100 g,15,,,
680534f0d035d501d3d0fb10,https://drive.google.com/uc?id=1w3YDclbDNxbCeO92SU49vWH7wxJRTyPa,Pineapple milkshake (Ananas milkshake),55.72,1.66,0,0,0,0,0,0,0,0,100 g,16,,,
680534f0d035d501d3d0fb11,https://drive.google.com/uc?id=1fddpzhT2nvDdwdtObXdDrmyyxgsP05gC,Orange milkshake (Narangi milkshake),57.42,1.86,0,0,0,0,0,0,0,0,100 g,17,,,
680534f0d035d501d3d0fb12,https://drive.google.com/uc?id=1FnzYA8EaoxThE7nGgIgiDDrQ2fsKwL2R,Egg nog,97.14,4.78,0,0,0,0,0,0,0,0,100 g,18,,,
680534f0d035d501d3d0fb13,https://drive.google.com/uc?id=1Ssq-vM1bcLpl1buRgMYKgWh-13scP23b,Sweet Lassi (Meethi lassi),35.66,1.29,0,0,0,0,0,0,0,0,100 g,19,,,
680534f0d035d501d3d0fb14,https://drive.google.com/uc?id=10KAeP1sM4DkygtZW2Nwivxl1oGfRNSwl,Lassi (salted),18.84,1.35,0,0,0,0,0,0,0,0,100 g,20,,,
680534f0d035d501d3d0fb15,https://drive.google.com/uc?id=1G7f-pH0D_USv0GY4BeCRm0A0cnUc3Xco,Cheese and chilli sandwich,218.11,6.8,0,0,0,0,0,0,0,0,100 g,21,,,
680534f0d035d501d3d0fb16,https://drive.google.com/uc?id=1zh1YPfQTFfO9Ey0_9Ykx_YfWOQCi2L5A,Egg sandwich (Ande ka sandwich),285.96,8.69,0,0,0,0,0,0,0,0,100 g,22,,,
680534f0d035d501d3d0fb17,https://drive.google.com/uc?id=17D200GO66tmqP6xuQDjhutktmh8XIU9S,Cucumber sandwich (Kheere ka sandwich),188.6,4.8,0,0,0,0,0,0,0,0,100 g,23,,,
680534f0d035d501d3d0fb18,https://drive.google.com/uc?id=1YQLZd2HvtNpiV5_eTakL1FQwrD0AXtwy,Cheese and pineapple sandwich (Cheese aur ananas ka sandwich),257.71,8.2,0,0,0,0,0,0,0,0,100 g,24,,,
680534f0d035d501d3d0fb19,https://drive.google.com/uc?id=1Kw10aMPMY3WcgGYjx_sZ77la0Efb94V7,Cheese and tomato sandwich (Cheese aur tamatar ke sandwich),243.32,7.92,0,0,0,0,0,0,0,0,100 g,25,,,
680534f0d035d501d3d0fb1a,https://drive.google.com/uc?id=1ATTXSaCMY936macg9xgnoAKe-lJQ6GU9,Chicken sandwich,253.27,13.12,0,0,0,0,0,0,0,0,100 g,26,,,
680534f0d035d501d3d0fb1b,https://drive.google.com/uc?id=1ilaZMhN0ZzTXfzb5fvWXitRmLqCkQf-_,Peanut and tomato sandwich (Moongfali aur tamatar ka sandwich),291.43,9.53,0,0,0,0,0,0,0,0,100 g,27,,,
680534f0d035d501d3d0fb1c,https://drive.google.com/uc?id=10yenUnbYMMdrIq-N4rb9lZNPuxFay3Gr,Rainbow sandwich,272.75,7.75,0,0,0,0,0,0,0,0,100 g,28,,,
680534f0d035d501d3d0fb1d,https://drive.google.com/uc?id=1Voz3LpCk8w0iu1d9vnmBSzK--23FQqRq,Club sandwich,235.32,7.31,0,0,0,0,0,0,0,0,100 g,29,,,
680534f0d035d501d3d0fb1e,https://drive.google.com/uc?id=1meXM81ZA8FYE9Duabb6PNqM2ZUp5wisE,Vegetarian club sandwich,198.33,5.45,0,0,0,0,0,0,0,0,100 g,30,,,
680534f0d035d501d3d0fb1f,https://drive.google.com/uc?id=1TYT_0AJHc4N0KSii62V1s-PBqSFMBME6,Pin wheel sandwich,311.52,8.77,0,0,0,0,0,0,0,0,100 g,31,,,
680534f0d035d501d3d0fb20,https://drive.google.com/uc?id=1H4zFy3Sdep56mFCR_KY8i69iRb-LA9Ly,Carrot apple sandwich (Gajar aur seb ka sandwich),214.11,5.3,0,0,0,0,0,0,0,0,100 g,32,,,
680534f0d035d501d3d0fb21,https://drive.google.com/uc?id=1vJDfkUJO6CBKwFFn2HvwwJMQ6Uh5d-ws,Salami sandwich,255.59,8.7,0,0,0,0,0,0,0,0,100 g,33,,,
680534f0d035d501d3d0fb22,https://drive.google.com/uc?id=1l4LzXsCrY1WtmhGhzwkzBLeGisOKPjSE,Vegetable and mayonnaise sandwich,244.26,4.47,0,0,0,0,0,0,0,0,100 g,34,,,
680534f0d035d501d3d0fb23,https://drive.google.com/uc?id=1si7skzM8HI4Uiux5LNayoI77oT6sfUBY,Egg and tomato sandwich (Ande aur tamatar ka sandwich),222.11,7.66,0,0,0,0,0,0,0,0,100 g,35,,,
680534f0d035d501d3d0fb24,https://drive.google.com/uc?id=1mnn8SMSZYetDcP1DYRhKKuWLXWKeizYf,Sweet open sandwich,244.25,4.99,0,0,0,0,0,0,0,0,100 g,36,,,
680534f0d035d501d3d0fb25,https://drive.google.com/uc?id=1KVGuvGhDHu5M3NNqQ3YbkCrsE9687Xhf,Mushroom and cheese sandwich (toasted),227.42,7.79,0,0,0,0,0,0,0,0,100 g,37,,,
680534f0d035d501d3d0fb26,https://drive.google.com/uc?id=1_qaKt6FQnDG_WY4bVCxqGkymi-6-J50f,Cheese and tomato sandwich (toasted) (Cheese aur tamatar ke sandwich (toasted)),224.58,6.82,0,0,0,0,0,0,0,0,100 g,38,,,
680534f0d035d501d3d0fb27,https://drive.google.com/uc?id=1SM6gyvvfrx9PkoMA_SQsKwKdqDc4-aCJ,Pea potato sandwich (toasted) (Matar aloo ka sandwich),164.9,4.6,0,0,0,0,0,0,0,0,100 g,39,,,
680534f0d035d501d3d0fb28,https://drive.google.com/uc?id=1WXD_Orr0yPyn6ugK-0W-MjF5bg_dI5fZ,Paneer pea sandwich (toasted) (Paneer matar ka sandwich),249.56,12.4,0,0,0,0,0,0,0,0,100 g,40,,,
680534f0d035d501d3d0fb29,https://drive.google.com/uc?id=1qV5om5yKPuFR1JeEvu2tAQqxdyhBLKYV,Chicken sandwich (toasted),167.37,12.08,0,0,0,0,0,0,0,0,100 g,41,,,
680534f0d035d501d3d0fb2a,https://drive.google.com/uc?id=1agSBlRy_ZM4Y6tn_JWTPWzRRlkA83M3j,Pea keema sandwich (toasted) (Matar aur keema ka sandwich),171.78,11.06,0,0,0,0,0,0,0,0,100 g,42,,,
680534f0d035d501d3d0fb2b,https://drive.google.com/uc?id=1WQshTdlHdBpQQ83Tf_8QtFQnsl3VKDRs,Classic club sandwich,200.83,6.74,0,0,0,0,0,0,0,0,100 g,43,,,
680534f0d035d501d3d0fb2c,https://drive.google.com/uc?id=172rzI76dRzbYxnDtX3WEowM6-DPmtIm8,Sesame toast,495.19,1.9,0,0,0,0,0,0,0,0,100 g,44,,,
680534f0d035d501d3d0fb2d,https://drive.google.com/uc?id=1TPQ45bU0Z_eEgGAeVPM3mYUHbQ17WNUf,Cracked wheat porridge (Meetha daliya),81.57,2.64,0,0,0,0,0,0,0,0,100 g,45,,,
680534f0d035d501d3d0fb2e,https://drive.google.com/uc?id=1uCdG_LChNgRkYUZASgUq_-IMgoHE0rZX,Semolina porridge (Suji/Rava daliya),100.89,3.75,0,0,0,0,0,0,0,0,100 g,46,,,
680534f0d035d501d3d0fb2f,https://drive.google.com/uc?id=1zgnl12yRPwm8Mz4SNAlgGASmijgfwBcC,Oatmeal Porridge,72.85,2.6,0,0,0,0,0,0,0,0,100 g,47,,,
680534f0d035d501d3d0fb30,https://drive.google.com/uc?id=1Q9IiJ23obkhhVwCaB8QcpVYcCSVIZ__I,Cornflakes with milk,117.33,3.59,0,0,0,0,0,0,0,0,100 g,48,,,
680534f0d035d501d3d0fb31,https://drive.google.com/uc?id=1T8VqvJ18Frb-tdSZUth_U9QUtqlXIbW8,Rice flakes (Chiwda/Aval),112.44,3.62,0,0,0,0,0,0,0,0,100 g,49,,,
680534f0d035d501d3d0fb32,https://drive.google.com/uc?id=13-Qlo6Gf72h_HTbgfJoKurv_xEW3xF5A,Wheat flakes,112.44,3.62,0,0,0,0,0,0,0,0,100 g,50,,,
680534f0d035d501d3d0fb33,https://drive.google.com/uc?id=1WwIUGtZC_1yyGLSVQpAm_31r5ZCACe-k,Murmura (Puffed rice),113.32,3.62,0,0,0,0,0,0,0,0,100 g,51,,,
680534f0d035d501d3d0fb34,https://drive.google.com/uc?id=1zaDdT7_cg2LUlJNpVcaPkVE8T-_O8yPz,Puffed wheat (Murmure/Moori),113.32,3.62,0,0,0,0,0,0,0,0,100 g,52,,,
680534f0d035d501d3d0fb35,https://drive.google.com/uc?id=1awoQZVRSUaqZjDUWf5OTM7BXF9WiQLq3,Boiled egg (Ubla anda),45.35,4.43,0,0,0,0,0,0,0,0,100 g,53,,,
680534f0d035d501d3d0fb36,https://drive.google.com/uc?id=1N-FU_eY3_XlfCCp3arDgha1xuLVAR86V,Fried Egg,223.67,11.59,0,0,0,0,0,0,0,0,100 g,54,,,
680534f0d035d501d3d0fb37,https://drive.google.com/uc?id=1MjCAmfNjUY6R51NVFJuLyLEVpmkj7m-k,Poached egg,123.87,11.98,0,0,0,0,0,0,0,0,100 g,55,,,
680534f0d035d501d3d0fb38,https://drive.google.com/uc?id=1kHbe4M8Y8v1ZXwrsQ66y-1LQ3kkaMhzy,Scrambled egg (Ande ki bhurji),155.97,10.29,0,0,0,0,0,0,0,0,100 g,56,,,
680534f0d035d501d3d0fb39,https://drive.google.com/uc?id=1zbNyp25yZiEH9Hr5cVzWzIqM5ou_KJ_n,Baked egg,218.85,11.88,0,0,0,0,0,0,0,0,100 g,57,,,
680534f0d035d501d3d0fb3a,https://drive.google.com/uc?id=1QuNbosWLJ3YwC_fGB4AfVovDoTjZbb5c,Plain omelette/omlet,272.41,9.66,0,0,0,0,0,0,0,0,100 g,58,,,
680534f0d035d501d3d0fb3b,https://drive.google.com/uc?id=10o3QFpgqZad7TmiTHF2w48ZCc_wKfDRG,Stuffed egg omelette/omlet,203.51,8.6,0,0,0,0,0,0,0,0,100 g,59,,,
680534f0d035d501d3d0fb3c,https://drive.google.com/uc?id=1jlPxOu1Ck9I84zXx1K58OI3vfrjfCd9T,Pancake,203.36,5.68,0,0,0,0,0,0,0,0,100 g,60,,,
680534f0d035d501d3d0fb3d,https://drive.google.com/uc?id=108OBazDzikZpgkBT2P2I57lTN2Z3Y43c,Keema pancake,176.27,9.01,0,0,0,0,0,0,0,0,100 g,61,,,
680534f0d035d501d3d0fb3e,https://drive.google.com/uc?id=1eqdzgCxlEgjoM9ttiqYTbi70ACg2HITr,Vegetable pancake,125.18,3.87,0,0,0,0,0,0,0,0,100 g,62,,,
680534f0d035d501d3d0fb3f,https://drive.google.com/uc?id=1GaccNgoccVD86X1KLUkre-U48ExJ1uLQ,Jam and fruit pancake,162.02,3.79,0,0,0,0,0,0,0,0,100 g,63,,,
680534f0d035d501d3d0fb40,https://drive.google.com/uc?id=1SeICSTkyxbJofskInZHkc_0p6cQpzlDW,Khoa and coconut pancake,271.98,6.98,0,0,0,0,0,0,0,0,100 g,64,,,
680534f0d035d501d3d0fb41,https://drive.google.com/uc?id=1sgekd4kvceAowF5F8lv8JYn30aRkBadQ,Brown stock,21.32,1.95,0,0,0,0,0,0,0,0,100 g,65,,,
680534f0d035d501d3d0fb42,https://drive.google.com/uc?id=1Ihx9EfpCu3_W1L6BJtulN04u8QOn8jCR,Vegetable stock,17.6,0.3,0,0,0,0,0,0,0,0,100 g,66,,,
680534f0d035d501d3d0fb43,https://drive.google.com/uc?id=1yZuk__5t3Y8G7U2L-GsRa2ZAbJxe_GvF,Chicken stock,29.88,3.69,0,0,0,0,0,0,0,0,100 g,67,,,
680534f0d035d501d3d0fb44,https://drive.google.com/uc?id=121G9OJU5GPAxkDxFJsVSIXizGOISJ_Iv,Clear tomato soup (Tamatar ka soup),80.07,4.79,0,0,0,0,0,0,0,0,100 g,68,,,
680534f0d035d501d3d0fb45,https://drive.google.com/uc?id=1qzw8TAAem4W3ldo2txUqLcRiJAZ5bL43,Lentil soup,31.17,9.65,0,0,0,0,0,0,0,0,100 g,69,,,
680534f0d035d501d3d0fb46,https://drive.google.com/uc?id=1D2w6sbmZvr0nTIVhvu7zEfAlW8cjUJtE,Chicken consomme (Clear chicken soup),47.94,11.47,0,0,0,0,0,0,0,0,100 g,70,,,
680534f0d035d501d3d0fb47,https://drive.google.com/uc?id=1P25PaXh45wFQuSoXdFA46XNMCl8HXVPb,Cream of tomato soup,97.81,4.61,0,0,0,0,0,0,0,0,100 g,71,,,
680534f0d035d501d3d0fb48,https://drive.google.com/uc?id=1C7ChVeiDn49CpB0MH_utD6iBgASWd4nH,Cream of green peas soup,127.84,7.13,0,0,0,0,0,0,0,0,100 g,72,,,
680534f0d035d501d3d0fb49,https://drive.google.com/uc?id=1PZyp-4Oeu9JJiADk2KnsTdmqr6XOlBqk,Cream of spinach soup,100.54,5.21,0,0,0,0,0,0,0,0,100 g,73,,,
680534f0d035d501d3d0fb4a,https://drive.google.com/uc?id=1yFcpKqgKU_4qV2uLdJ3HSfEIKB350eRZ,Cream of mixed vegetable soup,59.65,6.84,0,0,0,0,0,0,0,0,100 g,74,,,
680534f0d035d501d3d0fb4b,https://drive.google.com/uc?id=1MMVC7kEjEDtwN7SCokmZ4R5YGuSe512u,Cream of mushroom soup,117.28,6.64,0,0,0,0,0,0,0,0,100 g,75,,,
680534f0d035d501d3d0fb4c,https://drive.google.com/uc?id=1Bliu8uTnH-gJaKHcx_VkMH0_ZCdCdYLQ,Chicken sweet corn soup,28.32,14.48,0,0,0,0,0,0,0,0,100 g,76,,,
680534f0d035d501d3d0fb4d,https://drive.google.com/uc?id=183J0H1tMcZTt2xFKBqu9vAVT9khRcQS8,Minestrone soup,42.66,9.3,0,0,0,0,0,0,0,0,100 g,77,,,
680534f0d035d501d3d0fb4e,https://drive.google.com/uc?id=1Fl0kJQY1SrqKqBC1UdaBoSFF7kvIVHD8,Egg drop soup,26.64,12.93,0,0,0,0,0,0,0,0,100 g,78,,,
680534f0d035d501d3d0fb4f,https://drive.google.com/uc?id=1RGWOAj1aqG0nB0VuL6wWzHzwiqEaPAyF,Chinese cabbage and meat ball soup,484.31,5.21,0,0,0,0,0,0,0,0,100 g,79,,,
680534f0d035d501d3d0fb50,https://drive.google.com/uc?id=10MzvRgAGelrI4D78PYuxCfBzpywlHVDx,French onion soup,55.61,11.41,0,0,0,0,0,0,0,0,100 g,80,,,
680534f0d035d501d3d0fb51,https://drive.google.com/uc?id=12BC1REtfcKp09lMvkdFDCRarUqlj8CoH,Hot and sour soup,31.51,3.12,0,0,0,0,0,0,0,0,100 g,81,,,
680534f0d035d501d3d0fb52,https://drive.google.com/uc?id=1ZHzHjGjgRR9_4-yNc6V5MCE3xyvWHNLC,Talaumein soup,35.63,10.12,0,0,0,0,0,0,0,0,100 g,82,,,
680534f0d035d501d3d0fb53,https://drive.google.com/uc?id=10hWvUN6DzctfjYOHgqj8K54nimLtLMo6,Cold cucumber soup (Thanda kheere ka soup),48.03,2.99,0,0,0,0,0,0,0,0,100 g,83,,,
680534f0d035d501d3d0fb54,https://drive.google.com/uc?id=1hPcwBEH0M5FZ8_gb3LRKLa016ztlVWP2,Cold summer garden soup,49.19,8.57,0,0,0,0,0,0,0,0,100 g,84,,,
680534f0d035d501d3d0fb55,https://drive.google.com/uc?id=16lnX-Ji0Mv-uWw2LfkwKapngqMk_QC-L,Chapati/Roti,202.31,5.88,0,0,0,0,0,0,0,0,100 g,85,,,
680534f0d035d501d3d0fb56,https://drive.google.com/uc?id=1t3zZcAoP7DrYoYa0ROPS8J06a5TdcADp,Plain parantha/paratha,298.3,5.06,0,0,0,0,0,0,0,0,100 g,86,,,
680534f0d035d501d3d0fb57,https://drive.google.com/uc?id=1QyLlyYdpg5RwonEzzRrLBusrTeULGwWV,Potato parantha/paratha (Aloo ka parantha/paratha),205.04,3.7,0,0,0,0,0,0,0,0,100 g,87,,,
680534f0d035d501d3d0fb58,https://drive.google.com/uc?id=1upuxAsSzIU7jGR01mCk_hIvg0JFNumTf,Radish parantha/paratha (Mooli ka parantha/paratha),183.52,3.3,0,0,0,0,0,0,0,0,100 g,88,,,
680534f0d035d501d3d0fb59,https://drive.google.com/uc?id=1sKIjp_yDK1Tuuumah6DuP7x-dwXXmNBD,Cauliflower parantha/paratha (Phoolgobhi ka parantha/paratha),178.07,3.73,0,0,0,0,0,0,0,0,100 g,89,,,
680534f0d035d501d3d0fb5a,https://drive.google.com/uc?id=1jQKwJx59BsetjmhQQwp-MbK5lSM_jEfT,Dal parantha/paratha,268.24,6.78,0,0,0,0,0,0,0,0,100 g,90,,,
680534f0d035d501d3d0fb5b,https://drive.google.com/uc?id=1AMDc_WVJQuTVF5wxAPOC6KlDHpV-W4O6,Sprouted moong parantha/paratha,228.59,4.29,0,0,0,0,0,0,0,0,100 g,91,,,
680534f0d035d501d3d0fb5c,https://drive.google.com/uc?id=1Fpf_Es5CeC6umXYlzntTnYgtuv3RWzA4,Pea parantha/paratha (Matar ka parantha/paratha),190.73,5.59,0,0,0,0,0,0,0,0,100 g,92,,,
680534f0d035d501d3d0fb5d,https://drive.google.com/uc?id=16_pv4CVcnz-uTwRlPCw7ehGtQDt9gTYL,Keema parantha/paratha,238.09,9.41,0,0,0,0,0,0,0,0,100 g,93,,,
680534f0d035d501d3d0fb5e,https://drive.google.com/uc?id=1K8aJD8tPcdDqOJT0p-rjetcCJGDEizpn,Paneer parantha/paratha,262.97,7.98,0,0,0,0,0,0,0,0,100 g,94,,,
680534f0d035d501d3d0fb5f,https://drive.google.com/uc?id=1Y-IQ2jL0inu5YEH2sA3oicNDJxTDcmz0,Besan and spinach parantha/paratha (Besan aur palak ka parantha/paratha),216.49,5.54,0,0,0,0,0,0,0,0,100 g,95,,,
680534f0d035d501d3d0fb60,https://drive.google.com/uc?id=1LgSjdApbUBQHO7PfVQRALNXfgHT6Ad__,Poori,737.63,1.35,0,0,0,0,0,0,0,0,100 g,96,,,
680534f0d035d501d3d0fb61,https://drive.google.com/uc?id=1j_TWO9Ag3mS8hu_ojyj6T-M5_Ivczz6j,Spinach poori (Palak poori),684.25,1.42,0,0,0,0,0,0,0,0,100 g,97,,,
680534f0d035d501d3d0fb62,https://drive.google.com/uc?id=1x65x6F1DddqQNAGKmagntmfTnbWXD1Jx,Methi poori,710.02,1.45,0,0,0,0,0,0,0,0,100 g,98,,,
680534f0d035d501d3d0fb63,https://drive.google.com/uc?id=1uriELgJ8KPFTCurpG1LIMeR_j9woVv9c,Dal stuffed poori,785.16,2.08,0,0,0,0,0,0,0,0,100 g,99,,,
680534f0d035d501d3d0fb64,https://drive.google.com/uc?id=19CDzFtU2r0LFj5jPlv6nrxuSoJz45XiF,Potato stuffed poori (Aloo ki poori),776.74,1.52,0,0,0,0,0,0,0,0,100 g,100,,,
680534f0d035d501d3d0fb65,https://drive.google.com/uc?id=1cVifKGtnBqW-J8fae3ybTxkIYIHp7ziM,Tandoori parantha/paratha,295.37,5.08,0,0,0,0,0,0,0,0,100 g,101,,,
680534f0d035d501d3d0fb66,https://drive.google.com/uc?id=1azlus1sbLog-emdW30gdwx3NWDcgcw8y,Boiled rice (Uble chawal),117.19,2.6,0,0,0,0,0,0,0,0,100 g,102,,,
680534f0d035d501d3d0fb67,https://drive.google.com/uc?id=1ArWoMgVE5Kf6XdTVcxTAMq7_nXLTa0ET,Plain pulao,140.21,2.34,0,0,0,0,0,0,0,0,100 g,103,,,
680534f0d035d501d3d0fb68,https://drive.google.com/uc?id=15bql_VxrE-Ez8BLRSGqR0-GNGhyyJX7R,Mixed vegetable pulao,113.05,2.72,0,0,0,0,0,0,0,0,100 g,104,,,
680534f0d035d501d3d0fb69,https://drive.google.com/uc?id=1y-GVqj7YSP-XC1v3OpR9lW1bRwDMeaYf,Mushroom pulao,124.29,2.52,0,0,0,0,0,0,0,0,100 g,105,,,
680534f0d035d501d3d0fb6a,https://drive.google.com/uc?id=1GOPzmvF22UHKodKUJbUL2PG3NqBIjIYW,Sprouted moong pulao,112.97,2.19,0,0,0,0,0,0,0,0,100 g,106,,,
680534f0d035d501d3d0fb6b,https://drive.google.com/uc?id=1PSgk56-A-7xJOhJw2bXrhYIYwYsb-E9k,Paneer pulao,581.91,1.98,0,0,0,0,0,0,0,0,100 g,107,,,
680534f0d035d501d3d0fb6c,https://drive.google.com/uc?id=1VZgDG70jGrKnjSGqX6gywNCt-hYybafM,Peanut pulao,193.28,5.32,0,0,0,0,0,0,0,0,100 g,108,,,
680534f0d035d501d3d0fb6d,https://drive.google.com/uc?id=10eOb02-CFlWipNCY8n5u896x44rTsI1w,Navratan pulao,261.71,6.2,0,0,0,0,0,0,0,0,100 g,109,,,
680534f0d035d501d3d0fb6e,https://drive.google.com/uc?id=1PY6EEjhHiU0dSPXamw6Ms3A53dBCOXER,Green chickpeas pulao (Choliya pulao/Hare chane ka pulao),173.43,4.88,0,0,0,0,0,0,0,0,100 g,110,,,
680534f0d035d501d3d0fb6f,https://drive.google.com/uc?id=1tf_hznj0OaW2wDwzfyMlVsAlyjA41xSD,Mutton biryani/biriyani,190.76,7.38,0,0,0,0,0,0,0,0,100 g,111,,,
680534f0d035d501d3d0fb70,https://drive.google.com/uc?id=15O2rwU0G5LO7HRtOxONF_NR3xN3dZDST,Vegetable biryani/biriyani,174.61,3.16,0,0,0,0,0,0,0,0,100 g,112,,,
680534f0d035d501d3d0fb71,https://drive.google.com/uc?id=1HTgKgehRgQlQcBJEKH4CsFAVQ0G_aBXs,"Lemon rice (Pulihora, Elumichai sadam, Chitranna)",176.3,4.26,0,0,0,0,0,0,0,0,100 g,113,,,
680534f0d035d501d3d0fb72,https://drive.google.com/uc?id=1hZf3w-jA-fFCXEx3sIhuV2IpHCUiN6IO,Sweet rice (Meethe chawal),215.41,2.1,0,0,0,0,0,0,0,0,100 g,114,,,
680534f0d035d501d3d0fb73,https://drive.google.com/uc?id=1ld_n4BfnRhL_Q7nVAQve_ukQ2eVcwEqY,Curd rice (Dahi bhaat/Dahi chawal/ Perugu annam/Daddojanam/Thayir saadam),195.74,5.75,0,0,0,0,0,0,0,0,100 g,115,,,
680534f0d035d501d3d0fb74,https://drive.google.com/uc?id=1EKR2N5GN46jo938-zWu4Gm1uYEhP2LJK,Tamarind rice (Chintapandu pulihora/Puliyodharai/Puli sadam/Huli anna),373.04,7.45,0,0,0,0,0,0,0,0,100 g,116,,,
680534f0d035d501d3d0fb75,https://drive.google.com/uc?id=1uxC1AGMIUVyDpX2rGFv02_ZwryhmPzLQ,Spanish rice,164.24,4.19,0,0,0,0,0,0,0,0,100 g,117,,,
680534f0d035d501d3d0fb76,https://drive.google.com/uc?id=1KIT8Ha_9SsH3WNMoIXK6BftE88qe7IB1,Chinese fried rice,120.58,4.05,0,0,0,0,0,0,0,0,100 g,118,,,
680534f0d035d501d3d0fb77,https://drive.google.com/uc?id=1G1F7tpWuRmEJkb-0sgaFlsxmnL1scCY4,Macroni cheese pie,170.63,5.85,0,0,0,0,0,0,0,0,100 g,119,,,
680534f0d035d501d3d0fb78,https://drive.google.com/uc?id=1T96cdGYHjkqfDv9xTiUP3JUX2bx2l5fo,Vegetable chowmein,129.71,3.07,0,0,0,0,0,0,0,0,100 g,120,,,
680534f0d035d501d3d0fb79,https://drive.google.com/uc?id=1Z_3PkyTGxXJTPiM12J74OOWqFXMZ9rU9,Chicken chowmein,151.33,6.33,0,0,0,0,0,0,0,0,100 g,121,,,
680534f0d035d501d3d0fb7a,https://drive.google.com/uc?id=19b8tvxyqdvXyA9G-wwLPai7QaB3O9aUx,Cheese noodle ring,133.67,6.22,0,0,0,0,0,0,0,0,100 g,122,,,
680534f0d035d501d3d0fb7b,https://drive.google.com/uc?id=1wPqs8u_AQqRCmqQUHMb405omf2hFYTfa,Spaghetti and cheese balls in tomato sauce,508.32,2.41,0,0,0,0,0,0,0,0,100 g,123,,,
680534f0d035d501d3d0fb7c,https://drive.google.com/uc?id=15ys4DA5i_5YzUkEDVluZzHrefbdSrCXp,Penne platter,177.4,5.04,0,0,0,0,0,0,0,0,100 g,124,,,
680534f0d035d501d3d0fb7d,https://drive.google.com/uc?id=1H6rcQMv4PYi--iqIrZvQs13M_Nn3Y6e6,Pasta hot pot,125.17,5.84,0,0,0,0,0,0,0,0,100 g,125,,,
680534f0d035d501d3d0fb7e,https://drive.google.com/uc?id=1j-HUaBvc-OM-zjjAm-N6WR3rtuZDo9HB,Chicken lasagne,187.49,10.45,0,0,0,0,0,0,0,0,100 g,126,,,
680534f0d035d501d3d0fb7f,https://drive.google.com/uc?id=1lUb-YjQMo06sJcQm-gPwK_WU7YyXT5Ks,Fettuccine with spinach sauce,129.21,3.1,0,0,0,0,0,0,0,0,100 g,127,,,
680534f0d035d501d3d0fb80,https://drive.google.com/uc?id=1z8m05h4MH2amq72TBIrSPgIO4MyLKa6A,Naan,286.45,8.05,0,0,0,0,0,0,0,0,100 g,128,,,
680534f0d035d501d3d0fb81,https://drive.google.com/uc?id=1dh1rhkFV3DUTYNgkJrNdS448MSIPOZGg,Bhatura,793.2,1.63,0,0,0,0,0,0,0,0,100 g,129,,,
680534f0d035d501d3d0fb82,https://drive.google.com/uc?id=1fW0WwKZRfw3Vuytr9SelRHlumjUNyOBV,Idli,137.54,4.64,0,0,0,0,0,0,0,0,100 g,130,,,
680534f0d035d501d3d0fb83,https://drive.google.com/uc?id=1Zb5q27DEznO4x914ydsgfOaRPXZkPnq5,Masala dosa,164.58,3.29,0,0,0,0,0,0,0,0,100 g,131,,,
680534f0d035d501d3d0fb84,https://drive.google.com/uc?id=1eXOso5XcjHbPoCxy5nRJwkJ5BWEfOWxE,Semolina dosa (Suji/Rava dosa),227.05,7.3,0,0,0,0,0,0,0,0,100 g,132,,,
680534f0d035d501d3d0fb85,https://drive.google.com/uc?id=1JpCkomw5vL6_IMP0NCDp9jngGCghw1oj,Onion tomato uttapam,462.02,1.91,0,0,0,0,0,0,0,0,100 g,133,,,
680534f0d035d501d3d0fb86,https://drive.google.com/uc?id=18hSskBZwgnkz51CITVWgaQkMu5GUKfak,Paneer kaathi roll,285.94,6.92,0,0,0,0,0,0,0,0,100 g,134,,,
680534f0d035d501d3d0fb87,https://drive.google.com/uc?id=1bk4vtP9k4i6J2xnpq5C_ayrwZAFioqzA,Makki ki roti,263.97,3.49,0,0,0,0,0,0,0,0,100 g,135,,,
680534f0d035d501d3d0fb88,https://drive.google.com/uc?id=1kqFhokroMwjhiANnYAaaI8kSbI806shd,Washed moong dal (Dhuli moong ki dal),50,2.68,0,0,0,0,0,0,0,0,100 g,136,,,
680534f0d035d501d3d0fb89,https://drive.google.com/uc?id=18ALskgO9bWJHRlZr_3P-Ay_gFSxiu6NT,Washed urad dal (Dhuli urad ki dal),61.32,2.51,0,0,0,0,0,0,0,0,100 g,137,,,
680534f0d035d501d3d0fb8a,https://drive.google.com/uc?id=1CXcprWc2G5mmLcRiSqaElfX13RN0431F,Split bengal gram with bottle gourd (Channa dal with ghiya/lauki),73.25,2.79,0,0,0,0,0,0,0,0,100 g,138,,,
680534f0d035d501d3d0fb8b,https://drive.google.com/uc?id=1rVhjEOz1Gb2rfcdcQAmABGrEv9CERYzj,Dry washed urad,124.71,6.85,0,0,0,0,0,0,0,0,100 g,139,,,
680534f0d035d501d3d0fb8c,https://drive.google.com/uc?id=1aH383fBUnNdKqn30yJVbU28p9rjHdHjP,Mixed dal,61.93,2.51,0,0,0,0,0,0,0,0,100 g,140,,,
680534f0d035d501d3d0fb8d,https://drive.google.com/uc?id=1JLEBVVtsG0PP_P6V7dZPhV5DpwJtFEYF,Whole moong (Moong ki dal),53.7,2.25,0,0,0,0,0,0,0,0,100 g,141,,,
680534f0d035d501d3d0fb8e,https://drive.google.com/uc?id=1tWmJ7IArCOC9G_it_Va5f8PsjYNiYW2R,Whole masoor (Masoor ki dal),54.05,2.28,0,0,0,0,0,0,0,0,100 g,142,,,
680534f0d035d501d3d0fb8f,https://drive.google.com/uc?id=1ZR0z2hmSnOdt1muuj-B3sPclZYFmPyJm,Whole moth (Moth ki dal),55,2.01,0,0,0,0,0,0,0,0,100 g,143,,,
680534f0d035d501d3d0fb90,https://drive.google.com/uc?id=1NQcDUNl6Lj_0SN2U3B_5R2VXM9uXUOtr,Whole urad (Urad ki dal),53.8,2.21,0,0,0,0,0,0,0,0,100 g,144,,,
680534f0d035d501d3d0fb91,https://drive.google.com/uc?id=1FO3pWmU-id7FrMC9bGbrjLqKhJdHno4_,Moti mahal dal (Urad rajmah mix dal),103.13,3.93,0,0,0,0,0,0,0,0,100 g,145,,,
680534f0d035d501d3d0fb92,https://drive.google.com/uc?id=1P2-SL1hbiRXWBag_QW8qx-GdCPZiHjTV,Black channa curry/Bengal gram curry (Kale chane ki curry),140.68,5.67,0,0,0,0,0,0,0,0,100 g,146,,,
680534f0d035d501d3d0fb93,https://drive.google.com/uc?id=1iBy_4AiicukW1hqUp-KOXi_BkIHDBVAG,Chickpeas curry (Safed channa curry),163.43,6.1,0,0,0,0,0,0,0,0,100 g,147,,,
680534f0d035d501d3d0fb94,https://drive.google.com/uc?id=1Z2h6nJVDQxqOYzYucb7lku3xh2SSDV9y,Lobia curry,148.99,6.06,0,0,0,0,0,0,0,0,100 g,148,,,
680534f0d035d501d3d0fb95,https://drive.google.com/uc?id=1ZkHCDw1Ytw8odahs0bnwYp6XBuI5Q6QI,Soyabean curry,163.28,10.43,0,0,0,0,0,0,0,0,100 g,149,,,
680534f0d035d501d3d0fb96,https://drive.google.com/uc?id=1yoAHpRQVcFu0EOE-oUbEr4XDMEUYvNgf,Kidney bean curry (Rajmah curry),143.73,5.95,0,0,0,0,0,0,0,0,100 g,150,,,
680534f0d035d501d3d0fb97,https://drive.google.com/uc?id=12yxxsalnpgea6dmgrEuZiUbT1E8ilj99,Sambar,96.92,3.35,0,0,0,0,0,0,0,0,100 g,151,,,
680534f0d035d501d3d0fb98,https://drive.google.com/uc?id=1mplONuLFnWYVmu2scF6K8rxiGzBXhris,Besan kadhi with pakodies,403.35,1.64,0,0,0,0,0,0,0,0,100 g,152,,,
680534f0d035d501d3d0fb99,https://drive.google.com/uc?id=1WWJoAVAlpN1GHOuZNzy6PmGlKPRuF-9B,Khatta channa,202.57,6.3,0,0,0,0,0,0,0,0,100 g,153,,,
680534f0d035d501d3d0fb9a,https://drive.google.com/uc?id=1FEaBA7vKVgwZXR99n5W1K3Fr5HnFnFIf,Sprouted moong dal chat,32.47,1.35,0,0,0,0,0,0,0,0,100 g,154,,,
680534f0d035d501d3d0fb9b,https://drive.google.com/uc?id=1nh6V-vvwjhulBy3itZoIzS1gZKwFsBkc,Potato cauliflower (Aloo gobhi),106.18,1.9,0,0,0,0,0,0,0,0,100 g,155,,,
680534f0d035d501d3d0fb9c,https://drive.google.com/uc?id=1Rett1NZQyUHnr9G0Bq6FUEepVmtTi6Bt,Potato capsicum (Shimla mirch aloo),125.53,1.41,0,0,0,0,0,0,0,0,100 g,156,,,
680534f0d035d501d3d0fb9d,https://drive.google.com/uc?id=1B0bGcnbEyzu3fhVP5wzz-J07MExm_QPW,Cabbage and peas (Pattagobhi aur matar),63.88,3.24,0,0,0,0,0,0,0,0,100 g,157,,,
680534f0d035d501d3d0fb9e,https://drive.google.com/uc?id=18cLJrGwsl3OfGm0ZaRDEft_hCSNao92t,Carrot and fenugreek leaves (Gajar methi),61.92,2.1,0,0,0,0,0,0,0,0,100 g,158,,,
680534f0d035d501d3d0fb9f,https://drive.google.com/uc?id=1S1v3ZBz2SuMjKHtPjXJrChOHG4DH1m7s,Potato fenugreek (Aloo methi),135.15,2.25,0,0,0,0,0,0,0,0,100 g,159,,,
680534f0d035d501d3d0fba0,https://drive.google.com/uc?id=1zho8YLSy8rrdfcWfl6G0NDUN5aiGz1dr,Brinjal bhartha (Baingan ka bhartha),65.12,1.38,0,0,0,0,0,0,0,0,100 g,160,,,
680534f0d035d501d3d0fba1,https://drive.google.com/uc?id=1fXTHnTCVQPg3Nf3Kw_w8gHIz9lS2pon4,Dry potato (Sookhe aloo),103.15,1.62,0,0,0,0,0,0,0,0,100 g,161,,,
680534f0d035d501d3d0fba2,https://drive.google.com/uc?id=1XZ_F6IeDdPF4cE-U-ECdVooqcyG__uxm,Beans with coconut (Nariyal aur sem/phali; Beans thoran),131.63,2.62,0,0,0,0,0,0,0,0,100 g,162,,,
680534f0d035d501d3d0fba3,https://drive.google.com/uc?id=1L_nJm0ahbwuh8qdweWVecjKBmuD-WTqf,Cauliflower with coconut (Nariyal ke saath phoolgobhi),132.11,2.64,0,0,0,0,0,0,0,0,100 g,163,,,
680534f0d035d501d3d0fba4,https://drive.google.com/uc?id=1fGnMggEOCfETt6mA3PFASpWrUDKyZNyc,Carrot and cabbage with coconut (Nariyal ke saath pattagobhi aur gajar),106.61,1.82,0,0,0,0,0,0,0,0,100 g,164,,,
680534f0d035d501d3d0fba5,https://drive.google.com/uc?id=1yT9bvlgrxNnrdOq0sADgMUzHY6EkOCxz,Raw turnip with coconut,132.15,1.8,0,0,0,0,0,0,0,0,100 g,165,,,
680534f0d035d501d3d0fba6,https://drive.google.com/uc?id=1v-u8aGcb-1nwdyLqk6S085FVifIQlly1,Raw papaya with coconut (Papaya thoran),132.75,1.54,0,0,0,0,0,0,0,0,100 g,166,,,
680534f0d035d501d3d0fba7,https://drive.google.com/uc?id=1anBh2vexqfEWIXQKKw1QFtTPXdiGy9Zc,Stuffed okra (Bharwa bhindi),94.34,2.08,0,0,0,0,0,0,0,0,100 g,167,,,
680534f0d035d501d3d0fba8,https://drive.google.com/uc?id=17f83hNvBH30_1EzHgAkzeX4uS4KBqY4a,Stuffed round gourd (Bharwa tinde),72.8,1.1,0,0,0,0,0,0,0,0,100 g,168,,,
680534f0d035d501d3d0fba9,https://drive.google.com/uc?id=1f5jMDy_ssut8rGl7MNCYCq6tP6Z-SX9E,Stuffed capsicum (Bharwa shimla mirch),90.94,1.34,0,0,0,0,0,0,0,0,100 g,169,,,
680534f0d035d501d3d0fbaa,https://drive.google.com/uc?id=1pqywz7jeN5y9OzCbJkypWXSpAtnooMFs,Stuffed brinjal (Bharwa baingan),93,1.53,0,0,0,0,0,0,0,0,100 g,170,,,
680534f0d035d501d3d0fbab,https://drive.google.com/uc?id=171TusrofDM8ugkeIlU0dkOwjEWpOC4ff,Stuffed tomatoes (Bharwa tamatar),93.35,3.28,0,0,0,0,0,0,0,0,100 g,171,,,
680534f0d035d501d3d0fbac,https://drive.google.com/uc?id=1Mk8aCockIDgN8o8KUou0ZrPJMF1FbQDT,Pea potato curry (Aloo matar),100.92,3.48,0,0,0,0,0,0,0,0,100 g,172,,,
680534f0d035d501d3d0fbad,https://drive.google.com/uc?id=1Bir57YFliTTl_n2O3XDA9sdiYFmhpc47,Pea paneer curry (Matar paneer),134.83,6.61,0,0,0,0,0,0,0,0,100 g,173,,,
680534f0d035d501d3d0fbae,https://drive.google.com/uc?id=1q8qCjBgAmqCZ-l-h0fEDzW7wdJdWnsOH,Pea mushroom curry (Matar mushroom),93.3,3.87,0,0,0,0,0,0,0,0,100 g,174,,,
680534f0d035d501d3d0fbaf,https://drive.google.com/uc?id=1BYw1M8jM4-ESF9EqOCkZfRYgWfdltFj6,Pea curry (Matar ki sabzi),102.99,4.51,0,0,0,0,0,0,0,0,100 g,175,,,
680534f0d035d501d3d0fbb0,https://drive.google.com/uc?id=1FCULcCTEa6QKkBO7NQBJNDGdb2Czyy5k,Pea vadi curry,101.95,4.64,0,0,0,0,0,0,0,0,100 g,176,,,
680534f0d035d501d3d0fbb1,https://drive.google.com/uc?id=1ZUTuJlTA_gX7OnKXdt00t7Oc7pfPt-dy,Paneer curry,176.52,7.8,0,0,0,0,0,0,0,0,100 g,177,,,
680534f0d035d501d3d0fbb2,https://drive.google.com/uc?id=1Vmz1xKLlj87ZphVbOKBw15UPmhF0rcWb,Lotus stem curry (Kamal kakdi curry),110.34,1.53,0,0,0,0,0,0,0,0,100 g,178,,,
680534f0d035d501d3d0fbb3,https://drive.google.com/uc?id=1VQjZO2btjwpHDDlLz2s62GGp7puLYALi,Gravy for kofta,125.59,1.75,0,0,0,0,0,0,0,0,100 g,179,,,
680534f0d035d501d3d0fbb4,https://drive.google.com/uc?id=15FSi1xIoShxSNcPQ-c9hwh4D2tHayxZ5,Pea kofta curry (Matar kofta curry),595.66,2.01,0,0,0,0,0,0,0,0,100 g,180,,,
680534f0d035d501d3d0fbb5,https://drive.google.com/uc?id=14vJfnzSTHoLICNeMvCS0FGFsXcAJQ42F,Spinach kofta curry (Palak kofta curry),571.78,1.09,0,0,0,0,0,0,0,0,100 g,181,,,
680534f0d035d501d3d0fbb6,https://drive.google.com/uc?id=1gYDXp3Vozgo4EBQwXfVdnAsuk-HoCRMj,Paneer kofta curry,670.91,2.39,0,0,0,0,0,0,0,0,100 g,182,,,
680534f0d035d501d3d0fbb7,https://drive.google.com/uc?id=1bErabOr_hOIDUx_v1niF6_ZCuVN7oFK_,Lotus stem kofta curry (Kamal kakdi kofta curry),633.56,0.96,0,0,0,0,0,0,0,0,100 g,183,,,
680534f0d035d501d3d0fbb8,https://drive.google.com/uc?id=19_aY92dDCjvHTH3g-F31O-WezzfAZ9VV,Raw banana kofta curry (Kela kofta curry),627.27,0.62,0,0,0,0,0,0,0,0,100 g,184,,,
680534f0d035d501d3d0fbb9,https://drive.google.com/uc?id=1Qeyo31Qz8mNW-7NdE6MVWlpqsCsuMany,Cauliflower kofta curry (Phoolgobhi kofta curry),641.1,1.04,0,0,0,0,0,0,0,0,100 g,185,,,
680534f0d035d501d3d0fbba,https://drive.google.com/uc?id=1RkDKA9IxjfYQ9oJDwcGM73YanQNVzC8c,Cabbage kofta curry (Pattagobhi kofta curry),639.81,0.98,0,0,0,0,0,0,0,0,100 g,186,,,
680534f0d035d501d3d0fbbb,https://drive.google.com/uc?id=1v_TczhB3E23LprdPC3hGEroW9sIPVebW,Ghiya/Lauki Kofta Curry,638.71,0.89,0,0,0,0,0,0,0,0,100 g,187,,,
680534f0d035d501d3d0fbbc,https://drive.google.com/uc?id=1H7cP1tNECpffDHumpm_41-E4Li400Rfx,Spinach paneer kofta curry (Palak paneer kofta curry),606.03,1.43,0,0,0,0,0,0,0,0,100 g,188,,,
680534f0d035d501d3d0fbbd,https://drive.google.com/uc?id=1g5xxziWDP7gfXhzw9ZMgqPLf4RAHuRt3,Vegetarian egg kofta curry,627.41,1.33,0,0,0,0,0,0,0,0,100 g,189,,,
680534f0d035d501d3d0fbbe,https://drive.google.com/uc?id=1g4f5QaYrs3dKD44pgWb7UyzyJg08UAV0,Baked vegetables,88.99,3.67,0,0,0,0,0,0,0,0,100 g,190,,,
680534f0d035d501d3d0fbbf,https://drive.google.com/uc?id=1phhu5HSmvQhgKyyhCoHIx1n_nWfbGIte,Cauliflower musallam (Phoolgobhi musallam),58.83,1.89,0,0,0,0,0,0,0,0,100 g,191,,,
680534f0d035d501d3d0fbc0,https://drive.google.com/uc?id=12CWcKcB94wyu0mA2TrqnlTHt7oMaN2IL,Baked vegetables with spinach,77.79,3.22,0,0,0,0,0,0,0,0,100 g,192,,,
680534f0d035d501d3d0fbc1,https://drive.google.com/uc?id=1qaIVBfGKVG2uZ__52Xl0P6sBeSCyO45r,Baked potato with skin,135.77,3.43,0,0,0,0,0,0,0,0,100 g,193,,,
680534f0d035d501d3d0fbc2,https://drive.google.com/uc?id=16dGUsMob-Ka-zuI5krpENa-GkZybo0Ug,Shepherd's pie (vegetarian),135.63,5.04,0,0,0,0,0,0,0,0,100 g,194,,,
680534f0d035d501d3d0fbc3,https://drive.google.com/uc?id=14LgS70ZbTFc_mp878Lr00Sb0vXzV8DVo,Baked brinjal in tomato sauce,38.63,1.58,0,0,0,0,0,0,0,0,100 g,195,,,
680534f0d035d501d3d0fbc4,https://drive.google.com/uc?id=1SWkjfEUWGig5rmWlmsZ429S6FKbHtcYo,Dum aloo,682.33,0.7,0,0,0,0,0,0,0,0,100 g,196,,,
680534f0d035d501d3d0fbc5,https://drive.google.com/uc?id=1blB5t6i0FS_lJiC2_EpKGT8koZtWx6HY,Spinach paneer (Palak paneer),77.68,4.03,0,0,0,0,0,0,0,0,100 g,197,,,
680534f0d035d501d3d0fbc6,https://drive.google.com/uc?id=1uzI6_3sxsiVcSyjeFOB1htbipI-wdzgb,Methi chaman,475.62,1.54,0,0,0,0,0,0,0,0,100 g,198,,,
680534f0d035d501d3d0fbc7,https://drive.google.com/uc?id=1H_SDq7yYR1CERRGmWCmmLzfGWW_DHTwd,Sarson ka saag,87.84,3,0,0,0,0,0,0,0,0,100 g,199,,,
680534f0d035d501d3d0fbc8,https://drive.google.com/uc?id=12a-I9ci1PUDb2d1kAK9wgp42ie4WRvUM,Jackfruit sabzi (Kathal ki sabzi),625.4,0.69,0,0,0,0,0,0,0,0,100 g,200,,,
680534f0d035d501d3d0fbc9,https://drive.google.com/uc?id=1aei02VN_PA3Jh-QVqS2gDWOaBtY0q9nO,Avial,124.56,2.46,0,0,0,0,0,0,0,0,100 g,201,,,
680534f0d035d501d3d0fbca,https://drive.google.com/uc?id=13zOPJcHlv85ZyKm1UQyq-Pc5-S1EDMci,Al yakhani,147.54,2.86,0,0,0,0,0,0,0,0,100 g,202,,,
680534f0d035d501d3d0fbcb,https://drive.google.com/uc?id=1yRTLdlF6OrIn9LIN0Pxe9g_PCPPmtESW,Shahi paneer,156.5,5.06,0,0,0,0,0,0,0,0,100 g,203,,,
680534f0d035d501d3d0fbcc,https://drive.google.com/uc?id=1UNfpishECDKD9o64yIlKs-QHaQGZrl-L,Paneer in butter sauce,145.61,6.99,0,0,0,0,0,0,0,0,100 g,204,,,
680534f0d035d501d3d0fbcd,https://drive.google.com/uc?id=1lJF50RHK3kKjIeQBbTWooKPbSr1Fzq4J,Methi malai paneer,194.98,7.34,0,0,0,0,0,0,0,0,100 g,205,,,
680534f0d035d501d3d0fbce,https://drive.google.com/uc?id=1Zc25HioCVmSDm2Cwd0XtRZNfp6v7vTIo,Chilli paneer,777.51,2.1,0,0,0,0,0,0,0,0,100 g,206,,,
680534f0d035d501d3d0fbcf,https://drive.google.com/uc?id=1hAI61OvV0_A0cfqzY9zCepSBfB3hLH0a,Paneer makhana korma,775.82,3.24,0,0,0,0,0,0,0,0,100 g,207,,,
680534f0d035d501d3d0fbd0,https://drive.google.com/uc?id=1FmtCfzb5sKd25lwy03TN2cDLrX_SnHF6,Kadhai Paneer,107.99,4.33,0,0,0,0,0,0,0,0,100 g,208,,,
680534f0d035d501d3d0fbd1,https://drive.google.com/uc?id=1y0rV4UtUkQT1sb-EvmHQK2yzb6VRCZre,Roghan josh,139.59,9.56,0,0,0,0,0,0,0,0,100 g,209,,,
680534f0d035d501d3d0fbd2,https://drive.google.com/uc?id=1D9JUDD-EP4-ISlIuOwPcfyrhkRvglayh,Spinach mutton (Palak mutton),80.32,5.74,0,0,0,0,0,0,0,0,100 g,210,,,
680534f0d035d501d3d0fbd3,https://drive.google.com/uc?id=1_WF59O-_zgqZfOjaf3C8a1lXru3SUJmJ,Pea keema curry (Matar keema ki sabzi),133,8.43,0,0,0,0,0,0,0,0,100 g,211,,,
680534f0d035d501d3d0fbd4,https://drive.google.com/uc?id=1v1KeQP-TLFhzVXb4G7jCDlJQg-TDdVOV,Keema kofta curry,154.45,9.77,0,0,0,0,0,0,0,0,100 g,212,,,
680534f0d035d501d3d0fbd5,https://drive.google.com/uc?id=1Pywmn-oa0mAHQb0GfXLmnMtTZjIqDWnQ,Kashmiri mutton koftas (Gushtaba),97.42,6.33,0,0,0,0,0,0,0,0,100 g,213,,,
680534f0d035d501d3d0fbd6,https://drive.google.com/uc?id=1K44tEX4cJPdcjeT3-56HzTFoIzKaLFaV,Mutton yakhni,104.13,8.27,0,0,0,0,0,0,0,0,100 g,214,,,
680534f0d035d501d3d0fbd7,https://drive.google.com/uc?id=1I_3SYDIx5Xj-y5TquE52AmDPn_Fn9ukK,Chicken yakhni,99,10.66,0,0,0,0,0,0,0,0,100 g,215,,,
680534f0d035d501d3d0fbd8,https://drive.google.com/uc?id=1FeLnepmpdrrr7Y_M4gssFF1aGynV6voa,Mutton do piaza,183.3,9.39,0,0,0,0,0,0,0,0,100 g,216,,,
680534f0d035d501d3d0fbd9,https://drive.google.com/uc?id=16IW2ZbhdqipoYafUsu8ik9y5pZScRQP4,Mutton chops,663.64,4.03,0,0,0,0,0,0,0,0,100 g,217,,,
680534f0d035d501d3d0fbda,https://drive.google.com/uc?id=1YoQLIXQ_WbJfLT7EudMIojwMDidLZhHA,Shammi kebab,685.69,4.52,0,0,0,0,0,0,0,0,100 g,218,,,
680534f0d035d501d3d0fbdb,https://drive.google.com/uc?id=1n6JUe23WltaZ_8fHyLYVzUf8bOjbMnwq,Scotch egg,676.89,4.05,0,0,0,0,0,0,0,0,100 g,219,,,
680534f0d035d501d3d0fbdc,https://drive.google.com/uc?id=1j3uBZ7UTImywoHtV7YcWflGgYXYD-rz8,Shepherd's pie (with minced meat),142.78,7.45,0,0,0,0,0,0,0,0,100 g,220,,,
680534f0d035d501d3d0fbdd,https://drive.google.com/uc?id=1dLM5kxrNuJoSgv7UfGXiy40arwtzZNVX,Chicken curry,129.22,11.79,0,0,0,0,0,0,0,0,100 g,221,,,
680534f0d035d501d3d0fbde,https://drive.google.com/uc?id=1KIpMn-Lt5wK0ujo1eFYJw7A9xYR0mte_,Tandoori chicken,145.2,16.26,0,0,0,0,0,0,0,0,100 g,222,,,
680534f0d035d501d3d0fbdf,https://drive.google.com/uc?id=1Kn9k2TOUu2l10utYoUgZRJPwK2N-UVAP,Butter chicken,137,10.92,0,0,0,0,0,0,0,0,100 g,223,,,
680534f0d035d501d3d0fbe0,https://drive.google.com/uc?id=1mSG8jcPahorHqUBDFFkB_APfCX0Ghlxm,Chicken kebab,729.41,3.71,0,0,0,0,0,0,0,0,100 g,224,,,
680534f0d035d501d3d0fbe1,https://drive.google.com/uc?id=1oQod-tX0ZvybCecAJcgy4jadeIgzWgJR,Chilli chicken,198.83,9.57,0,0,0,0,0,0,0,0,100 g,225,,,
680534f0d035d501d3d0fbe2,https://drive.google.com/uc?id=1iST0k6VvNuXf6scsOiZdINHlva0IAvUM,Fried chicken with tomato sauce (Fried chicken tamatar ki chutney kay saath),125.03,11.48,0,0,0,0,0,0,0,0,100 g,226,,,
680534f0d035d501d3d0fbe3,https://drive.google.com/uc?id=1FOJqZed58wmv9tenE0lsrs16mUb9w_GR,Fish curry (Machli curry),111.13,8.76,0,0,0,0,0,0,0,0,100 g,227,,,
680534f0d035d501d3d0fbe4,https://drive.google.com/uc?id=13w1_vuKnmAgXiqBOuMPY0TcM1d77mX66,Fried fish (Indian style) (Tali hui machli),658.54,4.35,0,0,0,0,0,0,0,0,100 g,228,,,
680534f0d035d501d3d0fbe5,https://drive.google.com/uc?id=1m5NSXzRZiXHPjwJqXmYbphfKtVZdNIEz,Fried fish and Chips (English Style) (Tali hui machli aur chips),651.75,3.36,0,0,0,0,0,0,0,0,100 g,229,,,
680534f0d035d501d3d0fbe6,https://drive.google.com/uc?id=1pv-eAyIUY9YjG-EhRS0JmlosqfpdG8jZ,Tomato fish,489.79,2.39,0,0,0,0,0,0,0,0,100 g,230,,,
680534f0d035d501d3d0fbe7,https://drive.google.com/uc?id=1pr7_vpm3W83F9muBKcZMlGXL6ssLbAzI,Baked fish with cheese sauce,113.96,8.64,0,0,0,0,0,0,0,0,100 g,231,,,
680534f0d035d501d3d0fbe8,https://drive.google.com/uc?id=1wBOzQoUiuvy7TTcr-uT-YDwvOBIpV9ir,Fish tikka,117.33,16,0,0,0,0,0,0,0,0,100 g,232,,,
680534f0d035d501d3d0fbe9,https://drive.google.com/uc?id=19he0ACaZKq0x9NGg9mBQDO5R0NhHDoAL,Tandoori fish,95.98,11.19,0,0,0,0,0,0,0,0,100 g,233,,,
680534f0d035d501d3d0fbea,https://drive.google.com/uc?id=1SJB0nqQWhtm19o6f9bLHT0tf6KcYp9yb,"Paneer, apple and pineapple salad",95.08,3.88,0,0,0,0,0,0,0,0,280 g,234,,,
680534f0d035d501d3d0fbeb,https://drive.google.com/uc?id=1Z4jS5DTvaiqsgWUxfRNz-AboR8d5TKhv,Russian salad,114.83,4.26,0,0,0,0,0,0,0,0,280 g,235,,,
680534f0d035d501d3d0fbec,https://drive.google.com/uc?id=1Pw7VGvPl0uGED9feSrbjOUEmSpGdXMFD,Pasta salad,190.36,4.15,0,0,0,0,0,0,0,0,280 g,236,,,
680534f0d035d501d3d0fbed,https://drive.google.com/uc?id=1c9gXEwFkM-RzSCNahB0pXz38OYH9Qkoa,Deviled egg,98.56,4.97,0,0,0,0,0,0,0,0,100 g,237,,,
680534f0d035d501d3d0fbee,https://drive.google.com/uc?id=16e1F6wY_yvysw6IlUY4B-l5bcBnCpQ2N,Hawain salad,175.23,4.27,0,0,0,0,0,0,0,0,280 g,238,,,
680534f0d035d501d3d0fbef,https://drive.google.com/uc?id=1St8OTeuqp3Re0Jm0F46fPYULWT2jlL_F,Mixed pulse and vegetable salad,83.12,4.74,0,0,0,0,0,0,0,0,280 g,239,,,
680534f0d035d501d3d0fbf0,https://drive.google.com/uc?id=13fEaINjyK--JM4MYFUMuO_kh6V0H8Nqs,Sprouted moong salad,37.81,2.29,0,0,0,0,0,0,0,0,280 g,240,,,
680534f0d035d501d3d0fbf1,https://drive.google.com/uc?id=1HwBu8vULZd9grVdG0PS_qtByroJmhMAu,Tossed salad,62.96,1.02,0,0,0,0,0,0,0,0,280 g,241,,,
680534f0d035d501d3d0fbf2,https://drive.google.com/uc?id=1yR0MWFlw0rZ822Lgb-jI9c11nR5cXY8w,Mixed vegetable salad with curd sauce,60.28,4.23,0,0,0,0,0,0,0,0,280 g,242,,,
680534f0d035d501d3d0fbf3,https://drive.google.com/uc?id=1J3p42Ei7VDOAH7ValfaVnIhiSu141nxc,Potato salad (Aloo ka salaad),89.91,1.4,0,0,0,0,0,0,0,0,280 g,243,,,
680534f0d035d501d3d0fbf4,https://drive.google.com/uc?id=1nnV4gh0Nn0XUyQIq5o8H_dJkfV3Am_Bd,Waldroff salad,141.75,1.47,0,0,0,0,0,0,0,0,280 g,244,,,
680534f0d035d501d3d0fbf5,https://drive.google.com/uc?id=17XsGeElBNWf0SJMqniCJMGeQbZCY_utY,Coleslaw,76.71,1.24,0,0,0,0,0,0,0,0,100 g,245,,,
680534f0d035d501d3d0fbf6,https://drive.google.com/uc?id=1n9tTGv2fl12M9L0b2CqzQd2dq5B1T13h,Fruit salad (Phalon ka salaad),78.14,0.91,0,0,0,0,0,0,0,0,280 g,246,,,
680534f0d035d501d3d0fbf7,https://drive.google.com/uc?id=1cSU_oHw9vfQvZ3odQlXaJe3JdIEtICr9,Tomato onion raita (Tamatar aur pyaaz ka raita),59,3.74,0,0,0,0,0,0,0,0,100 g,247,,,
680534f0d035d501d3d0fbf8,https://drive.google.com/uc?id=1txJInus89W7FWYaphMoFRstPgE9nZlJI,Peanut raita (Mungfali ka raita),150.39,8.59,0,0,0,0,0,0,0,0,100 g,248,,,
680534f0d035d501d3d0fbf9,https://drive.google.com/uc?id=15Kb_jU_InOwh_O34se7MB3-fd-cHrYxN,Sprouted moong raita,60.89,4.62,0,0,0,0,0,0,0,0,100 g,249,,,
680534f0d035d501d3d0fbfa,https://drive.google.com/uc?id=1k0d471wWNjigJXqSxnXnikx_xxbi3IBS,Bottle gourd raita (Ghiya/Lauki ka raita),56.31,3.98,0,0,0,0,0,0,0,0,100 g,250,,,
680534f0d035d501d3d0fbfb,https://drive.google.com/uc?id=1lbkVAdETTYy-j5EkO3dO8H-AXEZXUOcR,Cucumber raita (Kheere ka raita),59.13,4.04,0,0,0,0,0,0,0,0,100 g,251,,,
680534f0d035d501d3d0fbfc,https://drive.google.com/uc?id=1iE-mCLayCVGaAthBm0xIuqqIpSVBvxhP,Carrot and spinach raita (Gajar aur palak ka raita),56.83,4,0,0,0,0,0,0,0,0,100 g,252,,,
680534f0d035d501d3d0fbfd,https://drive.google.com/uc?id=1_ojCyJxE3eQ24ZGCKYk3uPH4WrJBecI4,Mint raita (Pudinay ka raita),77.59,5.64,0,0,0,0,0,0,0,0,100 g,253,,,
680534f0d035d501d3d0fbfe,https://drive.google.com/uc?id=1Te4028qnYBT9a9fmREd0LCaBbGeG__3W,Potato raita (Aloo ka raita),75.38,4.22,0,0,0,0,0,0,0,0,100 g,254,,,
680534f0d035d501d3d0fbff,https://drive.google.com/uc?id=1hpHLdhq0sEbVYQ5B-amvlv8W9Ne3Pk4e,Boondi raita,687.72,2.19,0,0,0,0,0,0,0,0,100 g,255,,,
680534f0d035d501d3d0fc00,https://drive.google.com/uc?id=1ap2iiylHtxj3QEG4OyzH-FOWJu5jSJJF,Sweet raita (Meetha raita),99.24,3.24,0,0,0,0,0,0,0,0,100 g,256,,,
680534f0d035d501d3d0fc01,https://drive.google.com/uc?id=1Q3DImzZgACyiRsL9Me1YMKgegjngvGze,Dahi vadas/Dahi bhalla,667.73,2.96,0,0,0,0,0,0,0,0,100 g,257,,,
680534f0d035d501d3d0fc02,https://drive.google.com/uc?id=1pYH2QKflct0n678p22NVgOHLCwxHGyqp,Gunjia,667.34,2.98,0,0,0,0,0,0,0,0,100 g,258,,,
680534f0d035d501d3d0fc03,https://drive.google.com/uc?id=180teLJQxquAM0_BYVuE-l-DQc00YXXan,Saunth/Sonth chutney with tamarind/imli,141.53,1.01,0,0,0,0,0,0,0,0,100 g,259,,,
680534f0d035d501d3d0fc04,https://drive.google.com/uc?id=1a_xJ-Z3MtO8YIps5coo1JOjNBf6Hlgb9,Rice kheer (Chawal ki kheer),75.03,2.3,0,0,0,0,0,0,0,0,100 g,260,,,
680534f0d035d501d3d0fc05,https://drive.google.com/uc?id=1Tx8U25ca25fbdZrMYU92a25ETRt8Amyx,Makhana kheer,107.85,3.31,0,0,0,0,0,0,0,0,100 g,261,,,
680534f0d035d501d3d0fc06,https://drive.google.com/uc?id=18qjLdrM98xu98jIv4M5TEWkFZ6eMo5A7,Vermicelli kheer (Semiya/Seviyan ki kheer),120.07,3.35,0,0,0,0,0,0,0,0,100 g,262,,,
680534f0d035d501d3d0fc07,https://drive.google.com/uc?id=1x14gO6hXrVQL-U3huF56LWMi4PQV6J-j,Semolina kheer (Suji/Rava kheer),113.21,3.43,0,0,0,0,0,0,0,0,100 g,263,,,
680534f0d035d501d3d0fc08,https://drive.google.com/uc?id=1tK6amZ6SPmleJJaYa0Z31uFzxi9nEe0Y,Paneer kheer,105.31,4.53,0,0,0,0,0,0,0,0,100 g,264,,,
680534f0d035d501d3d0fc09,https://drive.google.com/uc?id=1hrNXclfgcJpkpZQiEN1VjGBQZAgVu9-s,Cabbage kheer (Pattagobhi ki kheer),83.51,2.87,0,0,0,0,0,0,0,0,100 g,265,,,
680534f0d035d501d3d0fc0a,https://drive.google.com/uc?id=134Ofl33jSkZYu9F4OhfdEoxmOt9MuX11,Carrot kheer (Gajar ki kheer),85.35,2.81,0,0,0,0,0,0,0,0,100 g,266,,,
680534f0d035d501d3d0fc0b,https://drive.google.com/uc?id=1Ia2rxT1YvfC4Ibon8G4F86Jx4QZLAZw-,Cauliflower kheer (Phoolgobhi ki kheer),81.95,3.04,0,0,0,0,0,0,0,0,100 g,267,,,
680534f0d035d501d3d0fc0c,https://drive.google.com/uc?id=13-zS-TGj1kVYc_NwkP2cJYVm5Tz0zwni,Moong dal kheer,77.16,2.95,0,0,0,0,0,0,0,0,100 g,268,,,
680534f0d035d501d3d0fc0d,https://drive.google.com/uc?id=109HkiK_yTyQnnqTeRbATu5EYod_tO8oc,Phirni,116.12,3.49,0,0,0,0,0,0,0,0,100 g,269,,,
680534f0d035d501d3d0fc0e,https://drive.google.com/uc?id=1GC18-_xFW0gFAUWZ27VCMa2DYN9bzG7N,Semolina halwa (Suji ka halwa),225.65,2.16,0,0,0,0,0,0,0,0,100 g,270,,,
680534f0d035d501d3d0fc0f,https://drive.google.com/uc?id=1M8fVL-s0YdxY2GPQpo2hk87-zrwM_PZH,Shahi suji halwa,382.34,3.48,0,0,0,0,0,0,0,0,100 g,271,,,
680534f0d035d501d3d0fc10,https://drive.google.com/uc?id=1MM8UQFBFkTXwsalmop0zirwhSjUbWnlS,Carrot halwa (Gajar ka halwa),172.64,3.11,0,0,0,0,0,0,0,0,100 g,272,,,
680534f0d035d501d3d0fc11,https://drive.google.com/uc?id=1rcNZfI9VmD98G6QmJ3GLSB3jP6vjuhT3,Egg halwa (Ande ka halwa),299.74,7.85,0,0,0,0,0,0,0,0,100 g,273,,,
680534f0d035d501d3d0fc12,https://drive.google.com/uc?id=1ZDey4YYSx5z9QiSdGQIytfBilRKph-uy,Potato halwa (Aloo ka halwa),151.66,1.53,0,0,0,0,0,0,0,0,100 g,274,,,
680534f0d035d501d3d0fc13,https://drive.google.com/uc?id=1q40ZpSXA-Vajjvhd3dhc2BLi0zOThXTh,Pumpkin halwa (Kaddu ka halwa),190.27,1.33,0,0,0,0,0,0,0,0,100 g,275,,,
680534f0d035d501d3d0fc14,https://drive.google.com/uc?id=1b6xO5UqLUNzTAjStuYQ9ED3lBhbx5I22,Moong dal halwa,349.8,8.35,0,0,0,0,0,0,0,0,100 g,276,,,
680534f0d035d501d3d0fc15,https://drive.google.com/uc?id=1j_LBMQzQP8yiB7ItGTEt9mws9CY41SQC,Caramel custard (steamed),121.58,4.97,0,0,0,0,0,0,0,0,200 ml,277,,,
680534f0d035d501d3d0fc16,https://drive.google.com/uc?id=1U4syYQJV3Dw0K8VqpTI8MQHbl841-MLH,Baked custard,106.53,5.41,0,0,0,0,0,0,0,0,100 g,278,,,
680534f0d035d501d3d0fc17,https://drive.google.com/uc?id=1Z02VCfVUSD4xZ12VRZcBRM4zNweJvuP3,Soft Custard (stirred),109.18,5.01,0,0,0,0,0,0,0,0,100 g,279,,,
680534f0d035d501d3d0fc18,https://drive.google.com/uc?id=1JigCj903KHZ9pjOKEnjLESdm7L0Sxl1e,Chocolate ice cream,177.7,4.47,0,0,0,0,0,0,0,0,100 g,280,,,
680534f0d035d501d3d0fc19,https://drive.google.com/uc?id=1U_UWtHA9cxjY6-RWM36XBLkAN6UH48iC,Mango ice cream,125.69,3.4,0,0,0,0,0,0,0,0,100 g,281,,,
680534f0d035d501d3d0fc1a,https://drive.google.com/uc?id=11qSo_FPzC1ko0Hj0eJZ6UUixKFbX9UoU,Fruit Ice cream (Phalon ka Ice cream),171.46,4.37,0,0,0,0,0,0,0,0,100 g,282,,,
680534f0d035d501d3d0fc1b,https://drive.google.com/uc?id=1SkKeAVqvgKuZl_vwDLvP8znoYlYEySd4,Caramel ice cream,173.52,4.31,0,0,0,0,0,0,0,0,100 g,283,,,
680534f0d035d501d3d0fc1c,https://drive.google.com/uc?id=1rJNPCdQHIREEgmWIt42ojcYOitsADGua,Lemon souffle,168.51,6.95,0,0,0,0,0,0,0,0,100 g,284,,,
680534f0d035d501d3d0fc1d,https://drive.google.com/uc?id=1obu5pYmS6xjM_fnM782jiOlPjR51Kjim,Orange souffle,168.28,6.8,0,0,0,0,0,0,0,0,100 g,285,,,
680534f0d035d501d3d0fc1e,https://drive.google.com/uc?id=1krk3iUXJ8UU-vVhvBW9i8Bw7G7Af5UjO,Vanilla souffle,187.85,7.71,0,0,0,0,0,0,0,0,100 g,286,,,
680534f0d035d501d3d0fc1f,https://drive.google.com/uc?id=14WAro9Wrb8I9dIsXyLeNncJ3vrfJiC6k,Chocolate souffle,189.32,7.88,0,0,0,0,0,0,0,0,100 g,287,,,
680534f0d035d501d3d0fc20,https://drive.google.com/uc?id=18VveGhnmeeBWzNNJuchSw25ABrpaCiS2,Pineapple souffle,196.14,8.06,0,0,0,0,0,0,0,0,100 g,288,,,
680534f0d035d501d3d0fc21,https://drive.google.com/uc?id=1hBk-ty47Ebcs3tI79HiL3nh5xk0wY1Bj,Apple mousse,106.92,4.21,0,0,0,0,0,0,0,0,100 g,289,,,
680534f0d035d501d3d0fc22,https://drive.google.com/uc?id=1fnvtU-0wKb2sqSDh18QX7PjGC9r9T6Qz,Rich chocolate mousse,188.26,7.96,0,0,0,0,0,0,0,0,100 g,290,,,
680534f0d035d501d3d0fc23,https://drive.google.com/uc?id=1-FfNd_Y0haBpYKVTJS3gZ_ohFBk-P6LD,Mango mousse,124.98,3.21,0,0,0,0,0,0,0,0,100 g,291,,,
680534f0d035d501d3d0fc24,https://drive.google.com/uc?id=1kuNUyge9_A8ntNYqXuBJHUULKvhHv1uL,Orange and pineapple cream,101.18,1.44,0,0,0,0,0,0,0,0,100 g,292,,,
680534f0d035d501d3d0fc25,https://drive.google.com/uc?id=1Cf-wo-Cjmu9JnoaUPYdSZe6RUKD2PLnA,Charlotte rousse,188.29,3.95,0,0,0,0,0,0,0,0,100 g,293,,,
680534f0d035d501d3d0fc26,https://drive.google.com/uc?id=1axPEuguez40PzSViV6lBxWvc1KyjlrSy,Triffle pudding,116.97,2.93,0,0,0,0,0,0,0,0,100 g,294,,,
680534f0d035d501d3d0fc27,https://drive.google.com/uc?id=1aE6Z7o2w3kGoC3SjRfzwjeNUNwvr0nIB,Snow flakes pudding,95.21,4.67,0,0,0,0,0,0,0,0,100 g,295,,,
680534f0d035d501d3d0fc28,https://drive.google.com/uc?id=1hdeAruR47YPXRyVGJ3Czh9WdLarTmmwh,Kulfi,98.43,3.21,0,0,0,0,0,0,0,0,100 g,296,,,
680534f0d035d501d3d0fc29,https://drive.google.com/uc?id=1ntBHTZjGrBQjTbsbjS4SYPR3aE_HIasg,Steamed orange pudding,278.03,2.34,0,0,0,0,0,0,0,0,200 ml,297,,,
680534f0d035d501d3d0fc2a,https://drive.google.com/uc?id=1qtqraaPuN4Y6wTiEhDXp_ynWuK-NCI0k,Meringue and rice pudding,112.93,4.84,0,0,0,0,0,0,0,0,100 g,298,,,
680534f0d035d501d3d0fc2b,https://drive.google.com/uc?id=16FyEVKcGRGdYRlOFyk3rkfhBHT_RHIUQ,Cheese pudding,285.01,11.29,0,0,0,0,0,0,0,0,100 g,299,,,
680534f0d035d501d3d0fc2c,https://drive.google.com/uc?id=1cOIzFHWLJE12IG3CHKsXon2VE4T0V_B5,Chocolate pudding,211.96,3.55,0,0,0,0,0,0,0,0,100 g,300,,,
680534f0d035d501d3d0fc2d,https://drive.google.com/uc?id=1v_WNsMAzmKiSDPxFT5nvgFYeahCV9Bcf,Bread and butter pudding,167.94,5.59,0,0,0,0,0,0,0,0,100 g,301,,,
680534f0d035d501d3d0fc2e,https://drive.google.com/uc?id=1jc2ZVhPJklNbUYFeAkihuSot7xIiqEQ0,Queen of pudding,132.92,5.51,0,0,0,0,0,0,0,0,100 g,302,,,
680534f0d035d501d3d0fc2f,https://drive.google.com/uc?id=1WbRsZWundDvI2i9lxxcbTA3A_65XGP4W,Pineapple upside down pudding,257.73,3.15,0,0,0,0,0,0,0,0,100 g,303,,,
680534f0d035d501d3d0fc30,https://drive.google.com/uc?id=1t29XWAg9EgkONOl9UFdvYreXGHs7dPA1,Date and nut pie,322.42,3.93,0,0,0,0,0,0,0,0,100 g,304,,,
680534f0d035d501d3d0fc31,https://drive.google.com/uc?id=1Je1D-HOn6SL2vzEqewuKIQNFtmSw5t-3,Stewed apple with custard,92.87,1.27,0,0,0,0,0,0,0,0,100 g,305,,,
680534f0d035d501d3d0fc32,https://drive.google.com/uc?id=1MY0aXprKWHMGtq3xJ5XyWbjSV_tcxSLh,Apple snowballs,101.51,0.86,0,0,0,0,0,0,0,0,100 g,306,,,
680534f0d035d501d3d0fc33,https://drive.google.com/uc?id=1qNyps2VHG7YAsYsQj0OxDiuYPntDq8m1,Hot orange souffle,179.97,6.87,0,0,0,0,0,0,0,0,100 g,307,,,
680534f0d035d501d3d0fc34,https://drive.google.com/uc?id=1E0V5tJ88U6DZvVpIAqT0OXr4XOcW7RFE,Hot chocolate souffle,226.09,6.7,0,0,0,0,0,0,0,0,100 g,308,,,
680534f0d035d501d3d0fc35,https://drive.google.com/uc?id=1xFeRE1bPEE5Nv1A6sEpjEXA8XIb8V7e-,Hot vanilla souffle,192.93,6.87,0,0,0,0,0,0,0,0,100 g,309,,,
680534f0d035d501d3d0fc36,https://drive.google.com/uc?id=1cZwCLAnqoS5bEpHUAeCxEmsAYr25h1de,Plain burfi (Burfi),408.32,9.82,0,0,0,0,0,0,0,0,100 g,310,,,
680534f0d035d501d3d0fc37,https://drive.google.com/uc?id=1SB7Qdgh0RTMhk0WEcMuWRyJzM3m-fvPV,Coconut burfi (Nariyal ki burfi),467.64,8.81,0,0,0,0,0,0,0,0,100 g,311,,,
680534f0d035d501d3d0fc38,https://drive.google.com/uc?id=1YxWhohvegaJrauK9Wkrx6H7dziKT7q7_,Bottle gourd burfi (Ghiya/Lauki burfi),275.96,5.86,0,0,0,0,0,0,0,0,100 g,312,,,
680534f0d035d501d3d0fc39,https://drive.google.com/uc?id=1JRoFw2AFLF3sPyEA95iQOPDu1HBSr-pG,Chocolate burfi,339.33,13,0,0,0,0,0,0,0,0,100 g,313,,,
680534f0d035d501d3d0fc3a,https://drive.google.com/uc?id=1OnnTrK2re90TBonWzRTx7rrCSx2P_VVg,Cashewnut burfi (Kaju burfi/Kaju katli),421.74,5.48,0,0,0,0,0,0,0,0,100 g,314,,,
680534f0d035d501d3d0fc3b,https://drive.google.com/uc?id=1y5LazSVdRc3uDXv5LO9G43LBwklB244s,Gram flour burfi (Besan burfi),421.79,11.19,0,0,0,0,0,0,0,0,100 g,315,,,
680534f0d035d501d3d0fc3c,https://drive.google.com/uc?id=1DckbrrM9ilrfJai6no2TU_cunVNhWrRk,Semolina ladoo with khoya (Suji/Rava aur khoye ke ladoo ),428.71,6.71,0,0,0,0,0,0,0,0,100 g,316,,,
680534f0d035d501d3d0fc3d,https://drive.google.com/uc?id=1yTQUz5YswXOUnULJ6KikBCR1rwZrG-yR,Semolina ladoo with coconut (Suji/Rava aur nariyal ke ladoo ),464.43,5.68,0,0,0,0,0,0,0,0,100 g,317,,,
680534f0d035d501d3d0fc3e,https://drive.google.com/uc?id=1LvK1Q-gtpoTpBpTzNmDiy5FI1K6sNdTY,Gram flour ladoo (Besan ladoo),476.91,8.93,0,0,0,0,0,0,0,0,100 g,318,,,
680534f0d035d501d3d0fc3f,https://drive.google.com/uc?id=1FdxOVljtUWyy8d9gqbKpezms8YG9MrOK,Sesame ladoo (Til ke ladoo),396.96,10.7,0,0,0,0,0,0,0,0,100 g,319,,,
680534f0d035d501d3d0fc40,https://drive.google.com/uc?id=1trKI2NDM-BU5l5PWjcq8kI2su03EDo-h,Chenna murki,252.69,10.46,0,0,0,0,0,0,0,0,100 g,320,,,
680534f0d035d501d3d0fc41,https://drive.google.com/uc?id=19FxVIZ8GCv7ImEpSDf6zXe5Z3dB_jjdd,Milk cake,127.41,3.01,0,0,0,0,0,0,0,0,100 g,321,,,
680534f0d035d501d3d0fc42,https://drive.google.com/uc?id=1R4CBv7l1MMPXG6eQ-tgrDBmmZiNo2BYy,Ghujia/Lavang latika,768.98,1.86,0,0,0,0,0,0,0,0,100 g,322,,,
680534f0d035d501d3d0fc43,https://drive.google.com/uc?id=1fvAOddgAQI6syH04LA0_0AaODmkz9bIE,Gulab Jamun with khoya,586.06,2.03,0,0,0,0,0,0,0,0,100 g,323,,,
680534f0d035d501d3d0fc44,https://drive.google.com/uc?id=1CHWeuVEIO-EdwQmUg9t2O86uEZN12u4m,Mal pua,566.68,1.71,0,0,0,0,0,0,0,0,100 g,324,,,
680534f0d035d501d3d0fc45,https://drive.google.com/uc?id=1FcfRg-44jKlAUjpNWouaxdliuaozWLKa,Shahi tukre,189.81,2.76,0,0,0,0,0,0,0,0,100 g,325,,,
680534f0d035d501d3d0fc46,https://drive.google.com/uc?id=1hGpPL3SKE9vwwu_NSzdHxLHQRFmBmYrD,Potato pakora/pakoda (Aloo pakoda),677.19,1.9,0,0,0,0,0,0,0,0,100 g,326,,,
680534f0d035d501d3d0fc47,https://drive.google.com/uc?id=1VTMulZFy69HfuyOEbGsFqHGU8c25fRpP,Onion pakora/pakoda (Pyaaz ke pakode),674.61,1.9,0,0,0,0,0,0,0,0,100 g,327,,,
680534f0d035d501d3d0fc48,https://drive.google.com/uc?id=1PfH3a7JyYNUOxUOmeLuftru1iEH4cYyH,Cauliflower pakora/pakoda (Phoolgobhi ke pakode),671.63,1.98,0,0,0,0,0,0,0,0,100 g,328,,,
680534f0d035d501d3d0fc49,https://drive.google.com/uc?id=19CuI7lE5RnwFig9hNYiVcxxp1fAVywEQ,Mixed vegetable pakora/pakoda,673.81,1.94,0,0,0,0,0,0,0,0,100 g,329,,,
680534f0d035d501d3d0fc4a,https://drive.google.com/uc?id=1vnHRK417HFPBCkjk-X-hQqTmEq72hoSF,Spinach pakora/pakoda (Palak pakoda),712.62,1.96,0,0,0,0,0,0,0,0,100 g,330,,,
680534f0d035d501d3d0fc4b,https://drive.google.com/uc?id=1dOpAPKYGZcN1qPusX7FuAMlUfrn3u7Kr,Methi pakora/pakoda (Methi ke pakode),713.25,2.06,0,0,0,0,0,0,0,0,100 g,331,,,
680534f0d035d501d3d0fc4c,https://drive.google.com/uc?id=1x6g4DkRk664FHLsdhSwkfVP-xXUyx4Nb,Egg pakora/pakoda (Ande ke pakode),710.51,2.83,0,0,0,0,0,0,0,0,100 g,332,,,
680534f0d035d501d3d0fc4d,https://drive.google.com/uc?id=1G7ZNFYcpSZ1ED2y5c9Q8OX0_qOpaHlWy,Bread pakora/pakoda,710.99,2.57,0,0,0,0,0,0,0,0,100 g,333,,,
680534f0d035d501d3d0fc4e,https://drive.google.com/uc?id=1HBczh9nWRHJl9Y4Pf1fhJPVaDjnDb5gw,Paneer pakora/pakoda,718.12,3.27,0,0,0,0,0,0,0,0,100 g,334,,,
680534f0d035d501d3d0fc4f,https://drive.google.com/uc?id=1XHDyAfANgld4smy0dC6qIhqyh4mE_LsZ,Potato bonda (Aloo bonda),632.84,1.09,0,0,0,0,0,0,0,0,100 g,335,,,
680534f0d035d501d3d0fc50,https://drive.google.com/uc?id=1ZBltsNiAAH3ZZgHIgobWhf-ETZEEqmuH,Potato samosa (Aloo ka samosa),577.39,1.71,0,0,0,0,0,0,0,0,100 g,336,,,
680534f0d035d501d3d0fc51,https://drive.google.com/uc?id=1ARsUazEenJWC8KOG-YTE0yXklsp8XDg7,Minced meat samosa (Keema ka samosa),620.99,4.43,0,0,0,0,0,0,0,0,100 g,337,,,
680534f0d035d501d3d0fc52,https://drive.google.com/uc?id=1RtCp5Z0aZZZGLpl-HtyMd5QYhYZlul6U,Paneer and pea samosa (Paneer matar ka samosa),623.81,4.02,0,0,0,0,0,0,0,0,100 g,338,,,
680534f0d035d501d3d0fc53,https://drive.google.com/uc?id=1nto9ltFnyIHGVMCQOEK5FcL5M4smHky4,Mathri,805.12,1.75,0,0,0,0,0,0,0,0,100 g,339,,,
680534f0d035d501d3d0fc54,https://drive.google.com/uc?id=1foe2YHL7MdVOHrwSUqohP84DjPbsRAf0,Khasta kachori,712.73,2.51,0,0,0,0,0,0,0,0,100 g,340,,,
680534f0d035d501d3d0fc55,https://drive.google.com/uc?id=1_Odj4CWVmd46QrOA3bNKFBCmTS03MVBz,Vegetable cutlet,665.45,1.25,0,0,0,0,0,0,0,0,100 g,341,,,
680534f0d035d501d3d0fc56,https://drive.google.com/uc?id=134dxvKwTN3LfT7MwDqmB4XAoRy5j7Qwn,Flattened rice cutlet (Chirwa cutlet/Chivda cutlet/Poha cutlet),701.71,1.76,0,0,0,0,0,0,0,0,100 g,342,,,
680534f0d035d501d3d0fc57,https://drive.google.com/uc?id=1_dkuv0fbnmNQCo77vaPFhcySOsMEWzok,Peanut cutlet (Mungfali ke cutlet),698.77,2.63,0,0,0,0,0,0,0,0,100 g,343,,,
680534f0d035d501d3d0fc58,https://drive.google.com/uc?id=1iJP-9oZo7GigwnESSXDxhEbSNyDjeTqZ,Fish cutlet (Machli ka cutlet),654.64,2.77,0,0,0,0,0,0,0,0,100 g,344,,,
680534f0d035d501d3d0fc59,https://drive.google.com/uc?id=1t2jtszr1ECsVcngQaCg-vESgDPkZx-Cf,Paneer potato cutlet (Paneer aloo cutlet),672.94,2.47,0,0,0,0,0,0,0,0,100 g,345,,,
680534f0d035d501d3d0fc5a,https://drive.google.com/uc?id=1o_AaERQPRjl2varZWPuyaSDERthSvLhA,Spinach chickpeas cutlet (Palak channa dal cutlet),688.03,1.44,0,0,0,0,0,0,0,0,100 g,346,,,
680534f0d035d501d3d0fc5b,https://drive.google.com/uc?id=1PeFehnCBdHlXrKNKyhFuUMEEeevHLtI8,Cheese toast,785.37,1.98,0,0,0,0,0,0,0,0,100 g,347,,,
680534f0d035d501d3d0fc5c,https://drive.google.com/uc?id=18QBb_rEkyBvLaV7PinTNl-fIiw5i2ofg,Vegetable burger,519.93,3.26,0,0,0,0,0,0,0,0,100 g,348,,,
680534f0d035d501d3d0fc5d,https://drive.google.com/uc?id=1QN8g5WhT6A-ZJnJgZdmguoyXYiSE0Kc7,Cheese pizza,249.5,5.79,0,0,0,0,0,0,0,0,100 g,349,,,
680534f0d035d501d3d0fc5e,https://drive.google.com/uc?id=1Y93AVlBKmE52Iy_6qtmMY6X0_SqkQHgt,Vegetable seekh kebab,690.73,1.57,0,0,0,0,0,0,0,0,100 g,350,,,
680534f0d035d501d3d0fc5f,https://drive.google.com/uc?id=1DDTqeOGVeFeK8jNOD6CJkiNdu8g9RDKG,Masala vada,826.02,1.69,0,0,0,0,0,0,0,0,100 g,351,,,
680534f0d035d501d3d0fc60,https://drive.google.com/uc?id=1_PnUi1D-wIwdns1_sc3AQ3v9sChS11K-,Peanut sago vada (Sabudana mungfali vada),749.89,1.01,0,0,0,0,0,0,0,0,100 g,352,,,
680534f0d035d501d3d0fc61,https://drive.google.com/uc?id=1LZFrmhb-BePVD-i4tIzo3QrajMB4klCe,Vegeterian scotch egg,681.67,2.16,0,0,0,0,0,0,0,0,100 g,353,,,
680534f0d035d501d3d0fc62,https://drive.google.com/uc?id=1igY8vqZtr7TNs2ih7FWRie_qcL0VLMDP,Paneer shaslik/tikka,93.85,5.11,0,0,0,0,0,0,0,0,100 g,354,,,
680534f0d035d501d3d0fc63,https://drive.google.com/uc?id=15mJq867OAwCWym0d-JS0XGi4vK0U1tCs,Peanut brittle (Moongfali ki chikki),320.46,6.94,0,0,0,0,0,0,0,0,100 g,355,,,
680534f0d035d501d3d0fc64,https://drive.google.com/uc?id=10SCCVKEyrYPOtqSNtg5uelyldD0Nue1W,Spring roll,623.87,1.81,0,0,0,0,0,0,0,0,100 g,356,,,
680534f0d035d501d3d0fc65,https://drive.google.com/uc?id=13d59Vl-JT1wKOXqTDx1sSZZdvOzN6Pzw,Dry mango chutney (Sookhe aam ki chutney),298.13,2.43,0,0,0,0,0,0,0,0,100 g,357,,,
680534f0d035d501d3d0fc66,https://drive.google.com/uc?id=12_8GYiOSYbWpki97_81uwXOX-6KQA4RL,Peanut chutney (Mungfali ki chutney),258.37,11.8,0,0,0,0,0,0,0,0,100 g,358,,,
680534f0d035d501d3d0fc67,https://drive.google.com/uc?id=1xiopgVZTdzx8I2Psyf3muBkFNveBSiYf,Coconut chutney (Nariyal ki chutney),265.92,3.59,0,0,0,0,0,0,0,0,100 g,359,,,
680534f0d035d501d3d0fc68,https://drive.google.com/uc?id=1kuXR9BO0d1bSFs7v_qqkSS6Kw6UKWrZT,Mint and coriander chutney (Pudinay aur dhaniye ki chutney),102.6,2.81,0,0,0,0,0,0,0,0,100 g,360,,,
680534f0d035d501d3d0fc69,https://drive.google.com/uc?id=1kQeXJej6D7FZ-lDPOdr39-Jgn5p2eXZ7,Custard tart,225.6,3.72,0,0,0,0,0,0,0,0,100 g,361,,,
680534f0d035d501d3d0fc6a,https://drive.google.com/uc?id=1kKFaRKpIbkA989HWrmyaNmQhk0ewPbwR,Lemon tart,303.35,6.12,0,0,0,0,0,0,0,0,100 g,362,,,
680534f0d035d501d3d0fc6b,https://drive.google.com/uc?id=1VM4NUUmmVmzd89EvM_xa3rWRQCoQFM2K,Jam tart,360.72,4.42,0,0,0,0,0,0,0,0,100 g,363,,,
680534f0d035d501d3d0fc6c,https://drive.google.com/uc?id=1YSams2D_hu0kWxS6JgF_oEWXMZOAxQd9,Orange cream tart,197.16,2.58,0,0,0,0,0,0,0,0,100 g,364,,,
680534f0d035d501d3d0fc6d,https://drive.google.com/uc?id=1_psoHMsW3TFyutWGbEnU-lNilv9KUQgy,Pineapple tart,195.4,2.29,0,0,0,0,0,0,0,0,100 g,365,,,
680534f0d035d501d3d0fc6e,https://drive.google.com/uc?id=16dhL07CPOAFcEF8UwrfMbWULKBZlJGeV,Cheese and mushroom tart,246.1,5.51,0,0,0,0,0,0,0,0,100 g,366,,,
680534f0d035d501d3d0fc6f,https://drive.google.com/uc?id=1U-kbGrE3nR0B3iI2jGoGsYOG6MsgQxJV,Cottage cheese pie,238.98,7.45,0,0,0,0,0,0,0,0,100 g,367,,,
680534f0d035d501d3d0fc70,https://drive.google.com/uc?id=1q-ojkvMq8Su7Clb1M-rwO7KnygZm_oKM,Minced meat pie,221.55,7.38,0,0,0,0,0,0,0,0,100 g,368,,,
680534f0d035d501d3d0fc71,https://drive.google.com/uc?id=1tZjWKmFIr6vGcaiMrcpLzYYlqI4hQd5A,Apple cinnamon pie,258.73,3.35,0,0,0,0,0,0,0,0,100 g,369,,,
680534f0d035d501d3d0fc72,https://drive.google.com/uc?id=1FLOPvk9koVu-LQs1YAJER26LTG8Ye-ol,Lemon meringue pie,224.43,3.88,0,0,0,0,0,0,0,0,100 g,370,,,
680534f0d035d501d3d0fc73,https://drive.google.com/uc?id=1ARk9dqPz_7WHuB5fCl2S_zB5pQWzUxn4,Chocolate meringue pie,214.76,4.98,0,0,0,0,0,0,0,0,100 g,371,,,
680534f0d035d501d3d0fc74,https://drive.google.com/uc?id=1947-yPJiRW8NjTjAYZhZ0iBH_fe0oGe1,Cream puffs,221.33,4.7,0,0,0,0,0,0,0,0,100 g,372,,,
680534f0d035d501d3d0fc75,https://drive.google.com/uc?id=1ivmoDbzVco2KpaxmrSZhpUVkFXXdZaVq,Chocolate eclairs,239.42,4.24,0,0,0,0,0,0,0,0,100 g,373,,,
680534f0d035d501d3d0fc76,https://drive.google.com/uc?id=1XMSeCrY3Q0AxEEIPxJ8RyuGnsSny7dxp,Cheese balls,681.28,2.21,0,0,0,0,0,0,0,0,100 g,374,,,
680534f0d035d501d3d0fc77,https://drive.google.com/uc?id=1GizFqi9qh6FbzS9nvJoWLE2aDdMvY3Bq,Minced meat patties,265.72,6.88,0,0,0,0,0,0,0,0,100 g,375,,,
680534f0d035d501d3d0fc78,https://drive.google.com/uc?id=1vgu_Nl8A3sgdB3j0vb3vfeZ6Anv947vP,Cheese patties,324.01,7.38,0,0,0,0,0,0,0,0,100 g,376,,,
680534f0d035d501d3d0fc79,https://drive.google.com/uc?id=1TWPB4Z73WLyd_LGqgarT1zuUMahxs2Bl,Hot cheese souffle,177.1,9.18,0,0,0,0,0,0,0,0,100 g,377,,,
680534f0d035d501d3d0fc7a,https://drive.google.com/uc?id=1XWbiK6sxu-I2fgwHslrdgcxfUS-O1lTu,Hot potato souffle,125.64,5.51,0,0,0,0,0,0,0,0,100 g,378,,,
680534f0d035d501d3d0fc7b,https://drive.google.com/uc?id=1usVXb_luc99wlrahuofaOkq9JJuLXl8u,Hot fish souffle,142.92,11.23,0,0,0,0,0,0,0,0,100 g,379,,,
680534f0d035d501d3d0fc7c,https://drive.google.com/uc?id=1BPyYP-v6JuhWcWtXWp8Uul3ZFT_B8VNr,Hot spinach souffle,104.25,5.43,0,0,0,0,0,0,0,0,100 g,380,,,
680534f0d035d501d3d0fc7d,https://drive.google.com/uc?id=1_UvuzmD5_yepZWki40_Rw_79OtgQjttn,Plain cream cake,353.94,6.18,0,0,0,0,0,0,0,0,100 g,381,,,
680534f0d035d501d3d0fc7e,https://drive.google.com/uc?id=1Lc5cD5YwJGLuBQ2ZgFHGj53N2NUFpnkV,Apple cake (Seb ka cake),290.08,4.94,0,0,0,0,0,0,0,0,100 g,382,,,
680534f0d035d501d3d0fc7f,https://drive.google.com/uc?id=1Dzjn20ybdvawagc6HMpgIakDVS43tsAf,Marble cake,354.11,6.3,0,0,0,0,0,0,0,0,100 g,383,,,
680534f0d035d501d3d0fc80,https://drive.google.com/uc?id=1VNWLv5dgFX84C7pwcYDkt8zhYCTLxWx7,Chocolate cake,335.61,6.01,0,0,0,0,0,0,0,0,100 g,384,,,
680534f0d035d501d3d0fc81,https://drive.google.com/uc?id=1mTs8z5nHEfhAD79OTmu0irBesnQdM5g7,Orange cake,357.61,6.1,0,0,0,0,0,0,0,0,100 g,385,,,
680534f0d035d501d3d0fc82,https://drive.google.com/uc?id=14cIVoUAi8Mue5-7vFNtrV8-aKXBbvcFw,Fruit Loaf,324.19,5.36,0,0,0,0,0,0,0,0,100 g,386,,,
680534f0d035d501d3d0fc83,https://drive.google.com/uc?id=1UtxHTtqHI46NXVLEuktk1vCKsKxOPjS-,Banana cake (Kele ka cake),389.51,5.77,0,0,0,0,0,0,0,0,100 g,387,,,
680534f0d035d501d3d0fc84,https://drive.google.com/uc?id=1WLKt-D-b0LObXUAQccBKrqZgx-3ihmdo,Chocolate chiffon cake,311.71,5.76,0,0,0,0,0,0,0,0,100 g,388,,,
680534f0d035d501d3d0fc85,https://drive.google.com/uc?id=1euj9CvsY0rHWymcUmM8ahSFnDFcwYt3Z,Christmas cake,372.95,5.49,0,0,0,0,0,0,0,0,100 g,389,,,
680534f0d035d501d3d0fc86,https://drive.google.com/uc?id=1YnjNOT9a2l34ZoX7LnHmd11DpGRDnhd7,Strawberry and vanilla cake with butter icing,370.54,3.89,0,0,0,0,0,0,0,0,100 g,390,,,
680534f0d035d501d3d0fc87,https://drive.google.com/uc?id=1PDL7ZDXI366o8lFTABJJafYOZ__DhKs1,Eggless cake,318.08,8.12,0,0,0,0,0,0,0,0,100 g,391,,,
680534f0d035d501d3d0fc88,https://drive.google.com/uc?id=1dZ3KZEBejQgN6ELt12iR7Eaf6s8LWxMn,Swiss roll,251.87,7.3,0,0,0,0,0,0,0,0,100 g,392,,,
680534f0d035d501d3d0fc89,https://drive.google.com/uc?id=13pq0EfShK5b43TsFKoSaV0qllIhgkSzE,Pineapple pastry,208.21,6.06,0,0,0,0,0,0,0,0,100 g,393,,,
680534f0d035d501d3d0fc8a,https://drive.google.com/uc?id=1fRlNRw1R4k-U51g36bZX7abmZv3fI9EH,Black forest pastry,233.55,6.09,0,0,0,0,0,0,0,0,100 g,394,,,
680534f0d035d501d3d0fc8b,https://drive.google.com/uc?id=1te90loRlBogmq3XfVL8EaGZy1tmFSf_f,Coconut finger,274.86,7.09,0,0,0,0,0,0,0,0,100 g,395,,,
680534f0d035d501d3d0fc8c,https://drive.google.com/uc?id=11JP2qYjKND5X2yOD8xSYzOtMnp9Ce0Ry,Pineapple cake,195.57,5.01,0,0,0,0,0,0,0,0,100 g,396,,,
680534f0d035d501d3d0fc8d,https://drive.google.com/uc?id=19EYNpSKqyPTiRoIxtthC2T0Hc_OItDE8,Chocolate walnut cookies (Chocolate aur akhrot ke cookies),424.8,6.56,0,0,0,0,0,0,0,0,100 g,397,,,
680534f0d035d501d3d0fc8e,https://drive.google.com/uc?id=1sJqKy_RRFTDy8ChXUR6PMtaxDSS4GAsB,Chocolate chip cookies,425.29,5.79,0,0,0,0,0,0,0,0,100 g,398,,,
680534f0d035d501d3d0fc8f,https://drive.google.com/uc?id=1hb7n_PbPig5dCYuOvM6KIScMcHqi2Eru,Sweet plain biscuit,380.76,5.86,0,0,0,0,0,0,0,0,100 g,399,,,
680534f0d035d501d3d0fc90,https://drive.google.com/uc?id=11f2clmbNLx4NQA365dvuO2NKPsRdcN-K,Chocolate biscuit,379.76,5.88,0,0,0,0,0,0,0,0,100 g,400,,,
680534f0d035d501d3d0fc91,https://drive.google.com/uc?id=15LLaJ2UvGaduK6cHEUYIwu5mhMcbFuL_,Coconut biscuit (Nariyal ke biscuit),434.98,5.78,0,0,0,0,0,0,0,0,100 g,401,,,
680534f0d035d501d3d0fc92,https://drive.google.com/uc?id=1Nlfb_8w5m69IdWVF4SRCSUA3S9wKLoP5,Sweet and salty biscuit (Meethay aur namkeen biscuit),407.96,6.15,0,0,0,0,0,0,0,0,100 g,402,,,
680534f0d035d501d3d0fc93,https://drive.google.com/uc?id=1-STExnY_VlX_OdPrTKqR43Y1cX69WNZi,Peanut biscuit,401.05,8.45,0,0,0,0,0,0,0,0,100 g,403,,,
680534f0d035d501d3d0fc94,https://drive.google.com/uc?id=1wkNvfPs54L4X8f1tXQ7k6Zx5bsVrPFLy,Pin wheel biscuit,404.6,5.4,0,0,0,0,0,0,0,0,100 g,404,,,
680534f0d035d501d3d0fc95,https://drive.google.com/uc?id=1KQROA4IYuOKWABO-aOhraZVWLihEttrq,Saffron biscuit (Kesar biscuit),458.61,6.05,0,0,0,0,0,0,0,0,100 g,405,,,
680534f0d035d501d3d0fc96,https://drive.google.com/uc?id=1I3DJ511iEPL1xWts2S395fdpi-nWrdl4,Masala biscuit,393.64,6.06,0,0,0,0,0,0,0,0,100 g,406,,,
680534f0d035d501d3d0fc97,https://drive.google.com/uc?id=1QJJpoQ3INJsUqQqA5eMiLf3bVqQizfHk,Ice box cookies,374.24,5.7,0,0,0,0,0,0,0,0,100 g,407,,,
680534f0d035d501d3d0fc98,https://drive.google.com/uc?id=1V3yY43mBbPebcxfHVQ1CDquSjfwc59R8,Ginger bread man,365,6.61,0,0,0,0,0,0,0,0,100 g,408,,,
680534f0d035d501d3d0fc99,https://drive.google.com/uc?id=1AihDcZ9EGAOtBcj72DriHTEo7bcBB_qI,Danish cookies,475.33,5.33,0,0,0,0,0,0,0,0,100 g,409,,,
680534f0d035d501d3d0fc9a,https://drive.google.com/uc?id=1FuZehhHJ07veXCLvosgDbH-mAO8_LJDB,Short bread cookies,443.09,6.03,0,0,0,0,0,0,0,0,100 g,410,,,
680534f0d035d501d3d0fc9b,https://drive.google.com/uc?id=1fHAnwKt5PA61Cj4R8XpbUpnM9w4d2vU8,Coffee biscuit,416.57,6.9,0,0,0,0,0,0,0,0,200 ml,411,,,
680534f0d035d501d3d0fc9c,https://drive.google.com/uc?id=1aU6iJuzbH0VOvnC9-CBd41WnxJGs4DCS,Melting moments,437.91,5.71,0,0,0,0,0,0,0,0,100 g,412,,,
680534f0d035d501d3d0fc9d,https://drive.google.com/uc?id=1lkyVV8S5lX14WCMXdvXAjjNf3bl1Ijte,Ginger biscuit (Adarak ke biscuit),417.91,5.98,0,0,0,0,0,0,0,0,100 g,413,,,
680534f0d035d501d3d0fc9e,https://drive.google.com/uc?id=1N-p6-efddlkeup9iJipbFYaVeXsHpw3Z,Soyabean muthias,839.33,2.46,0,0,0,0,0,0,0,0,100 g,414,,,
680534f0d035d501d3d0fc9f,https://drive.google.com/uc?id=1wrXpWGc-TmiAtiOAorWH-Rrg-ILyXx0l,Soyabean tikki,698.17,3.53,0,0,0,0,0,0,0,0,100 g,415,,,
680534f0d035d501d3d0fca0,https://drive.google.com/uc?id=1ZAaI8opPlKsdiPfEtabVLrhHxd02GULP,Soyabean namak paras,838.46,2.65,0,0,0,0,0,0,0,0,100 g,416,,,
680534f0d035d501d3d0fca1,https://drive.google.com/uc?id=1-CexwF7ca-QoahnBAGkui9mmxxyMHgtY,Peanut burfi (Moongfali ki burfi),550.99,9.31,0,0,0,0,0,0,0,0,100 g,417,,,
680534f0d035d501d3d0fca2,https://drive.google.com/uc?id=1StfVPmKA1rXpdB8wlBtDm9D_IW3GtDW3,Spinach peanut namak paras (Palak moongfali namak paras),740.16,1.65,0,0,0,0,0,0,0,0,100 g,418,,,
680534f0d035d501d3d0fca3,https://drive.google.com/uc?id=1-eL8XN8HnFPZ3xycJrpjb3ncmnDPPBBu,Gram flour and semolina chilla/cheela/savory pancake (Besan suji chilla/cheela),758.89,2.08,0,0,0,0,0,0,0,0,100 g,419,,,
680534f0d035d501d3d0fca4,https://drive.google.com/uc?id=1CiWb41lf_iUoAddVtq7VlhjvckWDse9J,Rice moong dal cheela (Chawal aur moong dal ka cheela),798.26,2.74,0,0,0,0,0,0,0,0,100 g,420,,,
680534f0d035d501d3d0fca5,https://drive.google.com/uc?id=1PY9nv93Kb2npVtMuJxC1hT4DmhPuBS7V,Split bengal gram sweet rice (Channa dal sweet rice),190.21,4.15,0,0,0,0,0,0,0,0,100 g,421,,,
680534f0d035d501d3d0fca6,https://drive.google.com/uc?id=1XO0nBHDZvjn1lEEpjwV0-27Zm3UXvADI,Sweet poori (Meethi poori),782.75,2.12,0,0,0,0,0,0,0,0,100 g,422,,,
680534f0d035d501d3d0fca7,https://drive.google.com/uc?id=1IcU6ubW2xx51wDHrarf4aVNkgYfEFguD,Wheat flour and moong dal burfi (Atta aur moong dal ki burfi),441.08,9.84,0,0,0,0,0,0,0,0,100 g,423,,,
680534f0d035d501d3d0fca8,https://drive.google.com/uc?id=1g-57qkKCbK559WZX0FDqxK1spWPm8dst,Spinach burfi (Palak burfi),121.17,2.71,0,0,0,0,0,0,0,0,100 g,424,,,
680534f0d035d501d3d0fca9,https://drive.google.com/uc?id=1_6KHeOKnDEVHkYlgZd8OaiGgT1DKTo-B,Sweet split chickpea roti (Sweet channa dal roti/Puranpoli),366.59,9.51,0,0,0,0,0,0,0,0,100 g,425,,,
680534f0d035d501d3d0fcaa,https://drive.google.com/uc?id=14vPWCZUgyBsvFKA0oGTLV1lfM-7DlSVv,Sprouted moong daliya,111.56,2.81,0,0,0,0,0,0,0,0,100 g,426,,,
680534f0d035d501d3d0fcab,https://drive.google.com/uc?id=1N2AU63ekyM6HDyOtjuG1WcKKJpFkrtci,Sprouted moong poha,192.6,5.59,0,0,0,0,0,0,0,0,100 g,427,,,
680534f0d035d501d3d0fcac,https://drive.google.com/uc?id=1JKuzw1h06tgxkVvpg7QchWFgYKSx3NM-,Pearl millet ladoo (Bajra ladoo),319.66,9.61,0,0,0,0,0,0,0,0,100 g,428,,,
680534f0d035d501d3d0fcad,https://drive.google.com/uc?id=18EBkbQD58FbzRFOfWZZ7GWBHXO9pSf-E,Paushtik ladoo,485.87,7.65,0,0,0,0,0,0,0,0,100 g,429,,,
680534f0d035d501d3d0fcae,https://drive.google.com/uc?id=15yr8QJip_1LTYlsZ9GRFcRTFQsnhylhY,Paushtik roti,149.26,7.17,0,0,0,0,0,0,0,0,100 g,430,,,
680534f0d035d501d3d0fcaf,https://drive.google.com/uc?id=1DR6cdFzCMCibjV2VqTTXQsuxbjdx3pqv,Semolina carrot vada (Suji gajar vada),699.53,1.56,0,0,0,0,0,0,0,0,100 g,431,,,
680534f0d035d501d3d0fcb0,https://drive.google.com/uc?id=1XrB1uA1731qobA3KLS-JomRsjR3XZucI,Dhokla,216.49,13.45,0,0,0,0,0,0,0,0,100 g,432,,,
680534f0d035d501d3d0fcb1,https://drive.google.com/uc?id=1HbdckkIfHJURSb1BtFEenke9suFHUxO8,Kashmiri tea (Kehwa),24.9,0.17,0,0,0,0,0,0,0,0,200 ml,433,,,
680534f0d035d501d3d0fcb2,https://drive.google.com/uc?id=1HUAEXQtNm2gMcKONleX0_qOvKgHks5nZ,Steeped hot coffee,15.91,0.39,0,0,0,0,0,0,0,0,200 ml,434,,,
680534f0d035d501d3d0fcb3,https://drive.google.com/uc?id=1P4EAPMlX2EmaI9Kqr1io072Ci3gu5Djx,Hot chocolate,90.01,3.43,0,0,0,0,0,0,0,0,100 g,435,,,
680534f0d035d501d3d0fcb4,https://drive.google.com/uc?id=1lavXwTlfq_uOWpLsm3rgaUExxcR8joNs,Cold coffee (with cream),82.76,1.93,0,0,0,0,0,0,0,0,200 ml,436,,,
680534f0d035d501d3d0fcb5,https://drive.google.com/uc?id=1owb8IFchoHmm2vo_3hLGA7HbF_4A6Emf,Banana milkshake with ice cream (Kele ka milkshake ice cream ke saath),76.45,2.01,0,0,0,0,0,0,0,0,100 g,437,,,
680534f0d035d501d3d0fcb6,https://drive.google.com/uc?id=12H25pbmYfyQCEk80JycUcy_-Wlbodora,Flavoured milkshake,66.78,2.06,0,0,0,0,0,0,0,0,100 g,438,,,
680534f0d035d501d3d0fcb7,https://drive.google.com/uc?id=184eh7749U5llN4hn4fJl0XlCDJkYj8Tz,Jal jeera,30.24,0.44,0,0,0,0,0,0,0,0,100 g,439,,,
680534f0d035d501d3d0fcb8,https://drive.google.com/uc?id=1Tqhz7ao5lv_ud3HpYIbr6QDy9DImb7JU,Gingo,48.02,0.14,0,0,0,0,0,0,0,0,100 g,440,,,
680534f0d035d501d3d0fcb9,https://drive.google.com/uc?id=1O70ZbLaxvBZIYBBileewhbWpDRJZ0XRx,Mintade,40.32,0.03,0,0,0,0,0,0,0,0,100 g,441,,,
680534f0d035d501d3d0fcba,https://drive.google.com/uc?id=1CQ7bXaexKUA5T7NFW9JEDMZnUI_qs5ry,Canjee,6.61,0.24,0,0,0,0,0,0,0,0,100 g,442,,,
680534f0d035d501d3d0fcbb,https://drive.google.com/uc?id=1qT8ONQuZfIYoQLZRlTQ6QYDvkWtq_tV5,Cauliflower canjee (Phoolgobhi ki canjee),6.9,0.39,0,0,0,0,0,0,0,0,100 g,443,,,
680534f0d035d501d3d0fcbc,https://drive.google.com/uc?id=1HFb17RRsyl_w-JShQWrteZZCnUbXXpdj,Potato canjee (Aloo canjee),16.26,0.44,0,0,0,0,0,0,0,0,100 g,444,,,
680534f0d035d501d3d0fcbd,https://drive.google.com/uc?id=1MjDrCi9coyyIYFjMzOGLTEqIAlQA7aW7,Vermicelli porridge (Semiya/Seviyan porridge),78.4,2.5,0,0,0,0,0,0,0,0,100 g,445,,,
680534f0d035d501d3d0fcbe,https://drive.google.com/uc?id=1FfSU7C92Sifypr25rdOg4a4VRnQM5tnN,Semolina upma (Suji/Rava upma),147.89,3.3,0,0,0,0,0,0,0,0,100 g,446,,,
680534f0d035d501d3d0fcbf,https://drive.google.com/uc?id=1nz8vOmbU90ytVmGHRDsSAFD7_1SPRMW8,Vermicelli upma (Semiya/Seviyan upma),149.11,3.11,0,0,0,0,0,0,0,0,100 g,447,,,
680534f0d035d501d3d0fcc0,https://drive.google.com/uc?id=1RvpYK_lBasr746oLR9-YDOQlVb8k3rfB,Rice upma,151.27,2.63,0,0,0,0,0,0,0,0,100 g,448,,,
680534f0d035d501d3d0fcc1,https://drive.google.com/uc?id=1Iw4GB-hjjyjrcUUXcYrg3ot3H6fnFm4C,Bread upma,129.51,2.8,0,0,0,0,0,0,0,0,100 g,449,,,
680534f0d035d501d3d0fcc2,https://drive.google.com/uc?id=1zrWeJji5MH27Q_lgDOqQpH85odNgD_iu,Vegetable upma,146.47,4.73,0,0,0,0,0,0,0,0,100 g,450,,,
680534f0d035d501d3d0fcc3,https://drive.google.com/uc?id=1eSQcRSlMS_bWw_O270dTfS9tt10x2EjI,Poha,294.53,6.09,0,0,0,0,0,0,0,0,100 g,451,,,
680534f0d035d501d3d0fcc4,https://drive.google.com/uc?id=1ToK5hYgiLpmBbfWBL6xMV5K-QvSA_MXB,Vegetable poha,180.52,4.89,0,0,0,0,0,0,0,0,100 g,452,,,
680534f0d035d501d3d0fcc5,https://drive.google.com/uc?id=1iAWuGUVcrFBR2i0nL4G9PAjWndG0IFEg,Moong dal stuffed cheela/chilla (Moong dal ka cheela/chilla),154.89,6.97,0,0,0,0,0,0,0,0,100 g,453,,,
680534f0d035d501d3d0fcc6,https://drive.google.com/uc?id=1CTv1tgVxAH2ycwoglJuRWwFq8YQ9F_Iu,Paneer stuffed cheela/chilla,205.19,11.44,0,0,0,0,0,0,0,0,100 g,454,,,
680534f0d035d501d3d0fcc7,https://drive.google.com/uc?id=1MC88Uu0TxR64JPTbLikgJm8k6bP4NgP5,Indian style egg bhujia (Anda bhujia (Indian style)),102.83,6.1,0,0,0,0,0,0,0,0,100 g,455,,,
680534f0d035d501d3d0fcc8,https://drive.google.com/uc?id=1oa5d1ge_w5MMyHYZUawpSHwj8lrwykpj,French omelette/omlet,211.04,10.03,0,0,0,0,0,0,0,0,100 g,456,,,
680534f0d035d501d3d0fcc9,https://drive.google.com/uc?id=151Q489eCY7_7q2Tg1Xb18SGHE4qXXAwD,Puffy omelette/omlet,188.15,8.82,0,0,0,0,0,0,0,0,100 g,457,,,
680534f0d035d501d3d0fcca,https://drive.google.com/uc?id=1H_q81DOzSALwthq4qYcIpd7x5Ws7UVy3,Orange omelette/omlet,194.66,8.93,0,0,0,0,0,0,0,0,100 g,458,,,
680534f0d035d501d3d0fccb,https://drive.google.com/uc?id=1EVsZjFLhMF6u_Abo1Hd4eZoztgwYosS1,Cheese and mushroom omelette/omlet,205.63,9.69,0,0,0,0,0,0,0,0,100 g,459,,,
680534f0d035d501d3d0fccc,https://drive.google.com/uc?id=1S2vJKXoT3bTPZElN8leJNBAS9_W_x_xO,Spanish omelette/omlet,157.45,8.25,0,0,0,0,0,0,0,0,100 g,460,,,
680534f0d035d501d3d0fccd,https://drive.google.com/uc?id=1UUplN-Nfol21on5cdVdlYcVPFkzFus_S,Mixed stock,25.19,2.06,0,0,0,0,0,0,0,0,100 g,461,,,
680534f0d035d501d3d0fcce,https://drive.google.com/uc?id=1ugYGnTbShnjwJqQJMSjMuODotFtUKfnq,Meat stock,24.48,2.1,0,0,0,0,0,0,0,0,100 g,462,,,
680534f0d035d501d3d0fccf,https://drive.google.com/uc?id=1k2a21zUhuHMbnWQTmXqTInisqadJSfqd,White stock,6.99,0.07,0,0,0,0,0,0,0,0,100 g,463,,,
680534f0d035d501d3d0fcd0,https://drive.google.com/uc?id=1vARPrE3F71stt7tzFpfJx8xRLDjYptqu,Meat consomme (with mutton),29.76,14.86,0,0,0,0,0,0,0,0,100 g,464,,,
680534f0d035d501d3d0fcd1,https://drive.google.com/uc?id=1vtavMnpLFXiRBHOYHZbsInCuE9YDfDMC,Consomme au julienne,27.76,12.49,0,0,0,0,0,0,0,0,100 g,465,,,
680534f0d035d501d3d0fcd2,https://drive.google.com/uc?id=1pqwlpq4rPZDy54ggrYHX2SlihLqMFF99,Consomme au vermicelli,29.94,15.23,0,0,0,0,0,0,0,0,100 g,466,,,
680534f0d035d501d3d0fcd3,https://drive.google.com/uc?id=1pXE5-JjXypbNw18dS0DedYCT0Y9m5f1M,Green pea soup (Matar ka soup),39.81,11.06,0,0,0,0,0,0,0,0,100 g,467,,,
680534f0d035d501d3d0fcd4,https://drive.google.com/uc?id=1S20v_OJrV26cUPcjJTNLDJW7cK3EQFzZ,Spinach soup (Palak ka soup),32.59,10.54,0,0,0,0,0,0,0,0,100 g,468,,,
680534f0d035d501d3d0fcd5,https://drive.google.com/uc?id=1AY4DVQyTlU0REDLMOOQHnoeKp6Xn02vn,Mixed vegetable soup,35.71,8.22,0,0,0,0,0,0,0,0,100 g,469,,,
680534f0d035d501d3d0fcd6,https://drive.google.com/uc?id=19GoIxP-kamiNsOx8NA5FFOrNgBgJ4b9Q,Cheese soup,41.13,12.39,0,0,0,0,0,0,0,0,100 g,470,,,
680534f0d035d501d3d0fcd7,https://drive.google.com/uc?id=1POu9LsYSnpla02jdXCoMYNPmKzpUi9rV,Mulligatawny soup,54.42,11.26,0,0,0,0,0,0,0,0,100 g,471,,,
680534f0d035d501d3d0fcd8,https://drive.google.com/uc?id=1hIrMV6lLpclqlQUFKI3SExbSM3WScwCN,Cream of carrot soup,59.77,8.27,0,0,0,0,0,0,0,0,100 g,472,,,
680534f0d035d501d3d0fcd9,https://drive.google.com/uc?id=1NUPqv1IURR3QDtp8rhIUckbZuQWF2WA1,Cream of broccoli soup,56.14,8.97,0,0,0,0,0,0,0,0,100 g,473,,,
680534f0d035d501d3d0fcda,https://drive.google.com/uc?id=1QPwyRBp5m_0GkmJSYJfolxhMDRXORnvY,Cream of potato soup,60.2,8.1,0,0,0,0,0,0,0,0,100 g,474,,,
680534f0d035d501d3d0fcdb,https://drive.google.com/uc?id=1NEOhatswjr7-6YjDE0zmiIlHEr5zzdPR,Almond soup (Badam ka soup),78.65,10.13,0,0,0,0,0,0,0,0,100 g,475,,,
680534f0d035d501d3d0fcdc,https://drive.google.com/uc?id=1VrVmqcYzBYhFPvgpHsEFf47roIxTpE5K,Cold cucumber cream soup,11.88,0.34,0,0,0,0,0,0,0,0,100 g,476,,,
680534f0d035d501d3d0fcdd,https://drive.google.com/uc?id=1HdgDQlWJOXFE4UHZcf88-Oon7frGdCmn,Cold tomato soup,16.9,0.11,0,0,0,0,0,0,0,0,100 g,477,,,
680534f0d035d501d3d0fcde,https://drive.google.com/uc?id=1siPM9kgwCWxesoUQwnpv5QYWfN5Dj-R_,Chicken stew,127.55,7.19,0,0,0,0,0,0,0,0,100 g,478,,,
680534f0d035d501d3d0fcdf,https://drive.google.com/uc?id=1X_xIpx-ur3FAfcVHkcCJ1Ypxd4N2ssJq,Veg paneer stew,145.55,6.98,0,0,0,0,0,0,0,0,100 g,479,,,
680534f0d035d501d3d0fce0,https://drive.google.com/uc?id=1G0EnputSH2dZxbP7x83HGkuvhSEUL9l0,Onion-green chilli parantha/paratha (Pyaaz aur hari mirch ka parantha/paratha),191.27,4.37,0,0,0,0,0,0,0,0,100 g,480,,,
680534f0d035d501d3d0fce1,https://drive.google.com/uc?id=1jBpnDqi8zBclwBG37ZXMag2yZ1QZXlHF,Methi parantha/paratha,148.36,4.27,0,0,0,0,0,0,0,0,100 g,481,,,
680534f0d035d501d3d0fce2,https://drive.google.com/uc?id=1Nx8jCVCLgt3cj8LVaCwHz8CUEHR7LyqL,Bathua poori,598.79,2.35,0,0,0,0,0,0,0,0,100 g,482,,,
680534f0d035d501d3d0fce3,https://drive.google.com/uc?id=1QXaQ2FFztFuzB73RsCINGRED_5eQfICq,Gram flour poori (Besan poori),697.66,2.59,0,0,0,0,0,0,0,0,100 g,483,,,
680534f0d035d501d3d0fce4,https://drive.google.com/uc?id=1G9Pe80SBZlDYjqqoVj3bM0QG9c6pSJ9w,Beetroot poori (Chukandar ki poori),527.66,1.91,0,0,0,0,0,0,0,0,100 g,484,,,
680534f0d035d501d3d0fce5,https://drive.google.com/uc?id=1l6YmCd5TB2nOfRTrT3KJVn7hCazdSPcE,Peas poori (Matar ki poori),592.83,3.04,0,0,0,0,0,0,0,0,100 g,485,,,
680534f0d035d501d3d0fce6,https://drive.google.com/uc?id=1evdaWVPvxWJGWTTO6fLDN5_nydy9QBTj,Peas kachori (Matar kachori),584.68,3.21,0,0,0,0,0,0,0,0,100 g,486,,,
680534f0d035d501d3d0fce7,https://drive.google.com/uc?id=1wPH2_gCLPHOL-DA6d3ACLlNMJ4jIb_HL,Pizza,146.77,6.85,0,0,0,0,0,0,0,0,100 g,487,,,
680534f0d035d501d3d0fce8,https://drive.google.com/uc?id=1PK5ZmNpJiIPvTaSz_CPajZOQxmtpOTej,Bacon and mushroom pancake,157.67,6.82,0,0,0,0,0,0,0,0,100 g,488,,,
680534f0d035d501d3d0fce9,https://drive.google.com/uc?id=1K2mM_jUuoiN0g9anB0qrEldw9hTcxqN2,Cheese and tomato pancake,147.39,5.15,0,0,0,0,0,0,0,0,100 g,489,,,
680534f0d035d501d3d0fcea,https://drive.google.com/uc?id=1XR37L2i8sI_25WdubRo6kTOA25VAH0c0,Minced meat pancake (with chicken),116.04,12.01,0,0,0,0,0,0,0,0,100 g,490,,,
680534f0d035d501d3d0fceb,https://drive.google.com/uc?id=1mNGeCwaiTVykmHHNJx_cxdY3FJmR7lTL,Eggplant/Brinjal rice (Vangi bhat),184.8,5.28,0,0,0,0,0,0,0,0,100 g,491,,,
680534f0d035d501d3d0fcec,https://drive.google.com/uc?id=14hhWdllDOBSoq-ERkg5RjXLNcA5jEWC0,Kashmiri 'tahar',98.21,1.95,0,0,0,0,0,0,0,0,100 g,492,,,
680534f0d035d501d3d0fced,https://drive.google.com/uc?id=130vAjzIIjqYB-DqdQeYP4_bAMhm5c3CB,Cumin pulao (Jeera/Zeera pulao),135.24,2.47,0,0,0,0,0,0,0,0,100 g,493,,,
680534f0d035d501d3d0fcee,https://drive.google.com/uc?id=1n4kFiCTsHc9MCy_V9ZCQ5jY1xhTj7eDf,Peas pulao (Matar pulao),108.87,3.89,0,0,0,0,0,0,0,0,100 g,494,,,
680534f0d035d501d3d0fcef,https://drive.google.com/uc?id=1TOQzIgpQYwE4LF8rxVbDcS0_In0i32GV,Split bengal gram dal and vegetable pulao (Channa dal and vegetable pulao),116.53,3.6,0,0,0,0,0,0,0,0,100 g,495,,,
680534f0d035d501d3d0fcf0,https://drive.google.com/uc?id=10t3QI_NBc_BCBK7H90NuQxlZXV2cFOEm,Black channa pulao/ Bengal gram pulao (Kale chane ka pulao),125.51,3.44,0,0,0,0,0,0,0,0,100 g,496,,,
680534f0d035d501d3d0fcf1,https://drive.google.com/uc?id=1CKUMkwNrlIVmdasCmTB_D7lFGEbfFhFG,Mutton pulao,130.77,6.52,0,0,0,0,0,0,0,0,100 g,497,,,
680534f0d035d501d3d0fcf2,https://drive.google.com/uc?id=1oUQzLU76r4Mm9cukLknTGhpRzR79h45f,Chicken pulao,108.24,6.07,0,0,0,0,0,0,0,0,100 g,498,,,
680534f0d035d501d3d0fcf3,https://drive.google.com/uc?id=1-BWLBu8Mmvzw9Xo0i1rEzeSYJn3-Ju24,Mexican rice,120.57,4.62,0,0,0,0,0,0,0,0,100 g,499,,,
680534f0d035d501d3d0fcf4,https://drive.google.com/uc?id=1UFy6gzcBl-4u0CfvUKwjGbcaKzgiw7EO,Plain khitchdi (Plain khichri/khichdi),57.03,1.72,0,0,0,0,0,0,0,0,100 g,500,,,
680534f0d035d501d3d0fcf5,https://drive.google.com/uc?id=12-RFAhcBZB5FrfpOIhmDetoklL9SLYVn,Instant idli (with semolina),247.29,9.16,0,0,0,0,0,0,0,0,100 g,501,,,
680534f0d035d501d3d0fcf6,https://drive.google.com/uc?id=11lQ4tMQW-P5mRPGXRNNR3JTU0NOr87a8,Plain dosa,380.91,10.34,0,0,0,0,0,0,0,0,100 g,502,,,
680534f0d035d501d3d0fcf7,https://drive.google.com/uc?id=14iImUdnQaXF4c-LZxcaW8Z_iem725cdL,Masala dosa mixed vegetable fillings,144.53,4.84,0,0,0,0,0,0,0,0,100 g,503,,,
680534f0d035d501d3d0fcf8,https://drive.google.com/uc?id=1AC8l2WYTeAZ-O7ZICQ70wbBjiNcrug9H,Masala dosa paneer fillings,243.12,10.31,0,0,0,0,0,0,0,0,100 g,504,,,
680534f0d035d501d3d0fcf9,https://drive.google.com/uc?id=1oZ-VGXPGuwRraLtFx1gQRDgdNY39jyZU,Uttapam,255.95,6.18,0,0,0,0,0,0,0,0,100 g,505,,,
680534f0d035d501d3d0fcfa,https://drive.google.com/uc?id=1VE34cMAwLx7Ls9oAZ8cc2SWfBYPI0_AN,Appam,267.7,3.12,0,0,0,0,0,0,0,0,100 g,506,,,
680534f0d035d501d3d0fcfb,https://drive.google.com/uc?id=1RCJBBYenSGoe7u8PgOMJxBAJu4XiP3BA,Beans and macaroni,136.08,4.58,0,0,0,0,0,0,0,0,100 g,507,,,
680534f0d035d501d3d0fcfc,https://drive.google.com/uc?id=1-PfU0XQpS36Aaf2X18OrEN3rU3w6O9DO,Spaghetti bolognese,97.43,9.35,0,0,0,0,0,0,0,0,100 g,508,,,
680534f0d035d501d3d0fcfd,https://drive.google.com/uc?id=1QyAOCjfE1zvQ0IRix0vXdRRkx29xtcLp,Meat and macaroni casserole,161.55,9.15,0,0,0,0,0,0,0,0,100 g,509,,,
680534f0d035d501d3d0fcfe,https://drive.google.com/uc?id=1Gu1X6W390tZyBcF7dhudcTE51cfbNObi,Spaghetti with meat balls and tomato sauce,158.13,5.61,0,0,0,0,0,0,0,0,100 g,510,,,
680534f0d035d501d3d0fcff,https://drive.google.com/uc?id=17o9CCvp35crFTLYDTrMcH6QeBC6B-QK2,Spaghetti with paneer balls and tomato sauce,158.54,3.95,0,0,0,0,0,0,0,0,100 g,511,,,
680534f0d035d501d3d0fd00,https://drive.google.com/uc?id=1-FG4Q5-Ck0Hgg3oq43c9xs8p9dg1mcvc,Lasagne with meat sauce,63.38,2.9,0,0,0,0,0,0,0,0,100 g,512,,,
680534f0d035d501d3d0fd01,https://drive.google.com/uc?id=10TZGsXP34BGYp9IL6gs-rqj0Hoe0z4Z9,Lasagne with vegetables,49.23,1.71,0,0,0,0,0,0,0,0,100 g,513,,,
680534f0d035d501d3d0fd02,https://drive.google.com/uc?id=1OijBUlStZ9jwNVmTz0vIDZU931RMCrd_,Home made egg noodles,240.84,6.55,0,0,0,0,0,0,0,0,100 g,514,,,
680534f0d035d501d3d0fd03,https://drive.google.com/uc?id=1lf6tYe7QSPEGVUylk4ucDyL9bNX_GzSI,Sour lentils (Khatti dal),34.79,2.22,0,0,0,0,0,0,0,0,100 g,515,,,
680534f0d035d501d3d0fd04,https://drive.google.com/uc?id=1LGAQjX2_RYdbMEBsb3kJHHmBrRC4MspF,Urad special dehusked,69.43,3.14,0,0,0,0,0,0,0,0,100 g,516,,,
680534f0d035d501d3d0fd05,https://drive.google.com/uc?id=1jEvEtA0gMXExWVBom8if9JdXSH5o_7uv,Arhar with spinach (Arhar dal aur palak),52.84,2.05,0,0,0,0,0,0,0,0,100 g,517,,,
680534f0d035d501d3d0fd06,https://drive.google.com/uc?id=1k3ShNYlgRkdOQd59EUsuh_DELae0z5Ub,Moong dal with vadi,24.08,0.4,0,0,0,0,0,0,0,0,100 g,518,,,
680534f0d035d501d3d0fd07,https://drive.google.com/uc?id=16bzz9Vr59yUR2phDcRDPGEEcPMnJuV5r,Rasam with tamarind (Puli rasam/ Chintapandu rasam/ Charu/Saaru),26.74,1.13,0,0,0,0,0,0,0,0,100 g,519,,,
680534f0d035d501d3d0fd08,https://drive.google.com/uc?id=1SiN8vU8qN-mTKhvrEfI4qSzh-6mobR4l,Rasam with lemon (Nimmakaya rasam/Nimmakaya charu/Elumichai rasam/Nimbe hannina saaru),24.41,1.11,0,0,0,0,0,0,0,0,100 g,520,,,
680534f0d035d501d3d0fd09,https://drive.google.com/uc?id=1lD6NNk4tQbJwvHJyp6qu93tpyLg-EqTi,Green gram whole with baghar (Sabut moong dal with tadka),63.43,3.23,0,0,0,0,0,0,0,0,100 g,521,,,
680534f0d035d501d3d0fd0a,https://drive.google.com/uc?id=1Basrgm5op2nkR5wfYbNbz0Dcr6g2tywQ,Urad sabut special,79.39,2.33,0,0,0,0,0,0,0,0,100 g,522,,,
680534f0d035d501d3d0fd0b,https://drive.google.com/uc?id=1Gx4cqnoue-9XCGFFPQkA0h3tb2gkZ6A5,Kabuli channa curry,68.57,2.92,0,0,0,0,0,0,0,0,100 g,523,,,
680534f0d035d501d3d0fd0c,https://drive.google.com/uc?id=1kak8H5O4Nb8QnWlMAwVWeMG63zl9pbI7,Besan gatte curry,189.38,7.75,0,0,0,0,0,0,0,0,100 g,524,,,
680534f0d035d501d3d0fd0d,https://drive.google.com/uc?id=1g-X8E1VuzZEL1PFoVjc39qMUXDskL73X,Dry masala chops,135.07,9.08,0,0,0,0,0,0,0,0,100 g,525,,,
680534f0d035d501d3d0fd0e,https://drive.google.com/uc?id=1kB6RMi3SKZzRPugF0YRWoCUJrW6Ny0QZ,Mutton korma,115.64,7.09,0,0,0,0,0,0,0,0,100 g,526,,,
680534f0d035d501d3d0fd0f,https://drive.google.com/uc?id=13QptyH7VwXWgZDUAOK08nEkx032G5KBI,Shahi keema kofta curry,418.13,4.14,0,0,0,0,0,0,0,0,100 g,527,,,
680534f0d035d501d3d0fd10,https://drive.google.com/uc?id=1a_vOnnNsLVCFqzRrZVAmj0NH3b3Vrbop,Minced meat ball curry,109.79,6.82,0,0,0,0,0,0,0,0,100 g,528,,,
680534f0d035d501d3d0fd11,https://drive.google.com/uc?id=1l97gHYkoMFa0hnmt6fJSnvhufcKhAyGh,Boti kebab,132.86,9.22,0,0,0,0,0,0,0,0,100 g,529,,,
680534f0d035d501d3d0fd12,https://drive.google.com/uc?id=1Cycnu3LTx2K7YeUFSe54NAvB7tOpT48G,Mutton seekh kebab,133.94,11.25,0,0,0,0,0,0,0,0,100 g,530,,,
680534f0d035d501d3d0fd13,https://drive.google.com/uc?id=1qcy9mFi5phw4POlsPAKBmW0r7qd8CKU-,Indian lamb and egg curry (Nargisi kofta),335.75,3.84,0,0,0,0,0,0,0,0,100 g,531,,,
680534f0d035d501d3d0fd14,https://drive.google.com/uc?id=1bE-iSbzoG0gYPsZr6IYvRKCK_pkwuCre,Soya chunks sweet and sour (Nutrinugget sweet and sour),500.94,2.85,0,0,0,0,0,0,0,0,100 g,532,,,
680534f0d035d501d3d0fd15,https://drive.google.com/uc?id=1BOxziTS3at2btjgMImovfF7FLncJ0vl6,Soya chunks korma (Nutrinugget korma),131.43,3.86,0,0,0,0,0,0,0,0,100 g,533,,,
680534f0d035d501d3d0fd16,https://drive.google.com/uc?id=1ECbE7bOBp4IwiCr0PLlpFyNjz2qvePu-,Mushroom matar,70.77,2.79,0,0,0,0,0,0,0,0,100 g,534,,,
680534f0d035d501d3d0fd17,https://drive.google.com/uc?id=1EbOMhMq0V6aq6D6imI13FnSGBJX9ZzPT,Soya chunks and peas (Nutrinugget matar),82.62,3.03,0,0,0,0,0,0,0,0,100 g,535,,,
680534f0d035d501d3d0fd18,https://drive.google.com/uc?id=1bHchuZET__25akwslsm9NOfy1sT20rMA,Vegetable yakhni,406.06,1.18,0,0,0,0,0,0,0,0,100 g,536,,,
680534f0d035d501d3d0fd19,https://drive.google.com/uc?id=1IVezVvLsW8mPh_Jq5B-q8HdgUslvmFbv,Spinach mushroom (Palak mushroom),47.63,1.94,0,0,0,0,0,0,0,0,100 g,537,,,
680534f0d035d501d3d0fd1a,https://drive.google.com/uc?id=1USjvV0HUrxIZXLU2xk6qxEAqjF8GW9px,Vegetarian nargisi kofta curry,332.15,2.29,0,0,0,0,0,0,0,0,100 g,538,,,
680534f0d035d501d3d0fd1b,https://drive.google.com/uc?id=1sEmCgBO5gVurwWLVjFUUIYvQPwdfZEaB,Roast chicken,199.9,20.49,0,0,0,0,0,0,0,0,100 g,539,,,
680534f0d035d501d3d0fd1c,https://drive.google.com/uc?id=1Eb6OPsuzIIlc42oA3j7usyFwVPIdDTY6,Shahi chicken masala,163.7,9.82,0,0,0,0,0,0,0,0,100 g,540,,,
680534f0d035d501d3d0fd1d,https://drive.google.com/uc?id=1r0EDy2dldCeB5bOBpR5mEt7DdbJnOEL9,Tomato chicken,111.68,10.57,0,0,0,0,0,0,0,0,100 g,541,,,
680534f0d035d501d3d0fd1e,https://drive.google.com/uc?id=1-Yf4XGK9VuHsilgfR1hzg2RBHANvTakJ,Creamy chicken,152.87,13.52,0,0,0,0,0,0,0,0,100 g,542,,,
680534f0d035d501d3d0fd1f,https://drive.google.com/uc?id=1jHZ22v8SFLGPIPD_RaNFhTXIYRmx_bx0,Broccoli chicken ala king,119.56,7.97,0,0,0,0,0,0,0,0,100 g,543,,,
680534f0d035d501d3d0fd20,https://drive.google.com/uc?id=1MeukOoKnXnVCZXWRuoqzSpb2ANPCp2Yc,Ginger chicken,129.17,8.24,0,0,0,0,0,0,0,0,100 g,544,,,
680534f0d035d501d3d0fd21,https://drive.google.com/uc?id=1TAD72xK9VLzTMVuQeIM36ktHiy1iVTrB,Chicken sweet and sour,445.09,6.92,0,0,0,0,0,0,0,0,100 g,545,,,
680534f0d035d501d3d0fd22,https://drive.google.com/uc?id=1_w2tSCLdf_kuqU8t2naHMqzPzwwJdpjs,Chicken korma,147.96,9.83,0,0,0,0,0,0,0,0,100 g,546,,,
680534f0d035d501d3d0fd23,https://drive.google.com/uc?id=1Q2ImvMEefTAwwjQuFGcfINWBOKI9-GTr,Bengal fish curry (Bengali machli curry),109.43,7.26,0,0,0,0,0,0,0,0,100 g,547,,,
680534f0d035d501d3d0fd24,https://drive.google.com/uc?id=1RGsZCiARnCTlHl31KoVKUwPwpihhGI6B,Fish finger,542.9,5.66,0,0,0,0,0,0,0,0,100 g,548,,,
680534f0d035d501d3d0fd25,https://drive.google.com/uc?id=12M6vGRl8t2OuR2fBBHvLZxQhK_dTp0H7,Fish in coconut milk (Nariyal ke doodh ke saath machli),86.21,8.66,0,0,0,0,0,0,0,0,100 g,549,,,
680534f0d035d501d3d0fd26,https://drive.google.com/uc?id=1zvhcG8GCxeBTHWv7ABlLgjNn-VzEFvgz,Prawn curry (with coconut) (Jhinga curry),109.55,8.54,0,0,0,0,0,0,0,0,100 g,550,,,
680534f0d035d501d3d0fd27,https://drive.google.com/uc?id=1J7C-NTVu0njSt-n-zc9d8g-6pJ6joN2m,Baked stuffed fish,121.96,16.14,0,0,0,0,0,0,0,0,100 g,551,,,
680534f0d035d501d3d0fd28,https://drive.google.com/uc?id=1n1FgwN5oIjwgtQEo7ngTciHTTmx7jejK,Fish pie,120.9,9.25,0,0,0,0,0,0,0,0,100 g,552,,,
680534f0d035d501d3d0fd29,https://drive.google.com/uc?id=10nB1nQe24XfIkqd1OE1C3NQu7TRh5DpB,Crispy baked fish,138.4,10.95,0,0,0,0,0,0,0,0,100 g,553,,,
680534f0d035d501d3d0fd2a,https://drive.google.com/uc?id=1urFRfz-XtZgPRqrJTeueRz-RFgKQdp1B,Fish souffle,139.71,10.51,0,0,0,0,0,0,0,0,100 g,554,,,
680534f0d035d501d3d0fd2b,https://drive.google.com/uc?id=1hie6pDIsd23HgK4lnq41Cwm52xRb1yU5,Potato curry (Aloo ki sabzi),89.56,1.52,0,0,0,0,0,0,0,0,100 g,555,,,
680534f0d035d501d3d0fd2c,https://drive.google.com/uc?id=1IELOrPkhgevMNvUvjQ7dzCYQuq0igujJ,Egg curry (Anda curry),117.52,5.38,0,0,0,0,0,0,0,0,100 g,556,,,
680534f0d035d501d3d0fd2d,https://drive.google.com/uc?id=1tNUx-tzHAIBJ_UfylT3WJbyLBxLzqnkN,Vegetable curry with coconut,83.07,2.77,0,0,0,0,0,0,0,0,100 g,557,,,
680534f0d035d501d3d0fd2e,https://drive.google.com/uc?id=1epfzJ0NvaNeWv0NUq_cFX1CDGQq5fhTu,Curd with potatoes (Dahi aloo),59.9,1.56,0,0,0,0,0,0,0,0,100 g,558,,,
680534f0d035d501d3d0fd2f,https://drive.google.com/uc?id=1-aXLF6_D3Cmm7hwhV7DHp-3koWBhqCoz,Potato kofta curry (Aloo kofta curry),455.4,0.56,0,0,0,0,0,0,0,0,100 g,559,,,
680534f0d035d501d3d0fd30,https://drive.google.com/uc?id=1zJYJNsZMUgd_xPXcAucn6FUJ2Ud6fGTw,Yam kofta curry (Zimikand/Suran kofta curry),322.88,0.71,0,0,0,0,0,0,0,0,100 g,560,,,
680534f0d035d501d3d0fd31,https://drive.google.com/uc?id=1BU5vt_-dJdoE7ee0se-d2E3fMvnxCdji,Jackfruit kofta curry (Kathal ka kofta curry),321.08,0.8,0,0,0,0,0,0,0,0,100 g,561,,,
680534f0d035d501d3d0fd32,https://drive.google.com/uc?id=1ml72aSK9XSaLxTWM2IFw6ZSSIeB8wOPF,Spinach and potato (Palak aloo),57.17,1.63,0,0,0,0,0,0,0,0,100 g,562,,,
680534f0d035d501d3d0fd33,https://drive.google.com/uc?id=1DQ_dcOqKZnEruijuBBsHtCzYvQYWLun0,Mooli bhujia,91.2,1.69,0,0,0,0,0,0,0,0,100 g,563,,,
680534f0d035d501d3d0fd34,https://drive.google.com/uc?id=1Z4UIdnwwkxYaxDVl-um8bsb2zhj_QNrP,Bathua bhujia,90.9,2.26,0,0,0,0,0,0,0,0,100 g,564,,,
680534f0d035d501d3d0fd35,https://drive.google.com/uc?id=1POZa7mh8ZXXQbRZKmJJYVeHz0-0YwIHE,Cabbage rolls (dry) ((Pattagobhi rolls) (dry)),142.48,8.21,0,0,0,0,0,0,0,0,100 g,565,,,
680534f0d035d501d3d0fd36,https://drive.google.com/uc?id=1ZwJwDbW42rBRW-QY4lmnbz7ZOeae49Ky,Cabbage rolls (curry) ((Pattagobhi rolls)(curry)),124.63,5.76,0,0,0,0,0,0,0,0,100 g,566,,,
680534f0d035d501d3d0fd37,https://drive.google.com/uc?id=17DnzoMqM-3uANhGXsJ_jhC1PHRL3n0bv,Dry arbi (Sookhi arbi),134.95,2.12,0,0,0,0,0,0,0,0,100 g,567,,,
680534f0d035d501d3d0fd38,https://drive.google.com/uc?id=1BDMay56i3LjG3cpJCXvbHAc7ZHdrCkja,Masala arbi,185.38,3.01,0,0,0,0,0,0,0,0,100 g,568,,,
680534f0d035d501d3d0fd39,https://drive.google.com/uc?id=11dD_yl3P9yDY9lnMzkSY2yWVe1cB-cl7,Peas brinjal bhartha (Matar baingan bhartha),84.55,2.05,0,0,0,0,0,0,0,0,100 g,569,,,
680534f0d035d501d3d0fd3a,https://drive.google.com/uc?id=11OP3Jbar7iODlsCUboPoVVv0_DFkajdz,Okra/Lady's fingers fry (Bhindi sabzi/sabji/subji),110.81,1.83,0,0,0,0,0,0,0,0,100 g,570,,,
680534f0d035d501d3d0fd3b,https://drive.google.com/uc?id=1OQXEeSuZO-hGPSU_1KwCDynHQb4zvTwB,Crispy okra/Crispy lady's fingers (Karare bhindi),657.76,1.91,0,0,0,0,0,0,0,0,100 g,571,,,
680534f0d035d501d3d0fd3c,https://drive.google.com/uc?id=1a_tzk54kZAN3nAGJMG43Tog7ymibCFcg,Beans foogath,105.06,2.03,0,0,0,0,0,0,0,0,100 g,572,,,
680534f0d035d501d3d0fd3d,https://drive.google.com/uc?id=14qArBzsAL06PCfCcaWmAme9_0fdyEPPL,Stuffed bittergourd (wet) (Bharwa karele),162.36,1.36,0,0,0,0,0,0,0,0,100 g,573,,,
680534f0d035d501d3d0fd3e,https://drive.google.com/uc?id=12Lqd5omZqP5j6zy0NHC4zra2gkSkoKS3,Jackfruit/Kathal (dry),488.97,0.93,0,0,0,0,0,0,0,0,100 g,574,,,
680534f0d035d501d3d0fd3f,https://drive.google.com/uc?id=1uBnU-x3KrUkXyc3fXaeUxS2dsoE-7T9G,Yam fried (Zimikand/Suran fried),491.76,0.79,0,0,0,0,0,0,0,0,100 g,575,,,
680534f0d035d501d3d0fd40,https://drive.google.com/uc?id=1jgLvr2ZXN2kuYcLLv9dXJhtVDzTFLDu7,"Cauliflower, pea and potato bhujia (Phoolgobhi, matar aur aloo bhujia)",95.67,2.75,0,0,0,0,0,0,0,0,100 g,576,,,
680534f0d035d501d3d0fd41,https://drive.google.com/uc?id=1M4aFd-Hl74TC3qZ_AWsWkLm_WsTJszRM,Vegetable jalfrezi,68.48,1.4,0,0,0,0,0,0,0,0,100 g,577,,,
680534f0d035d501d3d0fd42,https://drive.google.com/uc?id=18eumXYOxObKoJJiFkkYXeovWZTl0n4xK,Vegetables stir fry,30.78,1.04,0,0,0,0,0,0,0,0,100 g,578,,,
680534f0d035d501d3d0fd43,https://drive.google.com/uc?id=1mv6g7vFR06lhHyibtjL2dpJm0ZXRdhWU,Broccoli delight,40.7,2.49,0,0,0,0,0,0,0,0,100 g,579,,,
680534f0d035d501d3d0fd44,https://drive.google.com/uc?id=1WyS92K_BcovITYQGBTwW1r6Ym3eag4LS,Dhansak (vegetarian),82.8,3.32,0,0,0,0,0,0,0,0,100 g,580,,,
680534f0d035d501d3d0fd45,https://drive.google.com/uc?id=1pmWZfsRBDH7yu0a7ngOL0DK-Y9V2jbWv,Cauliflower basket,90.95,5.21,0,0,0,0,0,0,0,0,100 g,581,,,
680534f0d035d501d3d0fd46,https://drive.google.com/uc?id=18UA2dtmeXG6_0FDBeuV-EI8_PdYTCakO,Stuffed bottle gourd (Stuffed ghiya/lauki),93.19,5.84,0,0,0,0,0,0,0,0,100 g,582,,,
680534f0d035d501d3d0fd47,https://drive.google.com/uc?id=14c-jkkV92z3p5NclfY9a0zBlaFUALVML,Ducheese potato,140.54,3.6,0,0,0,0,0,0,0,0,100 g,583,,,
680534f0d035d501d3d0fd48,https://drive.google.com/uc?id=1d5dQx1da-tdMBfAK6_J1JHMYI6Nf6_vl,Roast potatoes,87.32,1.53,0,0,0,0,0,0,0,0,100 g,584,,,
680534f0d035d501d3d0fd49,https://drive.google.com/uc?id=1gHFmdab65l9xemEt8rwkM-2UxSQFr6al,Stuffed baked potatoes,100.2,3.82,0,0,0,0,0,0,0,0,100 g,585,,,
680534f0d035d501d3d0fd4a,https://drive.google.com/uc?id=1Ef459-IKRiPN42uIGSD3oKGml3GozIrV,Potato nests,111.62,5.71,0,0,0,0,0,0,0,0,100 g,586,,,
680534f0d035d501d3d0fd4b,https://drive.google.com/uc?id=14fRx2ckxxzb-Bl4MM3KFarldLa0uNoNF,Parsley potato,119.51,1.49,0,0,0,0,0,0,0,0,100 g,587,,,
680534f0d035d501d3d0fd4c,https://drive.google.com/uc?id=1si6uWQY39XYre81z0gNV7B27-PRj0gVQ,Creamed spinach and mushroom,419.62,2.28,0,0,0,0,0,0,0,0,100 g,588,,,
680534f0d035d501d3d0fd4d,https://drive.google.com/uc?id=1UjJ1iG-6oVBp74CIpDWF2pcsLoKHYL6s,Fricassee of Mushroom,106.66,3.65,0,0,0,0,0,0,0,0,100 g,589,,,
680534f0d035d501d3d0fd4e,https://drive.google.com/uc?id=1_NLUNnJj09ULPHVDimrINwgiOOmY0iWj,Cauliflower au gratin,145.9,4.45,0,0,0,0,0,0,0,0,100 g,590,,,
680534f0d035d501d3d0fd4f,https://drive.google.com/uc?id=1DkAtysKk3eu0_eR5zBv2OO8R_Zfe3Ve2,Vegetable and cheese pie,126.88,4.03,0,0,0,0,0,0,0,0,100 g,591,,,
680534f0d035d501d3d0fd50,https://drive.google.com/uc?id=1SfJPL6v4sNG0W0CON9xSZVrcW2bLzzKf,Spinach souffle,150.18,7.36,0,0,0,0,0,0,0,0,100 g,592,,,
680534f0d035d501d3d0fd51,https://drive.google.com/uc?id=1agAS4Kz3UDznzy6QOe3izqq3WN5uZqGG,Beetroot and egg salad (Chukandar aur ande ka salad),84.92,3.36,0,0,0,0,0,0,0,0,280 g,593,,,
680534f0d035d501d3d0fd52,https://drive.google.com/uc?id=171uBpcPQh207NP5MOFnzM1Py92qIi6S-,Sour cream potato salad,121.9,2.89,0,0,0,0,0,0,0,0,280 g,594,,,
680534f0d035d501d3d0fd53,https://drive.google.com/uc?id=1hWDnYII-_db3SQLiak4fNMHrfIdjl9YO,Tossed green salad,49.88,1.33,0,0,0,0,0,0,0,0,280 g,595,,,
680534f0d035d501d3d0fd54,https://drive.google.com/uc?id=1gCftfwYFah7llr4-CxgdDiPL7o6L0Lr3,Spring basket salad,160.46,3.36,0,0,0,0,0,0,0,0,280 g,596,,,
680534f0d035d501d3d0fd55,https://drive.google.com/uc?id=1lcKT6CfrfX5ijbV1e_f_-uYiYQixlR8P,Cucumber and yogurt salad (Kheere aur dahi ka salad),36.13,2.09,0,0,0,0,0,0,0,0,280 g,597,,,
680534f0d035d501d3d0fd56,https://drive.google.com/uc?id=1UtDVEqVfLR7T7ZT0XhVs10VnU7CYp1TI,Chicken and tomato towers,100.55,6.9,0,0,0,0,0,0,0,0,100 g,598,,,
680534f0d035d501d3d0fd57,https://drive.google.com/uc?id=1vIcyBDIVSXUb04m_Zl4ayQojcZjKfu67,Jellied sunshine fruit salad,48.86,5.85,0,0,0,0,0,0,0,0,280 g,599,,,
680534f0d035d501d3d0fd58,https://drive.google.com/uc?id=1oRqfyVjJe_91t56kuHtoQT0c0hFP4Bvh,Tomato aspic,50.37,6.87,0,0,0,0,0,0,0,0,100 g,600,,,
680534f0d035d501d3d0fd59,https://drive.google.com/uc?id=18bg7nmyYlKlDbrH6qHr49lJvt_Xnc3K8,Frozen frosty fruit salad (Phalon ka salaad),103.51,1.68,0,0,0,0,0,0,0,0,280 g,601,,,
680534f0d035d501d3d0fd5a,https://drive.google.com/uc?id=1w8bC0fT8qfV-7tJS4jjzJ1KlndA_lwz8,French dressing,733.77,0.32,0,0,0,0,0,0,0,0,100 g,602,,,
680534f0d035d501d3d0fd5b,https://drive.google.com/uc?id=1IOfYco1LSet-pOxhrZk8QdBedaRYajdI,Mayonnaise without eggs,329.05,2.13,0,0,0,0,0,0,0,0,100 g,603,,,
680534f0d035d501d3d0fd5c,https://drive.google.com/uc?id=1mhPgRVRL-KVAwpya0yeAsR2PW5cp90gT,Curd dressing,78.8,5.59,0,0,0,0,0,0,0,0,100 g,604,,,
680534f0d035d501d3d0fd5d,https://drive.google.com/uc?id=1iXWHEQ89ytHW58djZ0VuAavxQ158cYBy,Carrot raita (Gajar ka raita),64.78,4.14,0,0,0,0,0,0,0,0,100 g,605,,,
680534f0d035d501d3d0fd5e,https://drive.google.com/uc?id=1osdVhMhtZR9QJ4kaKM3CmnZIByKULRcl,Pumpkin raita (Kaddu ka raita),55.6,3.74,0,0,0,0,0,0,0,0,100 g,606,,,
680534f0d035d501d3d0fd5f,https://drive.google.com/uc?id=1cBhaczj42vYZkTp56aZAXx0pFxuxcmIb,Mint and peanut raita (Pudinay aur moongfali ka raita),112.05,7.05,0,0,0,0,0,0,0,0,100 g,607,,,
680534f0d035d501d3d0fd60,https://drive.google.com/uc?id=118lXO0lJDHyXeWbAmCVF6qSyJHF1B7UG,Spinach raita (Palak ka raita),52.75,3.95,0,0,0,0,0,0,0,0,100 g,608,,,
680534f0d035d501d3d0fd61,https://drive.google.com/uc?id=15NxCzIFP59g7tGhhaCoDi42beJ32bIf1,Bathua raita,54.4,4.13,0,0,0,0,0,0,0,0,100 g,609,,,
680534f0d035d501d3d0fd62,https://drive.google.com/uc?id=1MVhuOdMsogwVbI3t_Xe2-g0XQCYKJ8xn,Pineapple raita (Ananas ka raita),67.74,3.9,0,0,0,0,0,0,0,0,100 g,610,,,
680534f0d035d501d3d0fd63,https://drive.google.com/uc?id=15s0vbqiRZ0x8TQc4LLoQtUwgEQwocyad,Banana raita (Kele ka raita),89.03,4.13,0,0,0,0,0,0,0,0,100 g,611,,,
680534f0d035d501d3d0fd64,https://drive.google.com/uc?id=1WQUnRacKQx1cImw0ScrCvh8Se0V6Lpc9,Mango raita (Aam ka raita),67.37,3.9,0,0,0,0,0,0,0,0,100 g,612,,,
680534f0d035d501d3d0fd65,https://drive.google.com/uc?id=1G5sfseGGwHrO6ay3PrENyuixoPaaMGg4,Guava raita (Amarood ka raita),64.36,4.19,0,0,0,0,0,0,0,0,100 g,613,,,
680534f0d035d501d3d0fd66,https://drive.google.com/uc?id=1hzIoNK-ZUAduTzJEAgP-mDFozJIIIz6e,Grapes raita (Angoor ka raita),72.59,3.98,0,0,0,0,0,0,0,0,100 g,614,,,
680534f0d035d501d3d0fd67,https://drive.google.com/uc?id=1Jm5bQ_kL5aA6HKZWrq75UK5vqJyfbgpr,Bottle gourd kheer (Ghiya/Lauki kheer),84.07,2.7,0,0,0,0,0,0,0,0,100 g,615,,,
680534f0d035d501d3d0fd68,https://drive.google.com/uc?id=1PAocvPphCEg4QXLE9b1YJ6M7HdNpBfWd,Pumpkin kheer (Kaddu ki kheer),86.35,2.76,0,0,0,0,0,0,0,0,100 g,616,,,
680534f0d035d501d3d0fd69,https://drive.google.com/uc?id=1IewIH_NxLop-nUmZOO4jHS2hrLi10t9K,Apple kheer (Seb ki kheer),81.3,2.14,0,0,0,0,0,0,0,0,100 g,617,,,
680534f0d035d501d3d0fd6a,https://drive.google.com/uc?id=1WKdcoK-0XZEH20yko3Q1Grsezezg3gKX,Caramel custard (baked),122.7,5.11,0,0,0,0,0,0,0,0,100 g,618,,,
680534f0d035d501d3d0fd6b,https://drive.google.com/uc?id=11LlCCSt66yJaHyPa5Gj2pu8oNBMfptUX,Vanilla ice cream without egg,228.67,2.69,0,0,0,0,0,0,0,0,100 g,619,,,
680534f0d035d501d3d0fd6c,https://drive.google.com/uc?id=1DfZ8vNUgR_9OzR9nB-2oYvrW2iWsowEs,Vanilla ice cream with egg,214.85,4.16,0,0,0,0,0,0,0,0,100 g,620,,,
680534f0d035d501d3d0fd6d,https://drive.google.com/uc?id=1q82I5ayf5xpwfnj3VUsawNlp_UMGDgMi,Strawberry ice cream,215.61,4.15,0,0,0,0,0,0,0,0,100 g,621,,,
680534f0d035d501d3d0fd6e,https://drive.google.com/uc?id=1TNbN3qXEd5E7dMOE-1L8IrDv8K_boEf9,Chocochip ice cream,241.45,4.23,0,0,0,0,0,0,0,0,100 g,622,,,
680534f0d035d501d3d0fd6f,https://drive.google.com/uc?id=1UtE35n7Y07j4C1wi2HW-RuLRaMmyJYbe,Choconut ice cream,273.96,5.04,0,0,0,0,0,0,0,0,100 g,623,,,
680534f0d035d501d3d0fd70,https://drive.google.com/uc?id=1jOLdEcLtpQOdDHMf-PQ8CgN6WxTjnuSv,Pear chocholate sunday,183.49,2.08,0,0,0,0,0,0,0,0,100 g,624,,,
680534f0d035d501d3d0fd71,https://drive.google.com/uc?id=1wRfkhKFlYyuqPtjqRbe0ozPyhaknpiDj,Chocolate sauce,263.2,1.91,0,0,0,0,0,0,0,0,100 g,625,,,
680534f0d035d501d3d0fd72,https://drive.google.com/uc?id=1pSdZaIpestvm1-AXFOpTPwcWyDjahyNf,Coffee ice cream,150.62,3.15,0,0,0,0,0,0,0,0,200 ml,626,,,
680534f0d035d501d3d0fd73,https://drive.google.com/uc?id=1HzbMKXGLi4EUw96pX0hoAWEfvdC1yvT7,Coffee pear alaska,203.99,2.88,0,0,0,0,0,0,0,0,200 ml,627,,,
680534f0d035d501d3d0fd74,https://drive.google.com/uc?id=1-TQmQfljtcnT5bo81DZuk7RoGQyssBhY,Crunchy butterscotch,277.32,3.11,0,0,0,0,0,0,0,0,100 g,628,,,
680534f0d035d501d3d0fd75,https://drive.google.com/uc?id=1D7qC2ksfbnwH3GXYLkBcPnTWSRtTRzL7,Peach melba ice cream,200.85,2.06,0,0,0,0,0,0,0,0,100 g,629,,,
680534f0d035d501d3d0fd76,https://drive.google.com/uc?id=1wYqQArRGpZ6bnze_kuZUhlpbvGui0IaI,Vanilla ice cream with apples in hot cherry sauce,196.32,1.73,0,0,0,0,0,0,0,0,100 g,630,,,
680534f0d035d501d3d0fd77,https://drive.google.com/uc?id=1wyuzPskMx3mvGNXrYr6ugc-L2WJ59y-N,Grape and orange whip,57.39,1.41,0,0,0,0,0,0,0,0,100 g,631,,,
680534f0d035d501d3d0fd78,https://drive.google.com/uc?id=19TbimGOz3IzSEBCyq-bwf0uC7hO5LVAx,Honey banana cream,125.49,2.78,0,0,0,0,0,0,0,0,100 g,632,,,
680534f0d035d501d3d0fd79,https://drive.google.com/uc?id=1WtKcrRFPI6Sm8Z8l3PeKiJ9k92HA_NGP,Raspberry bavarian cream,150.1,3.34,0,0,0,0,0,0,0,0,100 g,633,,,
680534f0d035d501d3d0fd7a,https://drive.google.com/uc?id=1ST6pHbRDM_BOhrXIRy14CvTqgB2LOzCr,Fruit delight,107.09,2.09,0,0,0,0,0,0,0,0,100 g,634,,,
680534f0d035d501d3d0fd7b,https://drive.google.com/uc?id=1YP_OcaEjYvxpBu8aIjxjCaVRoK7NZVn5,Creamy chocolate mousse,230.52,6.85,0,0,0,0,0,0,0,0,100 g,635,,,
680534f0d035d501d3d0fd7c,https://drive.google.com/uc?id=1zgp__i67G6jVbOApEKYzy_edutuVLEOr,Cold lemon souffle,169.87,5.89,0,0,0,0,0,0,0,0,100 g,636,,,
680534f0d035d501d3d0fd7d,https://drive.google.com/uc?id=15VY220eIhErVKrBVwL9KBmLRbu5KvIMO,Cold orange souffle,173.19,5.94,0,0,0,0,0,0,0,0,100 g,637,,,
680534f0d035d501d3d0fd7e,https://drive.google.com/uc?id=1r4mnp9A8XL3DToEegg4z9TWjOMY3yEyz,Cold pineapple souffle,181.22,6.23,0,0,0,0,0,0,0,0,100 g,638,,,
680534f0d035d501d3d0fd7f,https://drive.google.com/uc?id=1uUbboJTaslOhk-CdxdUSJf4Y2JIWFGBM,Cold vanilla souffle,179.54,6.22,0,0,0,0,0,0,0,0,100 g,639,,,
680534f0d035d501d3d0fd80,https://drive.google.com/uc?id=1miPohCTui38Sxh35P_yiX-59YMyTRLEp,Cold chocolate souffle,187.53,6.37,0,0,0,0,0,0,0,0,100 g,640,,,
680534f0d035d501d3d0fd81,https://drive.google.com/uc?id=1X0-1SCTzERM6fBBzCYzKbwQxvo3p-KqS,Stewed fruit (with pear),74.32,0.25,0,0,0,0,0,0,0,0,100 g,641,,,
680534f0d035d501d3d0fd82,https://drive.google.com/uc?id=1muF5CO2vvPwElX96IVMloiinfFP-ztQ7,Apricot fool,240.79,1.54,0,0,0,0,0,0,0,0,100 g,642,,,
680534f0d035d501d3d0fd83,https://drive.google.com/uc?id=15JMr1njXtUjuMvWNqyhjhJ6HjZhc4WQ7,Pavlova,200.6,1.84,0,0,0,0,0,0,0,0,100 g,643,,,
680534f0d035d501d3d0fd84,https://drive.google.com/uc?id=1O75h2vCdgEfcY00JiS6TyjHzJJly9q00,Apple crumb pudding,220.85,1.54,0,0,0,0,0,0,0,0,100 g,644,,,
680534f0d035d501d3d0fd85,https://drive.google.com/uc?id=1_WZ0foE0BNmqKBcFaMyerJIx5F_ehz-N,Steamed cake with chocolate sauce,301.91,4.49,0,0,0,0,0,0,0,0,200 ml,645,,,
680534f0d035d501d3d0fd86,https://drive.google.com/uc?id=1ilVA7kvSxm7q5raHEdHFSnPwzLiF2BPB,Hot lemon souffle,155.25,5.29,0,0,0,0,0,0,0,0,100 g,646,,,
680534f0d035d501d3d0fd87,https://drive.google.com/uc?id=17MJLF6CEmnQCiihEjoVhLZB9zyE2F5nc,Gulab jamun with milk powder,471.15,0.85,0,0,0,0,0,0,0,0,100 g,647,,,
680534f0d035d501d3d0fd88,https://drive.google.com/uc?id=1Oyp-HvwIgdiNLhdZxH5ecmhYozVbioqR,Chum chum,130.05,1.52,0,0,0,0,0,0,0,0,100 g,648,,,
680534f0d035d501d3d0fd89,https://drive.google.com/uc?id=16Z2HMRSYMfttP3_gFeIPuUVvoQTuCkun,Dil bahar,130.05,1.52,0,0,0,0,0,0,0,0,100 g,649,,,
680534f0d035d501d3d0fd8a,https://drive.google.com/uc?id=1-H2LdqpCryJRdGZhIRuct1zqTNkPUabQ,Rasbhari,130.05,1.52,0,0,0,0,0,0,0,0,100 g,650,,,
680534f0d035d501d3d0fd8b,https://drive.google.com/uc?id=1cnb6X81T12-lbONyWXT2kCQ-xVD2huYV,Rajbogh,133.7,1.71,0,0,0,0,0,0,0,0,100 g,651,,,
680534f0d035d501d3d0fd8c,https://drive.google.com/uc?id=16Q4E-58tvaspiFSkrOJQv_TIhIEqFzlE,Rasgulla,118.64,1.38,0,0,0,0,0,0,0,0,100 g,652,,,
680534f0d035d501d3d0fd8d,https://drive.google.com/uc?id=1g8F3e2cUF318MYZGiEYVCHIdMr7GRcnn,Rasmalai,135.55,1.61,0,0,0,0,0,0,0,0,100 g,653,,,
680534f0d035d501d3d0fd8e,https://drive.google.com/uc?id=1iPmo_Eujals_B1stkYKFxx0lIR7ZzJKs,Khoa coconut burfi,411.45,9.98,0,0,0,0,0,0,0,0,100 g,654,,,
680534f0d035d501d3d0fd8f,https://drive.google.com/uc?id=1Ppi8YUczF6WMUrZ3L1wCW_fJ5fJlJnDL,Danedar burfi,102.68,3.24,0,0,0,0,0,0,0,0,100 g,655,,,
680534f0d035d501d3d0fd90,https://drive.google.com/uc?id=1h_Cjk-Tn5uknoMEPa0JfEWRNW1QavfEs,Semolina burfi (Suji/Rava burfi),348.67,3.47,0,0,0,0,0,0,0,0,100 g,656,,,
680534f0d035d501d3d0fd91,https://drive.google.com/uc?id=1bCCQOL4dymSIJzINIk3EYQE061eF-nBA,Pumpkin coconut burfi (Kaddu aur nariyal ki burfi),186.18,1.75,0,0,0,0,0,0,0,0,100 g,657,,,
680534f0d035d501d3d0fd92,https://drive.google.com/uc?id=1DkST-LmKM5mFkF6dpOLgVHm2pHkm5jtT,Khoa ladoo,396.02,12.21,0,0,0,0,0,0,0,0,100 g,658,,,
680534f0d035d501d3d0fd93,https://drive.google.com/uc?id=1aJ9fwm3j0EdIiVTSCHKdy-31sszsOuIi,Wheat and gram flour ladoo (Atta besan ladoo),501.7,9.38,0,0,0,0,0,0,0,0,100 g,659,,,
680534f0d035d501d3d0fd94,https://drive.google.com/uc?id=19M2kCwiyd5N5Q7HSAiFZRYpd10q5n66j,Semolina ladoo with nuts (Suji/Rava ladoo with nuts),441.84,5.44,0,0,0,0,0,0,0,0,100 g,660,,,
680534f0d035d501d3d0fd95,https://drive.google.com/uc?id=1oHheV_8xlYNAVakPC3zlDaqUlapGUGQt,Sesame chickpeas brittle (Til aur channe ki chikki),282.74,8.5,0,0,0,0,0,0,0,0,100 g,661,,,
680534f0d035d501d3d0fd96,https://drive.google.com/uc?id=1org_gJWa6Ze4zEUh0CRJ0iGtc4ihdSQ_,Murmura chikki,253.82,2.12,0,0,0,0,0,0,0,0,100 g,662,,,
680534f0d035d501d3d0fd97,https://drive.google.com/uc?id=1elP_KrcOV7DXQrFCyPfFNXK-g6ACh2F0,Masala onion pakora/pakoda (Pyaaz ke pakode),551.64,2.05,0,0,0,0,0,0,0,0,100 g,663,,,
680534f0d035d501d3d0fd98,https://drive.google.com/uc?id=1LRq1EFvbeEF98xiVoKz-l53551TmOcsw,Masala green chilli pakora/pakoda (Hari mirch kay pakode),668.76,2.22,0,0,0,0,0,0,0,0,100 g,664,,,
680534f0d035d501d3d0fd99,https://drive.google.com/uc?id=1DfWvdUVrgoaEfez3HZlgSoYPGBw0trxk,Chicken pakora/pakoda,590.09,6.03,0,0,0,0,0,0,0,0,100 g,665,,,
680534f0d035d501d3d0fd9a,https://drive.google.com/uc?id=1hqnlWKtDj65jhOA52UESk5m6i53B5otK,Fish pakora/pakoda,577.03,5.97,0,0,0,0,0,0,0,0,100 g,666,,,
680534f0d035d501d3d0fd9b,https://drive.google.com/uc?id=1-TYv7ZJrED6PrNY8u5SOSbSXcD3MyqC_,Paneer cutlet,672.2,4.59,0,0,0,0,0,0,0,0,100 g,667,,,
680534f0d035d501d3d0fd9c,https://drive.google.com/uc?id=1QEXcJeO052K30JTCu5BDRWXTHsFNZn_U,Sago cutlet/vadas (Sabudana cutlet/vadas),558.76,0.56,0,0,0,0,0,0,0,0,100 g,668,,,
680534f0d035d501d3d0fd9d,https://drive.google.com/uc?id=1c2ZPIs83gGxwBaMIV-NIbGSCyLhSVXll,Poshtik cutlet,496.45,2,0,0,0,0,0,0,0,0,100 g,669,,,
680534f0d035d501d3d0fd9e,https://drive.google.com/uc?id=1Pl-egf2dg_mEVfZAwiF2M6cp6EL17THS,Egg cutlet (Anda cutlet),575.02,2.45,0,0,0,0,0,0,0,0,100 g,670,,,
680534f0d035d501d3d0fd9f,https://drive.google.com/uc?id=1Ru9k1aOQGjvw1306kSXjooDchN7NkUnS,Minced meat cutlet,531.86,5.1,0,0,0,0,0,0,0,0,100 g,671,,,
680534f0d035d501d3d0fda0,https://drive.google.com/uc?id=1_swdlyy1Es8NYUifPWUr6UwV4UYYVDOT,Vegetable samosa,443.11,2.21,0,0,0,0,0,0,0,0,100 g,672,,,
680534f0d035d501d3d0fda1,https://drive.google.com/uc?id=1iHVVJvpSIj0feNS-kDASDY-pCdmKMDeQ,Plain urad dal vada (Uzunne vada/Minapa garelu/Ulundu vadai/Medu vada),745.5,4.39,0,0,0,0,0,0,0,0,100 g,673,,,
680534f0d035d501d3d0fda2,https://drive.google.com/uc?id=19P8w8t_NxuJHjmAc36u1Q8_0nLs3EetZ,Masala urad dal vada,703.78,4.32,0,0,0,0,0,0,0,0,100 g,674,,,
680534f0d035d501d3d0fda3,https://drive.google.com/uc?id=1xNj2uXTpEirH4KN3eRNOE8JbjOV42qge,Khaman (dhokla),54.73,1.92,0,0,0,0,0,0,0,0,100 g,675,,,
680534f0d035d501d3d0fda4,https://drive.google.com/uc?id=1TamZesTaPDNhudJ2y6nhKqvIjCHpn8kZ,Instant dhokla,207.11,7.66,0,0,0,0,0,0,0,0,100 g,676,,,
680534f0d035d501d3d0fda5,https://drive.google.com/uc?id=1QO06X7AQi801lqNtXqFisO-lHV320mTb,Tomato ginger chutney (Tamatar adarak ki chutney),44.66,1.05,0,0,0,0,0,0,0,0,100 g,677,,,
680534f0d035d501d3d0fda6,https://drive.google.com/uc?id=1VR1IGZEAkfTa1u-BFaekXSSFsk-JjcG-,Mint tomato chutney (Pudinay aur tamatar ki chutney),43.65,1.53,0,0,0,0,0,0,0,0,100 g,678,,,
680534f0d035d501d3d0fda7,https://drive.google.com/uc?id=1IyEfjp_86izUYtmoXBSiT9xQWuL_uSBN,Coriander chutney (Hare dhaniye ki chutney),42.86,1.38,0,0,0,0,0,0,0,0,100 g,679,,,
680534f0d035d501d3d0fda8,https://drive.google.com/uc?id=1BmkiaGRnjelGas2x3O-vlMbvEjIH5AlZ,Gooseberry chutney (Amla chutney),43.02,1.44,0,0,0,0,0,0,0,0,100 g,680,,,
680534f0d035d501d3d0fda9,https://drive.google.com/uc?id=1192m7qy-DC120IL-Z-gERa96Ezi3g5x2,Walnut chutney (Akhrot ki chutney),370.43,9.44,0,0,0,0,0,0,0,0,100 g,681,,,
680534f0d035d501d3d0fdaa,https://drive.google.com/uc?id=1FvGdmApQHzQw2aIhiw0vUcd1Noz55EWf,Saunth/Sonth chutney with ginger,84.22,0.28,0,0,0,0,0,0,0,0,100 g,682,,,
680534f0d035d501d3d0fdab,https://drive.google.com/uc?id=1KMDe3QWg9tQCJyBK0cFZ9vF7jFlveoyF,Gun powder chutney,312.34,21.55,0,0,0,0,0,0,0,0,100 g,683,,,
680534f0d035d501d3d0fdac,https://drive.google.com/uc?id=1K2PT4YJbpMjsVLHmk9i4as9YSJmL91Ql,Dessicated coconut chutney (Sookhe kase nariyal ki chutney),346.36,12.88,0,0,0,0,0,0,0,0,100 g,684,,,
680534f0d035d501d3d0fdad,https://drive.google.com/uc?id=1gkYyr-LfJ0rQDjZlHqziiEqtcpVtN3Mr,Curd mint dip,76.13,4.82,0,0,0,0,0,0,0,0,100 g,685,,,
680534f0d035d501d3d0fdae,https://drive.google.com/uc?id=1P0rzUh6wWFBdv2KteKIR6sG_epByNWQq,Curd vegetable dip,56.21,3.88,0,0,0,0,0,0,0,0,100 g,686,,,
680534f0d035d501d3d0fdaf,https://drive.google.com/uc?id=15gGrv-HnkXme43goUsWIxmzUH-31oiWh,Mayonnaise vegetable dip,241.27,3.01,0,0,0,0,0,0,0,0,100 g,687,,,
680534f0d035d501d3d0fdb0,https://drive.google.com/uc?id=1fgMLEo1ED9FQFtVYPvVRjnbl6hizI42S,Tomato and cucumber sandwich (Tamatar aur kheere ka sandwich),150.68,4.03,0,0,0,0,0,0,0,0,100 g,688,,,
680534f0d035d501d3d0fdb1,https://drive.google.com/uc?id=1T7Ub9x9Ao5RF1k3bTdB95-0EIlQDZ4bu,Tomato sandwich (grilled),189.92,6.26,0,0,0,0,0,0,0,0,100 g,689,,,
680534f0d035d501d3d0fdb2,https://drive.google.com/uc?id=15HsZw7DJAK-W5LOa28zgB7HDL1E75N0S,French sandwich (toasted),186.75,6.82,0,0,0,0,0,0,0,0,100 g,690,,,
680534f0d035d501d3d0fdb3,https://drive.google.com/uc?id=19E27KSd1Jn35ueVn7GngZvZkJAiZCep1,Peanut butter cucumber sandwich,243.33,9.04,0,0,0,0,0,0,0,0,100 g,691,,,
680534f0d035d501d3d0fdb4,https://drive.google.com/uc?id=1DhmnYsFClNC6hIQcUJPeN9jyvTspP_0W,Mint and peanut sandwich,273.59,7.18,0,0,0,0,0,0,0,0,100 g,692,,,
680534f0d035d501d3d0fdb5,https://drive.google.com/uc?id=1Cpmf29AVesjhGGkuZZ0K-0bBdB0-myAF,Spicy chutney sandwich,249.58,8.74,0,0,0,0,0,0,0,0,100 g,693,,,
680534f0d035d501d3d0fdb6,https://drive.google.com/uc?id=1jReUv2pXj11khP0Xd7XR1nUXZPzjXqEg,Chicken walnut sandwich (Chicken aur akhrot ke sandwich),285.78,12.58,0,0,0,0,0,0,0,0,100 g,694,,,
680534f0d035d501d3d0fdb7,https://drive.google.com/uc?id=1cyl86LxmQnQjFiLVLzxDg5vr-Egv_v12,Rolled sandwich,293.07,6.45,0,0,0,0,0,0,0,0,100 g,695,,,
680534f0d035d501d3d0fdb8,https://drive.google.com/uc?id=1s1HklxGMMDqjUaye3k8NkiGy6AK3Yk9t,Ribbon sandwich,239.26,6.26,0,0,0,0,0,0,0,0,100 g,696,,,
680534f0d035d501d3d0fdb9,https://drive.google.com/uc?id=1IGv-jE-EWr2jbhgDq7j84DdzIdNmgluB,Checker board sandwich,348.37,7.37,0,0,0,0,0,0,0,0,100 g,697,,,
680534f0d035d501d3d0fdba,https://drive.google.com/uc?id=1SkDKPJ145qA58lrp4rS2JHH3Lf-h33ly,Submarine sandwich,216.92,6.09,0,0,0,0,0,0,0,0,100 g,698,,,
680534f0d035d501d3d0fdbb,https://drive.google.com/uc?id=1UpyHREFvgC8zBPxuT7PjvEJoPzSRjbYR,Cheese open sandwich,274.07,9.84,0,0,0,0,0,0,0,0,100 g,699,,,
680534f0d035d501d3d0fdbc,https://drive.google.com/uc?id=14cyoOrua2dBSCiWqy3ChPoBThE_LRn7c,Sunset and sunrise open sandwich,241.31,8.58,0,0,0,0,0,0,0,0,100 g,700,,,
680534f0d035d501d3d0fdbd,https://drive.google.com/uc?id=1dqlWNFTINFAqkfoPihTnsFtkJttOEZdd,Danish luncheon sandwich,193.82,9.03,0,0,0,0,0,0,0,0,100 g,701,,,
680534f0d035d501d3d0fdbe,https://drive.google.com/uc?id=1ca6f9cAj3gJGBYzbMsAWXxHw6Cz4w7mF,Chicken and corn open sandwich,188.16,8.63,0,0,0,0,0,0,0,0,100 g,702,,,
680534f0d035d501d3d0fdbf,https://drive.google.com/uc?id=1xWwaS0KYTU-Th-c7bcNrBBQlFdGnvn_o,Chocolate sponge cake,239.86,9.13,0,0,0,0,0,0,0,0,100 g,703,,,
680534f0d035d501d3d0fdc0,https://drive.google.com/uc?id=1F9Lgn6YilKw9Ak1VMyMRziBCpdfecEle,Chocolate swiss roll,306.08,6.01,0,0,0,0,0,0,0,0,100 g,704,,,
680534f0d035d501d3d0fdc1,https://drive.google.com/uc?id=1Ya2u-9l6qiHsq7uTfDmCHdzt4V33YIqN,Lemon curd filling,225.62,3.43,0,0,0,0,0,0,0,0,100 g,705,,,
680534f0d035d501d3d0fdc2,https://drive.google.com/uc?id=1pig8nYtpM8iwBqVACeoCitrxzHBTDs7n,Jam filling,184.62,0,0,0,0,0,0,0,0,0,100 g,706,,,
680534f0d035d501d3d0fdc3,https://drive.google.com/uc?id=15jTO-5uMqDCiK86lIesVjANMBbjGI-J3,Chocolate pastry,243.37,7.05,0,0,0,0,0,0,0,0,100 g,707,,,
680534f0d035d501d3d0fdc4,https://drive.google.com/uc?id=1nxYPmVxYEOdiLaXFqiVjY1f7GTjkiSnG,Assorted pastry,230.74,6.78,0,0,0,0,0,0,0,0,100 g,708,,,
680534f0d035d501d3d0fdc5,https://drive.google.com/uc?id=1BO8R2ovOh1Dd1EWQfKSnzsPHf-RWALIY,Orange gateau,178.05,4.78,0,0,0,0,0,0,0,0,200 ml,709,,,
680534f0d035d501d3d0fdc6,https://drive.google.com/uc?id=1is7fuiWwl69drD5R1NsxYV-gw9Bs5CZV,Black forest gateau,217.82,5.94,0,0,0,0,0,0,0,0,200 ml,710,,,
680534f0d035d501d3d0fdc7,https://drive.google.com/uc?id=17h_eUjRjC4IAKZVl6ubhp-y3go2bG0Mz,Lemon cake,373.85,5.29,0,0,0,0,0,0,0,0,100 g,711,,,
680534f0d035d501d3d0fdc8,https://drive.google.com/uc?id=1d4CiOheQ4gD3BZTMXmMC5rlCEtyfjF3Y,Dundee cake,396.62,7.78,0,0,0,0,0,0,0,0,100 g,712,,,
680534f0d035d501d3d0fdc9,https://drive.google.com/uc?id=1VPXEPj462OJWTVHIK4DScibCVy50TehU,Victorian sandwich cake,373.09,5.18,0,0,0,0,0,0,0,0,100 g,713,,,
680534f0d035d501d3d0fdca,https://drive.google.com/uc?id=16v_lhpCcR_imqKmJWOfa11Ay6F5DKETf,Chocolate eggless cake,312.01,6.66,0,0,0,0,0,0,0,0,100 g,714,,,
680534f0d035d501d3d0fdcb,https://drive.google.com/uc?id=1mdNHXuHOqabjiI2tbLRKdjHGTZuLLvPd,Orange eggless cake,355.62,7.16,0,0,0,0,0,0,0,0,100 g,715,,,
680534f0d035d501d3d0fdcc,https://drive.google.com/uc?id=1Sty-lMLdxeT1jmODmIjZa0Ky8cWo1KWK,Chocolate glace icing,436.29,3.22,0,0,0,0,0,0,0,0,100 g,716,,,
680534f0d035d501d3d0fdcd,https://drive.google.com/uc?id=1NxGgR_BKgphIy4j1uU-_MZrnE_AvHleE,Butter icing,500.72,0.19,0,0,0,0,0,0,0,0,100 g,717,,,
680534f0d035d501d3d0fdce,https://drive.google.com/uc?id=1J_4Oju5cpszSyx96lIixbLxBuhJUnT85,Chocolate butter icing,469.59,3.21,0,0,0,0,0,0,0,0,100 g,718,,,
680534f0d035d501d3d0fdcf,https://drive.google.com/uc?id=1XKKpFjO4JLqveZV7KOzAmdxa6tAZO55y,Almond biscuit (Badam ke biscuit),407.74,6.25,0,0,0,0,0,0,0,0,100 g,719,,,
680534f0d035d501d3d0fdd0,https://drive.google.com/uc?id=12prWgSWGZg6P85FeHL7j6a1BI8zFzQUk,Orange biscuit,354.78,3.63,0,0,0,0,0,0,0,0,100 g,720,,,
680534f0d035d501d3d0fdd1,https://drive.google.com/uc?id=1cdg_83pjOpXKoGyIbyOhQA09u1SaEH32,Gingerman biscuit,357.43,6.26,0,0,0,0,0,0,0,0,100 g,721,,,
680534f0d035d501d3d0fdd2,https://drive.google.com/uc?id=1NefIe9SWkWzNa1TaEZD7XoxPJA0EfPzD,Coffee drops,443.07,7.57,0,0,0,0,0,0,0,0,200 ml,722,,,
680534f0d035d501d3d0fdd3,https://drive.google.com/uc?id=15l5U6Vygtespt2v4CVaxLRwtbnaqtCBT,Christmas biscuit,406.07,5.67,0,0,0,0,0,0,0,0,100 g,723,,,
680534f0d035d501d3d0fdd4,https://drive.google.com/uc?id=1Gk84iPVLPEQ9FQTTe2UizX8lk3fuC8IE,Christmas wreath biscuit,386.05,5.43,0,0,0,0,0,0,0,0,100 g,724,,,
680534f0d035d501d3d0fdd5,https://drive.google.com/uc?id=1wpsQLnHrAmVyOBPSwLtoBUuagNKt3uVb,Christmas bell biscuit,404.85,5.66,0,0,0,0,0,0,0,0,100 g,725,,,
680534f0d035d501d3d0fdd6,https://drive.google.com/uc?id=1EobbMJdCqdfzUy5Dg_Au7EcTn-0KqXj9,Christmas star biscuit,392.03,3.54,0,0,0,0,0,0,0,0,100 g,726,,,
680534f0d035d501d3d0fdd7,https://drive.google.com/uc?id=12kEn9vuOVzDXp1m9WexPbFPsjH9ZoFrX,Christmas tree biscuit,385.63,5.43,0,0,0,0,0,0,0,0,100 g,727,,,
680534f0d035d501d3d0fdd8,https://drive.google.com/uc?id=1M0C9lZBmp10U89SGxmASzbXqC5omSvfL,Chocolate cream shells,427.17,5.1,0,0,0,0,0,0,0,0,100 g,728,,,
680534f0d035d501d3d0fdd9,https://drive.google.com/uc?id=1n2nnwLxwSg7RDL0C2oNdoskuoSXLU8Jy,Jelly biscuit,404.61,4.23,0,0,0,0,0,0,0,0,100 g,729,,,
680534f0d035d501d3d0fdda,https://drive.google.com/uc?id=11SjA2vkHmx4Kpr7wgED5DAfYnJEXNSOy,Cherry and walnut cookies,422.6,5.63,0,0,0,0,0,0,0,0,100 g,730,,,
680534f0d035d501d3d0fddb,https://drive.google.com/uc?id=1v8tlky50Rq5hUABONxgYvaVPNUtaBWmg,Cheese straws,382,9.83,0,0,0,0,0,0,0,0,100 g,731,,,
680534f0d035d501d3d0fddc,https://drive.google.com/uc?id=18ieqeiI-FDi_mHyrFxv00DVEF3X4Zbe6,Butterfly biscuit,341.45,9.98,0,0,0,0,0,0,0,0,100 g,732,,,
680534f0d035d501d3d0fddd,https://drive.google.com/uc?id=10PIIyAhh77D-ZcJDzEvX-aZ9Caxu66cJ,Flan pastry,445.8,6.72,0,0,0,0,0,0,0,0,100 g,733,,,
680534f0d035d501d3d0fdde,https://drive.google.com/uc?id=1AVMvY4PJhoojM39zTdxm-60PSL3Wj_zA,Fruit flan,261.35,3.3,0,0,0,0,0,0,0,0,100 g,734,,,
680534f0d035d501d3d0fddf,https://drive.google.com/uc?id=1KT3n5x0RqS6QQceUEgK7PyljPkpvCG4l,Orange cream flan,280.28,4.73,0,0,0,0,0,0,0,0,100 g,735,,,
680534f0d035d501d3d0fde0,https://drive.google.com/uc?id=1ZpL1JUpr3aC51cLx9qoSeUIkx2hmQf0W,Fruit puree tart,286.5,3.35,0,0,0,0,0,0,0,0,100 g,736,,,
680534f0d035d501d3d0fde1,https://drive.google.com/uc?id=1_XKJ0kSob4Xm_OzrySIlA4lfBjAq6Uyy,Apple banana pie,243.99,3.13,0,0,0,0,0,0,0,0,100 g,737,,,
680534f0d035d501d3d0fde2,https://drive.google.com/uc?id=1FDXewUmN2ZnVeqwcJi1MQuNmFTcUAwGq,Lemon chiffon pie,259.31,4.88,0,0,0,0,0,0,0,0,100 g,738,,,
680534f0d035d501d3d0fde3,https://drive.google.com/uc?id=1jUqzcp7puLCF8MBMBeb_trozqtThM0SK,Orange chiffon pie,207.57,3.89,0,0,0,0,0,0,0,0,100 g,739,,,
680534f0d035d501d3d0fde4,https://drive.google.com/uc?id=1I4KRfXSYefp1dpdp8iMu7mPoZbasr2EC,Cream buns,215.74,4.45,0,0,0,0,0,0,0,0,100 g,740,,,
680534f0d035d501d3d0fde5,https://drive.google.com/uc?id=1n-yiEzgifG-Wi4qsKMs_56b7JUNeKf9Y,Savoury puffs,190.79,9.51,0,0,0,0,0,0,0,0,100 g,741,,,
680534f0d035d501d3d0fde6,https://drive.google.com/uc?id=1dCIcufInWkpzMyyy5Aozlo3GqrjQ1zLT,Choux swans,216.34,4.35,0,0,0,0,0,0,0,0,100 g,742,,,
680534f0d035d501d3d0fde7,https://drive.google.com/uc?id=1PeXj8MOeb8woP0zg02AZUjfaJaUsVYJO,Potato aigrettes,530.03,2.35,0,0,0,0,0,0,0,0,100 g,743,,,
680534f0d035d501d3d0fde8,https://drive.google.com/uc?id=15nLY5i-khxv6ZNf44Rz23zgFAC0kH9dI,Cream horns,408.23,3.42,0,0,0,0,0,0,0,0,100 g,744,,,
680534f0d035d501d3d0fde9,https://drive.google.com/uc?id=1dVEqh57t9p0EKtYjPdMq3clFDhbnSZoX,Savoury cheese horns,295.15,5.66,0,0,0,0,0,0,0,0,100 g,745,,,
680534f0d035d501d3d0fdea,https://drive.google.com/uc?id=10weUGIhXQdTvB3FcufzN9kW6d0vm8eeV,Paneer patties,338.58,7.6,0,0,0,0,0,0,0,0,100 g,746,,,
680534f0d035d501d3d0fdeb,https://drive.google.com/uc?id=1xyFfwOTpYZl8Um9q9QE_r4m2QpcjWZHp,Vegetable patties,261.92,4.01,0,0,0,0,0,0,0,0,100 g,747,,,
680534f0d035d501d3d0fdec,https://drive.google.com/uc?id=1RuFrQNFS5GdWzQRYSsuhqanxDXsHlmvm,Pearl millet infant food (Bajra shishu aahaar),362.44,11.98,0,0,0,0,0,0,0,0,100 g,748,,,
680534f0d035d501d3d0fded,https://drive.google.com/uc?id=1yer12A5g_DkL8uWY3zQcZROyfQSlY1aK,Sajina,345.26,10.81,0,0,0,0,0,0,0,0,100 g,749,,,
680534f0d035d501d3d0fdee,https://drive.google.com/uc?id=13fZsTSnO2iv4b0_LG1uHRKymAdvnfWf5,Cereal mix,120.81,3.32,0,0,0,0,0,0,0,0,100 g,750,,,
680534f0d035d501d3d0fdef,https://drive.google.com/uc?id=1f9eN1n2AHm2wE4CXqpbxQdFQtzTvT-_F,Pulse mix,83.29,3.16,0,0,0,0,0,0,0,0,100 g,751,,,
680534f0d035d501d3d0fdf0,https://drive.google.com/uc?id=1r5hz9C8rjOZUYUMMkqSzZPEO2XeF8iJm,Shishu ahar,93.37,2.61,0,0,0,0,0,0,0,0,100 g,752,,,
680534f0d035d501d3d0fdf1,https://drive.google.com/uc?id=1f0lj2AzsXEUhEbM4uaQxUGotAPQ8D5bu,Cereal pulse mix with amylase rice flour,151.57,4.27,0,0,0,0,0,0,0,0,100 g,753,,,
680534f0d035d501d3d0fdf2,https://drive.google.com/uc?id=1hmAH_ikiOgMNoBGcvMbjI2MrWd3lVDVr,Banana groundnut paste/puree,213.19,4.27,0,0,0,0,0,0,0,0,100 g,754,,,
680534f0d035d501d3d0fdf3,https://drive.google.com/uc?id=1JBDEUBXaotOCec5jSG9ort7vpxf_mxP_,Rice dal porridge (Chawal dal ki khichdi/khichri),383.33,10.8,0,0,0,0,0,0,0,0,100 g,755,,,
680534f0d035d501d3d0fdf4,https://drive.google.com/uc?id=1bPWmv7ghHNXRTsYjQLse6u1tXgkc7VQG,Lentils and semolina porridge (Dal suji porridge/daliya),117.29,3.26,0,0,0,0,0,0,0,0,100 g,756,,,
680534f0d035d501d3d0fdf5,https://drive.google.com/uc?id=1e8aKBAcNTJaGfBd-EfvsMGgeMGDUxVzn,Spinach khichri (Palak khichri/khichdi),102.18,3.43,0,0,0,0,0,0,0,0,100 g,757,,,
680534f0d035d501d3d0fdf6,https://drive.google.com/uc?id=1NvnGMvxdrmrwmbGAerego5CCUFeXSOf6,Vegetable mix,174.21,4.7,0,0,0,0,0,0,0,0,100 g,758,,,
680534f0d035d501d3d0fdf7,https://drive.google.com/uc?id=10XPC1sS_uBOZfL8MemP8pE7YYSp45G8J,Lentils and wheat porridge (Dal wheat porridge/daliya ),52.54,2.71,0,0,0,0,0,0,0,0,100 g,759,,,
680534f0d035d501d3d0fdf8,https://drive.google.com/uc?id=1cCTSVtrC6eJ9Q-0HmTXj5x5EKUxz4MJM,Maize porridge,89.57,2.14,0,0,0,0,0,0,0,0,100 g,760,,,
680534f0d035d501d3d0fdf9,https://drive.google.com/uc?id=1VDzeGJKVfzIK28Sy71a2xi43kbyXh18l,Spinach peanut burfi (Palak aur mungfali ki burfi),105.37,3.36,0,0,0,0,0,0,0,0,100 g,761,,,
680534f0d035d501d3d0fdfa,https://drive.google.com/uc?id=1k_Ajz_4bSuo0lIK3fLhPhRtpdD7G63Rc,Split bengal gram burfi/fudge (Channa dal burfi),287.36,4.65,0,0,0,0,0,0,0,0,100 g,762,,,
680534f0d035d501d3d0fdfb,https://drive.google.com/uc?id=1jrLZG6LtMqK7v4KAOLOmxHIOdSSAhx6g,Chickpea flour cookies (Sweet besan rounds/cookies),207.01,4.29,0,0,0,0,0,0,0,0,100 g,763,,,
680534f0d035d501d3d0fdfc,https://drive.google.com/uc?id=1V3FzJIX5zenclSj09VDq43YnmXystoo6,Pearl millet mathri (Bajra mathri),785.08,1.82,0,0,0,0,0,0,0,0,100 g,764,,,
680534f0d035d501d3d0fdfd,https://drive.google.com/uc?id=12n2nLxqwAuGJS10y_BAo7V8qW4Xv9lt6,Sesame biscuit (Til ke biscuit),424.03,8.27,0,0,0,0,0,0,0,0,100 g,765,,,
680534f0d035d501d3d0fdfe,https://drive.google.com/uc?id=1nrB8IGTe1-A3rqpdtP57aFAGZbhau3G3,Fermented bengal gram vada (Khameerikrit/Ufna hua channa dal ka vada),657.57,4.05,0,0,0,0,0,0,0,0,100 g,766,,,
680534f0d035d501d3d0fdff,https://drive.google.com/uc?id=1bpdQw-gYhNelGIyRGEsXHGtOitdvoFXX,Poshtik namak paras,613.39,6.49,0,0,0,0,0,0,0,0,100 g,767,,,
680534f0d035d501d3d0fe00,https://drive.google.com/uc?id=1KY9p2oP1keI37Use_CbFNjLmBC6NRF5Q,Soya chikki,423.7,7.18,0,0,0,0,0,0,0,0,100 g,768,,,
680534f0d035d501d3d0fe01,https://drive.google.com/uc?id=1iXhuYFmjjpOJOvAkQwnarZEUHhFXajtC,Besan bathua chilla/cheela,373.82,11.48,0,0,0,0,0,0,0,0,100 g,769,,,
680534f0d035d501d3d0fe02,https://drive.google.com/uc?id=15HWNpvd39e_niTKsmo2j05RAkspxcYrk,Wheat flour and nuts ladoos (Atta nuts ladoos),391.9,9.46,0,0,0,0,0,0,0,0,100 g,770,,,
680534f0d035d501d3d0fe03,https://drive.google.com/uc?id=105g2zXK2xlSnFEbHQeaOhFGph_wJamkt,Gram flour and semolina dhokla (Besan suji dhokla),198.91,8.52,0,0,0,0,0,0,0,0,100 g,771,,,
680534f0d035d501d3d0fe04,https://drive.google.com/uc?id=1AeHtHQ62JgnStbINWkEVz5ADY1ZzbJXu,Atta dal burfi,298.8,6.66,0,0,0,0,0,0,0,0,100 g,772,,,
680534f0d035d501d3d0fe05,https://drive.google.com/uc?id=1bcy3cjqAVgPKCz2EBCN4-7qBzbpXFfO7,Soya roti,283.96,9.18,0,0,0,0,0,0,0,0,100 g,773,,,
680534f0d035d501d3d0fe06,https://drive.google.com/uc?id=1TNsyFwag4f25eqV_0axRMY9JQubf4D2k,Poshtik khichdi/khichri,93.37,3.04,0,0,0,0,0,0,0,0,100 g,774,,,
680534f0d035d501d3d0fe07,https://drive.google.com/uc?id=17EocUOWlLVdWVd27yqEkkumFS-9gBY3k,Namkeen daliya,295.11,8.29,0,0,0,0,0,0,0,0,100 g,775,,,
680534f0d035d501d3d0fe08,https://drive.google.com/uc?id=1khbi2cpYPFT2m3TQ6l1o56MvOzYCuSWM,Sprouts upma,316.25,9.5,0,0,0,0,0,0,0,0,100 g,776,,,
680534f0d035d501d3d0fe09,https://drive.google.com/uc?id=18i2GkT20NixI-5P1wx1ibvsFJt3ziIY2,Semolina idli (Suji/Rava idli),206.39,9.34,0,0,0,0,0,0,0,0,100 g,777,,,
680534f0d035d501d3d0fe0a,https://drive.google.com/uc?id=19AfaLyh7rdtgUVRj8Fu7T5hmfs4xBUXz,Poshtik chilla/cheela,159.53,4.85,0,0,0,0,0,0,0,0,100 g,778,,,
680534f0d035d501d3d0fe0b,https://drive.google.com/uc?id=1h3CReSZZb3J5Tkey9688LQdOrq3Th533,Stuffed bittergourd (dry) (Bharwa karela),217.65,1.29,0,0,0,0,0,0,0,0,100 g,779,,,
680534f0d035d501d3d0fe0c,https://drive.google.com/uc?id=140yzvgAvGEWF0AGcZF9ROZrfF0S7cvEE,Cauliflower potato canjee,16.79,0.57,0,0,0,0,0,0,0,0,100 g,780,,,
680534f0d035d501d3d0fe0d,https://drive.google.com/uc?id=1VN3i8FrNDXhHMLib1UpeJIEfE6Mdx3ML,Creamed spinach,96.91,5.18,0,0,0,0,0,0,0,0,100 g,781,,,
680534f0d035d501d3d0fe0e,https://drive.google.com/uc?id=1fHWi6mNV_SKBkXh-OfIl3NB-j1Fp6p0F,Mango milkshake with ice cream (Aam milkshake ice cream ke saath),68.35,1.93,0,0,0,0,0,0,0,0,100 g,782,,,
680534f0d035d501d3d0fe0f,https://drive.google.com/uc?id=1yoF12QqB7B6TqxFbIUG5pROQqmklTrWF,Pineapple milkshake with ice cream (Ananas milkshake ice cream ke saath),68.49,1.93,0,0,0,0,0,0,0,0,100 g,783,,,
680534f0d035d501d3d0fe10,https://drive.google.com/uc?id=14mePAEJRNF9mWLg3SrSy9IaMkHn93T4c,Orange milkshake with ice cream (Narangi milkshake ice cream ke saath),67.82,1.95,0,0,0,0,0,0,0,0,100 g,784,,,
680534f0d035d501d3d0fe11,https://drive.google.com/uc?id=1xBmHAxBDrqDCC3Fs8wMqFBO-bAiDr3WL,Woodapple juice (Bel ka sharbat),34.18,0.63,0,0,0,0,0,0,0,0,100 g,785,,,
680534f0d035d501d3d0fe12,https://drive.google.com/uc?id=1bKTU2O35JefodhViGLDE9exKqUfEp1vU,Sattu drink,23.38,0.56,0,0,0,0,0,0,0,0,100 g,786,,,
680534f0d035d501d3d0fe13,https://drive.google.com/uc?id=1Sqhws4N2jKPI8iD8nYLQZ68_iUcEm-Gy,Apple and honey sorbet (Seb aur shehad ka sharbat),121.3,0.15,0,0,0,0,0,0,0,0,100 g,787,,,
680534f0d035d501d3d0fe14,https://drive.google.com/uc?id=1t9hiJUv4d7KcIyfX1QkGeagyWW-6xPV1,Thandai,101.18,3.59,0,0,0,0,0,0,0,0,100 g,788,,,
680534f0d035d501d3d0fe15,https://drive.google.com/uc?id=1Bl5DQwk2zQr-Umo1w2OU69PKUeQUdp3a,Cucumber sharbat (Kheere ka sharbat),27.28,0.26,0,0,0,0,0,0,0,0,100 g,789,,,
680534f0d035d501d3d0fe16,https://drive.google.com/uc?id=1x6nxQ-slQCXNTQXsI-JwtrAIYQzngXSa,Apple oats chia seed smoothie,85.64,3.49,0,0,0,0,0,0,0,0,100 g,790,,,
680534f0d035d501d3d0fe17,https://drive.google.com/uc?id=1ZvquR0B-Vnaxp2QM3ibxF1NXGI48nn1x,Nannari sharbat,88.79,0.01,0,0,0,0,0,0,0,0,100 g,791,,,
680534f0d035d501d3d0fe18,https://drive.google.com/uc?id=1nfWR5Le0_1nE8eJGhKKdn-fMQCJneP0J,Semolina milk drink (Thari kanji),44.16,0.98,0,0,0,0,0,0,0,0,100 g,792,,,
680534f0d035d501d3d0fe19,https://drive.google.com/uc?id=1QpGkSfUgeebJQEIbLNSIAtcFnQSDODTR,Saffron milk (Kesariya doodh),102.18,3.17,0,0,0,0,0,0,0,0,100 g,793,,,
680534f0d035d501d3d0fe1a,https://drive.google.com/uc?id=1CnEuOhrAx47PnSABmzjrAweRhK-Ib1eg,Black rice kheer (Chak-hao kheer),147.94,4.37,0,0,0,0,0,0,0,0,100 g,794,,,
680534f0d035d501d3d0fe1b,https://drive.google.com/uc?id=1weMhlVkCi_EPbWb4L8sI3E0j7QL38x1t,Coconut kheer (Nariyal ki kheer),162.61,3.4,0,0,0,0,0,0,0,0,100 g,795,,,
680534f0d035d501d3d0fe1c,https://drive.google.com/uc?id=1xCn4jPwF6JBcc_9GTleVyCAYbvZ1v9gZ,Apple sago payasam (Seb aur sabudana ki kheer),136.5,3.13,0,0,0,0,0,0,0,0,100 g,796,,,
680534f0d035d501d3d0fe1d,https://drive.google.com/uc?id=1QSs3519Jyzr7SY3mCRmg7cSKKnm2wJNr,Kesari bath,244.57,2.4,0,0,0,0,0,0,0,0,100 g,797,,,
680534f0d035d501d3d0fe1e,https://drive.google.com/uc?id=1rllS_EqhovClg2qIUemRBwNpKhnP0HYs,Putharekulu,318.3,3.66,0,0,0,0,0,0,0,0,100 g,798,,,
680534f0d035d501d3d0fe1f,https://drive.google.com/uc?id=1oc3_nmymS_8jOqonct2u3llDr_oySnjB,Mango malpua,334.64,1.65,0,0,0,0,0,0,0,0,100 g,799,,,
680534f0d035d501d3d0fe20,https://drive.google.com/uc?id=1bJCFNNTBzWvc6UPFo9oNXi2czOuCIap1,Mango vanilla custard,147.63,3.43,0,0,0,0,0,0,0,0,100 g,800,,,
680534f0d035d501d3d0fe21,https://drive.google.com/uc?id=1TogN-dUBQjZBsAJoGWfMj7Ag5UoaArMF,Kiwi granola pudding,280.99,5.6,0,0,0,0,0,0,0,0,100 g,801,,,
680534f0d035d501d3d0fe22,https://drive.google.com/uc?id=1xAZ9JeaxJk_3AEF9Gie-2P_ZS-8KsFS6,Oats burfi,425.19,8.89,0,0,0,0,0,0,0,0,100 g,802,,,
680534f0d035d501d3d0fe23,https://drive.google.com/uc?id=1B12xoPSBb12-ba9SAx4qo1g-2y42CHKa,Lotus seed halwa (Kamal gattay ka halwa),370.55,7.79,0,0,0,0,0,0,0,0,100 g,803,,,
680534f0d035d501d3d0fe24,https://drive.google.com/uc?id=1YUIHuqVrWtU9w-N2P7D6lmXMeVeo8zmZ,Amaranth ladoo (Rajgira ladoo),454.15,10.12,0,0,0,0,0,0,0,0,100 g,804,,,
680534f0d035d501d3d0fe25,https://drive.google.com/uc?id=16uThxBL3Uc-O9gUUpDPxLNidy5bumUQz,Chhena poda,344.57,13.68,0,0,0,0,0,0,0,0,100 g,805,,,
680534f0d035d501d3d0fe26,https://drive.google.com/uc?id=1Gv7VX1V97krb-O3I9PZvuVExS18oTvEM,Sweet couscous dessert,196.2,3.81,0,0,0,0,0,0,0,0,100 g,806,,,
680534f0d035d501d3d0fe27,https://drive.google.com/uc?id=1L1cNOSUFIUsTReOKLtWF_pgM0hyMqS0t,Sweetened yogurt (Shrikhand),107.18,5.27,0,0,0,0,0,0,0,0,100 g,807,,,
680534f0d035d501d3d0fe28,https://drive.google.com/uc?id=14IkARRkG3Ao8hUjbY92LY13FtwYc0ajv,Thickened sweetened milk (Rabri),102.79,3.52,0,0,0,0,0,0,0,0,100 g,808,,,
680534f0d035d501d3d0fe29,https://drive.google.com/uc?id=1ajTnlNL_TLrCXP-JYvx5RmkzhDo4cHiB,Gram flour halwa (Besan halwa),276.79,5.88,0,0,0,0,0,0,0,0,100 g,809,,,
680534f0d035d501d3d0fe2a,https://drive.google.com/uc?id=1lrH2E2Bi8edu_3VNcthRf-3cAmsD9ksG,Prawn sandwich,169.65,10.36,0,0,0,0,0,0,0,0,100 g,810,,,
680534f0d035d501d3d0fe2b,https://drive.google.com/uc?id=1MFz4JiO25g1W74_bqWD-ckdwDsPvVeNi,Watercress sandwich,229.42,5.17,0,0,0,0,0,0,0,0,100 g,811,,,
680534f0d035d501d3d0fe2c,https://drive.google.com/uc?id=1isYwpAGubm3PMz6hFztOVLuCkusUW2u4,Fish sandwich,150.2,4.72,0,0,0,0,0,0,0,0,100 g,812,,,
680534f0d035d501d3d0fe2d,https://drive.google.com/uc?id=1F9mHv-3QCL9yH5eCPyojRFd0qjijTNd0,Kidney bean sandwich with cottage cheese,176.64,9.85,0,0,0,0,0,0,0,0,100 g,813,,,
680534f0d035d501d3d0fe2e,https://drive.google.com/uc?id=1EJWGmrBcsYG6LIb7xyJ055vB7EjJptYT,Finger millet biscuit (Ragi biscuit),458.56,4.03,0,0,0,0,0,0,0,0,100 g,814,,,
680534f0d035d501d3d0fe2f,https://drive.google.com/uc?id=12a8skqyj_aUXHDyGukJTTiQXDhKYzD93,Buttermilk biscuit,322.54,5.76,0,0,0,0,0,0,0,0,100 g,815,,,
680534f0d035d501d3d0fe30,https://drive.google.com/uc?id=1u8zPIu2OJV7gP4167mvhTqMUz4boBWmO,Lemon cookies,394.48,5.63,0,0,0,0,0,0,0,0,100 g,816,,,
680534f0d035d501d3d0fe31,https://drive.google.com/uc?id=1Sc-o7JHuKQ9TXRlIEi3gumCMuvZu-yYz,Sweet potato biscuit (Shakarkand ke biscuit),296.4,5.14,0,0,0,0,0,0,0,0,100 g,817,,,
680534f0d035d501d3d0fe32,https://drive.google.com/uc?id=1Dyzv1MsOK09blmTVaqSySDs3KXsXerML,Raspberry shortbread cookies,441.12,3,0,0,0,0,0,0,0,0,100 g,818,,,
680534f0d035d501d3d0fe33,https://drive.google.com/uc?id=1am9N06qqLVI1c5a8ygcoe6OwGrtWpCIE,Pumpkin cookies,218.4,2.51,0,0,0,0,0,0,0,0,100 g,819,,,
680534f0d035d501d3d0fe34,https://drive.google.com/uc?id=1fkUQr44CSOXz7_b1YVJA-38NGEM9bFSf,Greenpea cookies,159.42,6.53,0,0,0,0,0,0,0,0,100 g,820,,,
680534f0d035d501d3d0fe35,https://drive.google.com/uc?id=1Wm8sCPQUUNAuUNCIF2sDNBPQcf9eGbIY,Sunflower cookies,520.62,9.49,0,0,0,0,0,0,0,0,100 g,821,,,
680534f0d035d501d3d0fe36,https://drive.google.com/uc?id=1Ey1mM1g3SKKD5tLvWmrRzY2zs2LK_ujQ,Cardamom cookies (Elaichi cookies),400.49,5.1,0,0,0,0,0,0,0,0,100 g,822,,,
680534f0d035d501d3d0fe37,https://drive.google.com/uc?id=1k5fbINtMq3ucCmKv3UmioK-L00rohJQx,Hazelnut cookies,493.32,6.25,0,0,0,0,0,0,0,0,100 g,823,,,
680534f0d035d501d3d0fe38,https://drive.google.com/uc?id=1hScilHBSZl4kvOLjvJsAW37skBKs5kg2,Milk cookies,459.43,10.49,0,0,0,0,0,0,0,0,100 g,824,,,
680534f0d035d501d3d0fe39,https://drive.google.com/uc?id=150Hkdrpk68k32xVhZ3bVzFXvpy-AjRko,Cranberry cookies,272.48,3.92,0,0,0,0,0,0,0,0,100 g,825,,,
680534f0d035d501d3d0fe3a,https://drive.google.com/uc?id=1AlOdkKBeQYdjgqFm2nmryuPN363KKvDS,Olive biscuit,438.29,3.2,0,0,0,0,0,0,0,0,100 g,826,,,
680534f0d035d501d3d0fe3b,https://drive.google.com/uc?id=1VO-D8vsAaTKWU4fVBbv3lyLPqS3kOaHq,Tutti fruitti biscuit,420.78,5.21,0,0,0,0,0,0,0,0,100 g,827,,,
680534f0d035d501d3d0fe3c,https://drive.google.com/uc?id=1eKANkwaYMkrzL9CEgTARkBf2jHaqomEM,Peach blueberry preserves,177.38,0.53,0,0,0,0,0,0,0,0,100 g,828,,,
680534f0d035d501d3d0fe3d,https://drive.google.com/uc?id=1Oz4x-3TaCTpiwswumDd2m_dWQ1vkpL7P,Pear preserves (Naashpati ka murabba),101.24,0.25,0,0,0,0,0,0,0,0,100 g,829,,,
680534f0d035d501d3d0fe3e,https://drive.google.com/uc?id=1NjPSEl1Lpx3ohaocNcKKnXjnALhJ3rUV,Starfruit preserves,128.93,0.24,0,0,0,0,0,0,0,0,100 g,830,,,
680534f0d035d501d3d0fe3f,https://drive.google.com/uc?id=1cuKHzN-xiscHu4VX49CMxIqmlB0S-AIk,Gooseberry pickle (Amla ka achaar),278.58,1.55,0,0,0,0,0,0,0,0,100 g,831,,,
680534f0d035d501d3d0fe40,https://drive.google.com/uc?id=190vP-Uk8EF3rjDYhYDvEpHiPjPujNCq9,Lotus stem pickle (Kamal kakdi ka achar),102.69,1.44,0,0,0,0,0,0,0,0,100 g,832,,,
680534f0d035d501d3d0fe41,https://drive.google.com/uc?id=1uXcUfXwGGB82xK2HaVyUKr6ps7SynQ6o,Date pickle (Khajoor ka achaar),182.29,1.68,0,0,0,0,0,0,0,0,100 g,833,,,
680534f0d035d501d3d0fe42,https://drive.google.com/uc?id=1iYl8AZGVgL5T_E7UKunLlyqy3Sxi-lNY,Garlic pickle (Lahasun ka achar),413.62,3.72,0,0,0,0,0,0,0,0,100 g,834,,,
680534f0d035d501d3d0fe43,https://drive.google.com/uc?id=1wivwbUvlBCsXn_CxQpJ9sNBgaTi5BKhM,Fermented bamboo shoot pickle (Mesu pickle),59.83,1.58,0,0,0,0,0,0,0,0,100 g,835,,,
680534f0d035d501d3d0fe44,https://drive.google.com/uc?id=1jmSbjBS05d-7JggHx4Fm3T96gBhO09SV,Sweet peach pickle (Aadoo ka achaar),144.64,0.46,0,0,0,0,0,0,0,0,100 g,836,,,
680534f0d035d501d3d0fe45,https://drive.google.com/uc?id=1XSOyNVIdxylWseBY8-YokPmFrNfRaWki,Pickled mustard greens,13.12,1.51,0,0,0,0,0,0,0,0,100 g,837,,,
680534f0d035d501d3d0fe46,https://drive.google.com/uc?id=1Oz7rLvR7COfmbP8zBiyWwF-s9wXYLWDA,Small onion pickle,16.86,1.65,0,0,0,0,0,0,0,0,100 g,838,,,
680534f0d035d501d3d0fe47,https://drive.google.com/uc?id=1FCPLqWyYRVGal1C9p6eo-RlU_LHfci0k,Green tomato pickle (Haray tamatar ka achaar),193.26,1.23,0,0,0,0,0,0,0,0,100 g,839,,,
680534f0d035d501d3d0fe48,https://drive.google.com/uc?id=1VamkMUDZ-eLzM2p4VUSZ6pxZG7dSrlZO,Pickled cabbage,13.69,0.39,0,0,0,0,0,0,0,0,100 g,840,,,
680534f0d035d501d3d0fe49,https://drive.google.com/uc?id=1KUhRbZYpSzDw8GmfqNCbPGWc-ML9bvqK,Coconut pickle (Nariyal ka aachar),517.26,3.02,0,0,0,0,0,0,0,0,100 g,841,,,
680534f0d035d501d3d0fe4a,https://drive.google.com/uc?id=10M8xJUlM3fiISYXWKEqHnD6-cgLOrdS9,Potato pickle (Aloo ka achaar),369.14,2.07,0,0,0,0,0,0,0,0,100 g,842,,,
680534f0d035d501d3d0fe4b,https://drive.google.com/uc?id=1hGg4VfZp29KgM_f3Vj-_nYUenOhfbcbE,Mango murabba candy,293.35,0.27,0,0,0,0,0,0,0,0,100 g,843,,,
680534f0d035d501d3d0fe4c,https://drive.google.com/uc?id=1Nivwixj5j9S1W-v92bQM1D5U1_sFZCyq,Afghani chicken,151.51,15.66,0,0,0,0,0,0,0,0,100 g,844,,,
680534f0d035d501d3d0fe4d,https://drive.google.com/uc?id=1Ksh9SAFGj5dtaTAVHOM1gNzOIP8eSxDE,Fish orly,563.7,5.87,0,0,0,0,0,0,0,0,100 g,845,,,
680534f0d035d501d3d0fe4e,https://drive.google.com/uc?id=1f7uQvBnYrDEX04Z7pN48m9gQHf0GpwNm,Hariyali Fish Tikka,150.24,14.01,0,0,0,0,0,0,0,0,100 g,846,,,
680534f0d035d501d3d0fe4f,https://drive.google.com/uc?id=1D1P7ex8ygisFYfolzeDlFThO-XK8qPyV,Chicken manchurian,142.34,9.53,0,0,0,0,0,0,0,0,100 g,847,,,
680534f0d035d501d3d0fe50,https://drive.google.com/uc?id=1RP2q66zE6nDLJLoerxwoe4CBsFSa32R0,Handi chicken,166.02,12.32,0,0,0,0,0,0,0,0,100 g,848,,,
680534f0d035d501d3d0fe51,https://drive.google.com/uc?id=1JXExH2emjzf5mOfQ42708zOfNs3pcSBu,Lemon chicken,169.79,20.2,0,0,0,0,0,0,0,0,100 g,849,,,
680534f0d035d501d3d0fe52,https://drive.google.com/uc?id=1nUBiTZ2482ct-kaBAujv2rs3DDTPdo4x,Lemon butter fish,160.25,16.38,0,0,0,0,0,0,0,0,100 g,850,,,
680534f0d035d501d3d0fe53,https://drive.google.com/uc?id=1FdIzglPOpYMs4ovtKxMDETcx5WWuMLTS,Baked eggs in tomato sauce,80.05,4.92,0,0,0,0,0,0,0,0,100 g,851,,,
680534f0d035d501d3d0fe54,https://drive.google.com/uc?id=17WdgXR2dzkiL9eSRUKp4HVvahiDOA8nz,Egg in a pepper,128.78,12.64,0,0,0,0,0,0,0,0,100 g,852,,,
680534f0d035d501d3d0fe55,https://drive.google.com/uc?id=1q_YBp5OBuYH7Z3e4smKsP2z1vgRZ8ye7,Spinach mushroom scrambled egg (Palak mushroom bhurji),158.85,13.28,0,0,0,0,0,0,0,0,100 g,853,,,
680534f0d035d501d3d0fe56,https://drive.google.com/uc?id=11MjTAMaab-hmsCHL3Sba7uZFM5J6XK2c,Corn omelette/omlet,166.93,11.37,0,0,0,0,0,0,0,0,100 g,854,,,
680534f0d035d501d3d0fe57,https://drive.google.com/uc?id=1VA18avkUvi8e0g4GeEXjTgMGjA3hWztH,Cajun chicken,184.94,12.69,0,0,0,0,0,0,0,0,100 g,855,,,
680534f0d035d501d3d0fe58,https://drive.google.com/uc?id=1XpfH7TKlGnSMTEnyvizEczAVfP-W_wsJ,Paaner do pyaza,127.7,4.22,0,0,0,0,0,0,0,0,100 g,856,,,
680534f0d035d501d3d0fe59,https://drive.google.com/uc?id=1x5t4J5f76ZMdIRm1yigDbhkTL2kzE4JG,Cabbage manchurian (Pattagobhi manchurian),224.26,0.64,0,0,0,0,0,0,0,0,100 g,857,,,
680534f0d035d501d3d0fe5a,https://drive.google.com/uc?id=16_BiHLretagMYaO290eQg3XxDnJ-Ycqb,Gobi 65,278.29,0.56,0,0,0,0,0,0,0,0,100 g,858,,,
680534f0d035d501d3d0fe5b,https://drive.google.com/uc?id=13Q1m1nwXa4tXDbUUigF_yJcvox9JlkNW,Paneer lababdar,105.48,3.98,0,0,0,0,0,0,0,0,100 g,859,,,
680534f0d035d501d3d0fe5c,https://drive.google.com/uc?id=1wbUaB32mtb_LlpImDtYsC7Sb2A4h9R8q,Roasted cauliflower steak,78.68,2.05,0,0,0,0,0,0,0,0,200 ml,860,,,
680534f0d035d501d3d0fe5d,https://drive.google.com/uc?id=1Fzv-bLCYId4alzvJ03erLMucYbswKQTB,Sauteed radishes with green beans,94.32,2.41,0,0,0,0,0,0,0,0,100 g,861,,,
680534f0d035d501d3d0fe5e,https://drive.google.com/uc?id=1h67tFVb1HU82q_WwdxqDmcs7oPmUkzPd,Garlic chutney/Poondu chutney (Lahasun ki chutney),255.51,3.34,0,0,0,0,0,0,0,0,100 g,862,,,
680534f0d035d501d3d0fe5f,https://drive.google.com/uc?id=1-zKk1P85BCZiCf2OP_rUjHhk4PAa41n8,Schezwan chutney,205.19,3.33,0,0,0,0,0,0,0,0,100 g,863,,,
680534f0d035d501d3d0fe60,https://drive.google.com/uc?id=11PIv4waqJrVmMOYLkBF-ekR_o3vMGRpi,Onion chutney (Pyaaz ki chutney/Vengaya chutney),143.94,2.97,0,0,0,0,0,0,0,0,100 g,864,,,
680534f0d035d501d3d0fe61,https://drive.google.com/uc?id=1_sfdAD9wvQDWSsQgN9hurMxT02AnP0MQ,Dates chutney (Khajoor ki chutney),103.57,1.07,0,0,0,0,0,0,0,0,100 g,865,,,
680534f0d035d501d3d0fe62,https://drive.google.com/uc?id=10qVSae-liB8ytGOBhG3kEGXOu9mnSgXo,Chicken salad,338.19,15.33,0,0,0,0,0,0,0,0,280 g,866,,,
680534f0d035d501d3d0fe63,https://drive.google.com/uc?id=1SmY6-26g9w2lOfq0bsfqOiHPohwDsz07,Macaroni salad,262.19,5.02,0,0,0,0,0,0,0,0,280 g,867,,,
680534f0d035d501d3d0fe64,https://drive.google.com/uc?id=1zfbMKljzYHKfmrLJJNakLRmj2zFCuNS7,Cabbage raita (Pattagobhi raita),84.84,3.24,0,0,0,0,0,0,0,0,100 g,868,,,
680534f0d035d501d3d0fe65,https://drive.google.com/uc?id=1aQsYN-4QeOp5CmaNfy5smth8itLH6kNO,Pomegranate raita (Anaar ka raita),72.64,4.05,0,0,0,0,0,0,0,0,100 g,869,,,
680534f0d035d501d3d0fe66,https://drive.google.com/uc?id=1KJQXJmIfIdb8A85TjIuT-Y4xCJ5eKqSa,Onion raita (Pyaaz ka raita),71.56,4.86,0,0,0,0,0,0,0,0,100 g,870,,,
680534f0d035d501d3d0fe67,https://drive.google.com/uc?id=1RFgablkmbAXn_vEJE7W20IDRU4Pri0OL,Green chilli raita (Hari mirch ka raita),77.13,5.58,0,0,0,0,0,0,0,0,100 g,871,,,
680534f0d035d501d3d0fe68,https://drive.google.com/uc?id=1thSfTkqNnJNeQrWz4oPLtV3rsx04NABw,Kale salad,177.71,4.86,0,0,0,0,0,0,0,0,280 g,872,,,
680534f0d035d501d3d0fe69,https://drive.google.com/uc?id=1w7Rm-HFd8H-xTOjv4XQYfnqqnoFejFOI,Spinach and paneer souffle,186.19,7.56,0,0,0,0,0,0,0,0,100 g,873,,,
680534f0d035d501d3d0fe6a,https://drive.google.com/uc?id=1V7XsfR6RcnBC3e-84vDaHNYnoh40wSpO,Masala souffle,123.51,6.38,0,0,0,0,0,0,0,0,100 g,874,,,
680534f0d035d501d3d0fe6b,https://drive.google.com/uc?id=1Cp79SX5hhbNHHq7ywvyyM2E_uqByRj1E,Chicken and cheese souffle,182.35,9.07,0,0,0,0,0,0,0,0,100 g,875,,,
680534f0d035d501d3d0fe6c,https://drive.google.com/uc?id=1x2wO45WaUs2aYVXs3CqYA0OjbekwZ1gI,Tamarind chutney (Chintapandu pachadi/Puli chutney),109.15,0.88,0,0,0,0,0,0,0,0,100 g,876,,,
680534f0d035d501d3d0fe6d,https://drive.google.com/uc?id=1Ihxari8BymPoXndqlhARCCP7dLyN85um,Pav bhaji masala,230.47,9.13,0,0,0,0,0,0,0,0,100 g,877,,,
680534f0d035d501d3d0fe6e,https://drive.google.com/uc?id=1QsLm3PokLkQpSGVAB3sKJGFhyv2_MmSl,Green chutney,79.42,5.42,0,0,0,0,0,0,0,0,100 g,878,,,
680534f0d035d501d3d0fe6f,https://drive.google.com/uc?id=1r5d3ScxwcTmwiNin9s01eEPugl0XdxT2,Sago khitchdi/khichri (Sabudana khitchdi/khichri),187.16,2.72,0,0,0,0,0,0,0,0,100 g,879,,,
680534f0d035d501d3d0fe70,https://drive.google.com/uc?id=1uNzB1ZGSjDfprQ-ty7XSDfP64cR7P2wd,Gram flour chilla/cheela (Besan chilla/cheela),135.93,7.8,0,0,0,0,0,0,0,0,100 g,880,,,
680534f0d035d501d3d0fe71,https://drive.google.com/uc?id=1pTXNhUXUS8kTqyZYTZJV70opzHSv2vrK,Vegetable namkeen jave,112.23,2.93,0,0,0,0,0,0,0,0,100 g,881,,,
680534f0d035d501d3d0fe72,https://drive.google.com/uc?id=1y-kypbaDUsVTfXv1Ygg2rn8987OPpe7Q,Khakhra,178.5,4.78,0,0,0,0,0,0,0,0,100 g,882,,,
680534f0d035d501d3d0fe73,https://drive.google.com/uc?id=1-gTgzOybulNevjDyoJRePKtQnOahGpE_,Moong bean dosa (Pesarattu),285.96,12.32,0,0,0,0,0,0,0,0,100 g,883,,,
680534f0d035d501d3d0fe74,https://drive.google.com/uc?id=1HfwfM3HAFX3z7nKWcHw-rL1Lz0ncTFYf,Methi thepla,346.16,8.98,0,0,0,0,0,0,0,0,100 g,884,,,
680534f0d035d501d3d0fe75,https://drive.google.com/uc?id=1CJBMAhYGNwncDS0t7rY_v9fvF6cT9ivN,Rice puttu (Ari puttu),81.98,1.26,0,0,0,0,0,0,0,0,100 g,885,,,
680534f0d035d501d3d0fe76,https://drive.google.com/uc?id=122aUXDrCY-B3SgF2ClxtYKk3EPY4fuMN,Buckwheat pancake (Khura),263.3,2.91,0,0,0,0,0,0,0,0,100 g,886,,,
680534f0d035d501d3d0fe77,https://drive.google.com/uc?id=1WiljITtW4ZVEMmaBhzWgFyivcCrzi78p,Quinoa khichdi/khichri,64.01,3.18,0,0,0,0,0,0,0,0,100 g,887,,,
680534f0d035d501d3d0fe78,https://drive.google.com/uc?id=1FpGx0yMPGM3smkPJE_RqlbFVqkIaLLQZ,Khakhra chaat,358.66,4.52,0,0,0,0,0,0,0,0,100 g,888,,,
680534f0d035d501d3d0fe79,https://drive.google.com/uc?id=1ZOtWXcznoLL1EvjG0efutgdB5oUaePlT,Banana appam,469.81,1.17,0,0,0,0,0,0,0,0,100 g,889,,,
680534f0d035d501d3d0fe7a,https://drive.google.com/uc?id=1U-UBS-pjA1HojejJn0hHvSEswDDwxIU4,Veg manchurian,585.64,0.89,0,0,0,0,0,0,0,0,100 g,890,,,
680534f0d035d501d3d0fe7b,https://drive.google.com/uc?id=1J-KWm854jeJIzhfal1aImd-M6WIDyOo6,Pav bhaji,96.53,2.66,0,0,0,0,0,0,0,0,100 g,891,,,
680534f0d035d501d3d0fe7c,https://drive.google.com/uc?id=1Fn5ublDuzZRGadYfSKjqQtJT2enQy8pk,Rice murukku,593.99,5.41,0,0,0,0,0,0,0,0,100 g,892,,,
680534f0d035d501d3d0fe7d,https://drive.google.com/uc?id=1ieLqIE4qFZQ2XtMzl7afudH4Jo9IdAqD,Bhel puri,509.89,3.52,0,0,0,0,0,0,0,0,100 g,893,,,
680534f0d035d501d3d0fe7e,https://drive.google.com/uc?id=1xXS_tgnXtQd25_YxD9B4MSWq0nTxUpYt,Semolina dhokla (Suji/Rava dhokla),194.91,5.44,0,0,0,0,0,0,0,0,100 g,894,,,
680534f0d035d501d3d0fe7f,https://drive.google.com/uc?id=1x2cgTVs-ICmFoOVjTEn9mLGqCrFFI_Np,Spicy corn chaat,479.8,4.61,0,0,0,0,0,0,0,0,100 g,895,,,
680534f0d035d501d3d0fe80,https://drive.google.com/uc?id=1aa-7M3NVZksL-PFT3owfNZGnqac24Zyi,Jackfruit fritters (Ponsa mulik/Kathal ka pakora),597.79,2.34,0,0,0,0,0,0,0,0,100 g,896,,,
680534f0d035d501d3d0fe81,https://drive.google.com/uc?id=1S8A-HUd6wyMCWHvsjI8do3Zgp-5ol4Vs,Banana chips (Kele ke chips),665.67,0.37,0,0,0,0,0,0,0,0,100 g,897,,,
680534f0d035d501d3d0fe82,https://drive.google.com/uc?id=1LCMPq6n6NvzpIVKFFvjPsXVi6gjOb5p0,Wheat cake,314.63,4.79,0,0,0,0,0,0,0,0,100 g,898,,,
680534f0d035d501d3d0fe83,https://drive.google.com/uc?id=1YQvkJlP7IoMMKOXj-cxVP1WzhEI5j76G,Mango cheesecake,152.46,2.39,0,0,0,0,0,0,0,0,100 g,899,,,
680534f0d035d501d3d0fe84,https://drive.google.com/uc?id=1nOKdx9JUlJU884k-As2PreYG3tyPPt_G,Carrot cake (Gajar ka cake),255.59,5.6,0,0,0,0,0,0,0,0,100 g,900,,,
680534f0d035d501d3d0fe85,https://drive.google.com/uc?id=1llODjjz4FbF8gCSruf-ht8IBDbaIoZk0,Semolina cake (Suji/Rava cake),374.14,6.58,0,0,0,0,0,0,0,0,100 g,901,,,
680534f0d035d501d3d0fe86,https://drive.google.com/uc?id=18V21_ou8Q4ObyWhW-epDovZ905EnMNWY,Finger millet cake (Ragi cake),279.46,3.96,0,0,0,0,0,0,0,0,100 g,902,,,
680534f0d035d501d3d0fe87,https://drive.google.com/uc?id=1DuU9Bz6yYWtpYTND1AbdjiEcu6I6ReJj,Honey cake,333.59,3.08,0,0,0,0,0,0,0,0,100 g,903,,,
680534f0d035d501d3d0fe88,https://drive.google.com/uc?id=1zcH-TM2vQr8PHZGREXjx0vlCLFP9jDco,Almond cardamom cake (Badam elaichi cake),356.35,7.18,0,0,0,0,0,0,0,0,100 g,904,,,
680534f0d035d501d3d0fe89,https://drive.google.com/uc?id=1IRDQ_CRr6YOAoIqJTVzVh55_bOFoqssm,Tutti frutti cake,347.72,4.49,0,0,0,0,0,0,0,0,100 g,905,,,
680534f0d035d501d3d0fe8a,https://drive.google.com/uc?id=15v36DppohevpeLibQyetrVtDQNWqYah4,Ham and Bean soup,96.04,10.61,0,0,0,0,0,0,0,0,100 g,906,,,
680534f0d035d501d3d0fe8b,https://drive.google.com/uc?id=14MEDJAJ7lBb-j7K-lm6ljOJfAmiMmyCy,Whey soup,68.91,3.45,0,0,0,0,0,0,0,0,100 g,907,,,
680534f0d035d501d3d0fe8c,https://drive.google.com/uc?id=1L2ZODGSDcHmL2MTYCOqhRJ-doTOQcZiQ,Bottle gourd soup (Ghiya/Lauki soup),23.05,0.45,0,0,0,0,0,0,0,0,100 g,908,,,
680534f0d035d501d3d0fe8d,https://drive.google.com/uc?id=1ilEhbpj9iWGSo91RlKYFCOjaCr4zjzic,Baked potato soup,147.05,5.73,0,0,0,0,0,0,0,0,100 g,909,,,
680534f0d035d501d3d0fe8e,https://drive.google.com/uc?id=11rfeUokyefBRwYsnL7vTYfulavfbWwe_,Pumpkin soup,40.05,0.47,0,0,0,0,0,0,0,0,100 g,910,,,
680534f0d035d501d3d0fe8f,https://drive.google.com/uc?id=11TOB6aGoqLh7UeIstonji1a4NqwZo8t0,Sweet corn soup,32.25,0.99,0,0,0,0,0,0,0,0,100 g,911,,,
680534f0d035d501d3d0fe90,https://drive.google.com/uc?id=1xU9M38SrI0VgJ11blNs47-ztb4WLbBIu,Paneer soup,47.85,3.22,0,0,0,0,0,0,0,0,100 g,912,,,
680534f0d035d501d3d0fe91,https://drive.google.com/uc?id=1eEsWt8Njq-WVxQuixoqfR1dFrV94gz8m,Curried Cauliflower soup,37.32,6.72,0,0,0,0,0,0,0,0,100 g,913,,,
680534f0d035d501d3d0fe92,https://drive.google.com/uc?id=1cY4sH7woqz4Jp4-egWwu8tKOw7APzVhT,Millet soup,55.99,11.26,0,0,0,0,0,0,0,0,100 g,914,,,
680534f0d035d501d3d0fe93,https://drive.google.com/uc?id=1cZ1gwld_ZoEODpi0GtVpf4sclxgMQQpy,Lemon coriander soup,108.06,2.27,0,0,0,0,0,0,0,0,100 g,915,,,
680534f0d035d501d3d0fe94,https://drive.google.com/uc?id=1sngCs8C-ZduA52ZM7RPF2-i0v_bMczLi,Garlic soup,194.86,2.38,0,0,0,0,0,0,0,0,100 g,916,,,
680534f0d035d501d3d0fe95,https://drive.google.com/uc?id=1gAosxk9sH1r2DhXR2YHwvh2RkddGJc-X,Dal makhani,74.04,3.32,0,0,0,0,0,0,0,0,100 g,917,,,
680534f0d035d501d3d0fe96,https://drive.google.com/uc?id=1F1hON8L5SiIW2SAIVLO5uHZFG9POz1Kk,Dalma,118.93,4.91,0,0,0,0,0,0,0,0,100 g,918,,,
680534f0d035d501d3d0fe97,https://drive.google.com/uc?id=1Dg8cm4Ki0z7bVfotPW9OJo5drNEM_wQ1,Split bengal gram dal (Channa dal),99.67,4.15,0,0,0,0,0,0,0,0,100 g,919,,,
680534f0d035d501d3d0fe98,https://drive.google.com/uc?id=1-B0TZwW77dvkC5PxougUihmUKIiSFNfx,Horsegram dal (Kulthi dal),55.65,2.91,0,0,0,0,0,0,0,0,100 g,920,,,
680534f0d035d501d3d0fe99,https://drive.google.com/uc?id=1Vwkk4EwR9ZvarUshD_x_5ZRatPWmSdbZ,Panchmel dal,111.22,4.63,0,0,0,0,0,0,0,0,100 g,921,,,
680534f0d035d501d3d0fe9a,https://drive.google.com/uc?id=16Ayo3KBpq0_3U7i-2BVrzFIwKY_s1iWM,Dal dhokli,68.74,2.96,0,0,0,0,0,0,0,0,100 g,922,,,
680534f0d035d501d3d0fe9b,https://drive.google.com/uc?id=1Q16lkTJXngpr4p73OjRsjIi4FyHdbGW2,Gujarati handvo,207.09,8.24,0,0,0,0,0,0,0,0,100 g,923,,,
680534f0d035d501d3d0fe9c,https://drive.google.com/uc?id=1_OMY8UwbLJI9pHPX3PuMBC696xXN6MVS,Sev (Omapodi/Karapusa),609.14,5.12,0,0,0,0,0,0,0,0,100 g,924,,,
680534f0d035d501d3d0fe9d,https://drive.google.com/uc?id=1BvDuaVV-pmi6R3IjoHjq_tyCKQ0rqAED,Papdi,708.96,1.83,0,0,0,0,0,0,0,0,100 g,925,,,
680534f0d035d501d3d0fe9e,https://drive.google.com/uc?id=1xOCnHnp3WdnlWAdfuenogQT64iI-BJqF,Jowar dosa,294.35,8.5,0,0,0,0,0,0,0,0,100 g,926,,,
680534f0d035d501d3d0fe9f,https://drive.google.com/uc?id=1CfCmck3fWdy_aozHC3yQSd44tkZ-idQF,Bread roll,435.46,2.85,0,0,0,0,0,0,0,0,100 g,927,,,
680534f0d035d501d3d0fea0,https://drive.google.com/uc?id=132hHuDdUhY5S4jHorcCqi8dpr4aeXCae,Soya seekh kebab,115.05,5.4,0,0,0,0,0,0,0,0,100 g,928,,,
680534f0d035d501d3d0fea1,https://drive.google.com/uc?id=1Wr_Gt9x0490vjvBQ_nIAPiHr8brBHgC7,Classic seasoned black beans,28.78,8.01,0,0,0,0,0,0,0,0,100 g,929,,,
680534f0d035d501d3d0fea2,https://drive.google.com/uc?id=1slaS66OVbTVohKUbNMrOwPJRMDeIDAKD,Maa chaane ki dal,344.67,19.8,0,0,0,0,0,0,0,0,100 g,930,,,
680534f0d035d501d3d0fea3,https://drive.google.com/uc?id=1gyJKFZNfckO_hVty7lvhuYFD1WVVQ8Wt,Garlic chickpea soup (Lahasun aur chane ka shoraba),89.53,4.45,0,0,0,0,0,0,0,0,100 g,931,,,
680534f0d035d501d3d0fea4,https://drive.google.com/uc?id=116O9hT6lw1Y3gcxI8Uq1Eb0wacKDDawd,White sauce (thin),115.17,3.31,0,0,0,0,0,0,0,0,100 g,932,,,
680534f0d035d501d3d0fea5,https://drive.google.com/uc?id=1Oy5kup5SEyO1j11bo9iCxI5OUrhLLUvd,White sauce (medium),151.27,3.36,0,0,0,0,0,0,0,0,100 g,933,,,
680534f0d035d501d3d0fea6,https://drive.google.com/uc?id=1q8WAryswzIvEzMm-jXyZRcUhRGc2T7Iz,White sauce (thick),209.69,3.43,0,0,0,0,0,0,0,0,100 g,934,,,
680534f0d035d501d3d0fea7,https://drive.google.com/uc?id=19KOexr-yWRJx9Fqk0C_0aQWV46Q9ht67,Cheese sauce,194.76,7.68,0,0,0,0,0,0,0,0,100 g,935,,,
680534f0d035d501d3d0fea8,https://drive.google.com/uc?id=19PboZKakKk0sQaJiq2-fQYQwFr4oRkPk,Egg sauce,146.85,5.97,0,0,0,0,0,0,0,0,100 g,936,,,
680534f0d035d501d3d0fea9,https://drive.google.com/uc?id=1PjVsLOdoyQJfmWujQpXQ2HTTNtu0jZ_V,Mushroom sauce,137.56,3.39,0,0,0,0,0,0,0,0,100 g,937,,,
680534f0d035d501d3d0feaa,https://drive.google.com/uc?id=1-uxjdIXdJ5dM8x8zKWO3AeOgq6EvzT8i,Mustard sauce,158.58,3.98,0,0,0,0,0,0,0,0,100 g,938,,,
680534f0d035d501d3d0feab,https://drive.google.com/uc?id=1fJEijHrjkc3cC6hOIcAvAsXhMNcRSKf2,Brown sauce,109.18,11.92,0,0,0,0,0,0,0,0,100 g,939,,,
680534f0d035d501d3d0feac,https://drive.google.com/uc?id=1fW8KO6dwhixwKtXWvJSYMRcHVGSK18JB,Classic italian pasta,42.12,0.57,0,0,0,0,0,0,0,0,100 g,940,,,
680534f0d035d501d3d0fead,https://drive.google.com/uc?id=1yo6p39We9gdwvZ5vKKMf2eya-dpRxZk5,Pasta spinach sauce,85.46,1.76,0,0,0,0,0,0,0,0,100 g,941,,,
680534f0d035d501d3d0feae,https://drive.google.com/uc?id=1G1hZBOVMpZ_xyt5Vrr0XJeiAXncRkpMp,Pasta cheese sauce,149.26,4.33,0,0,0,0,0,0,0,0,100 g,942,,,
680534f0d035d501d3d0feaf,https://drive.google.com/uc?id=1o7iFQOoxhW2zeD6_4ON-d5sApxFSNoCz,Mayonnaise,774.86,1.86,0,0,0,0,0,0,0,0,100 g,943,,,
680534f0d035d501d3d0feb0,https://drive.google.com/uc?id=1J8hjSQ8dmxjyI5mhjodC9x-eRHhDJA9Y,Low calorie quick mayonnaise,242.89,1.41,0,0,0,0,0,0,0,0,100 g,944,,,
680534f0d035d501d3d0feb1,https://drive.google.com/uc?id=1a0_5a628IDPFEvvbBuMR8WhRzTQ5sa8H,Thousand island dressing,407.87,1.37,0,0,0,0,0,0,0,0,100 g,945,,,
680534f0d035d501d3d0feb2,https://drive.google.com/uc?id=12SGNdADlmWWVLaFXOgE72_4P2fG74jvn,Curd dip,79.95,5.04,0,0,0,0,0,0,0,0,100 g,946,,,
680534f0d035d501d3d0feb3,https://drive.google.com/uc?id=1U1qS-b5A_vdeWleu88-rfZ1d_zsgNQ1T,Short crust pastry,422.1,6.11,0,0,0,0,0,0,0,0,100 g,947,,,
680534f0d035d501d3d0feb4,https://drive.google.com/uc?id=1LkWQCA2pNKOyMh5c-Cm8gABaFk9okgGl,Choux pastry,222.37,5.55,0,0,0,0,0,0,0,0,100 g,948,,,
680534f0d035d501d3d0feb5,https://drive.google.com/uc?id=1z7QW7ypjwosk--6ZN6yL6nbaPM4a6roE,Flaky pastry,443.94,4.69,0,0,0,0,0,0,0,0,100 g,949,,,
680534f0d035d501d3d0feb6,https://drive.google.com/uc?id=1hAWxodZ-tfWhPzoecRXhGyo3ooIJPNZ1,Sponge cake,253.77,9.18,0,0,0,0,0,0,0,0,100 g,950,,,
680534f0d035d501d3d0feb7,https://drive.google.com/uc?id=1b_uQER8ifuIxMME8HQ5M8gQyYNqv4fCb,Glace icing,323.51,0.01,0,0,0,0,0,0,0,0,100 g,951,,,
680534f0d035d501d3d0feb8,https://drive.google.com/uc?id=13L_CuM0fJor84raM7i1cF3EnRllCDDMi,Royal icing,332.58,1.74,0,0,0,0,0,0,0,0,100 g,952,,,
680534f0d035d501d3d0feb9,https://drive.google.com/uc?id=1steaFlvT9DpFqX9q7-u2cOcZRR22YydP,American frosting,257.57,1.05,0,0,0,0,0,0,0,0,100 g,953,,,
680534f0d035d501d3d0feba,https://drive.google.com/uc?id=1qz0myvJzRrj6HzF9noAvcwuaatoiy5qa,Gum icing,223.07,5.94,0,0,0,0,0,0,0,0,100 g,954,,,
680534f0d035d501d3d0febb,https://drive.google.com/uc?id=1bzcROyTEI40MpJrqwxSa6jbZNuSTnA9Q,Channa murmura premix,339.09,10.59,0,0,0,0,0,0,0,0,100 g,955,,,
680534f0d035d501d3d0febc,https://drive.google.com/uc?id=155GOt0yXOhy_eT1pEsncDW4lCMQaJBie,Cracked wheat and green gram dal premix (Dalia moong dal premix),362.16,15.89,0,0,0,0,0,0,0,0,100 g,956,,,
680534f0d035d501d3d0febd,https://drive.google.com/uc?id=1oDvtCEm48b0VRYqZVDOVP332-fHgHpr7,Rice flakes and roasted channa,333.4,10.57,0,0,0,0,0,0,0,0,100 g,957,,,
680534f0d035d501d3d0febe,https://drive.google.com/uc?id=190HqjBqHtOtVzvYZzpF0mVwDJ4OCMaEa,Spinach soup in milk,56.72,2.89,0,0,0,0,0,0,0,0,100 g,958,,,
680534f0d035d501d3d0febf,https://drive.google.com/uc?id=1eeEWo6U2Kq63JYlvzUD2QuBqH232dBhs,Vegetable soup,55.21,2.22,0,0,0,0,0,0,0,0,100 g,959,,,
680534f0d035d501d3d0fec0,https://drive.google.com/uc?id=1hZzkzebCumTCWfkyhZvs8ddd1QA3gWnI,Mashed banana with milk,95.43,2.51,0,0,0,0,0,0,0,0,100 g,960,,,
680534f0d035d501d3d0fec1,https://drive.google.com/uc?id=12d6j3Ft2Ngep2_ZJ2JAiNrYMuN30KjX1,Poha with curd (Poha aur dahi),173.32,6.01,0,0,0,0,0,0,0,0,100 g,961,,,
680534f0d035d501d3d0fec2,https://drive.google.com/uc?id=1YVc-6gPHI4w9GLleA0ZlAEzNf_7_sl7D,Potato with curd,73.18,3.19,0,0,0,0,0,0,0,0,100 g,962,,,
680534f0d035d501d3d0fec3,https://drive.google.com/uc?id=1NmMuEVGnItM2Sas18B8a2vOBL4zRoag1,Sweet wheat porridge (Sweet dalia),140.66,5.11,0,0,0,0,0,0,0,0,100 g,963,,,
680534f0d035d501d3d0fec4,https://drive.google.com/uc?id=1OKXoRoawdXneA3jXZ5kMN5RYYR6IIUCP,Vegetable khichdi/khichri,143.17,5.61,0,0,0,0,0,0,0,0,100 g,964,,,
680534f0d035d501d3d0fec5,https://drive.google.com/uc?id=182dlH17wR4Q3kQCPf_PK0R0Vb6rI1hdE,Moong dal mixture,158.84,4.62,0,0,0,0,0,0,0,0,100 g,965,,,
680534f0d035d501d3d0fec6,https://drive.google.com/uc?id=16MTpVwSI556NlcEP-pK2VhZwysbroeYf,Cracked wheat khichri/khichdi (Dalia khichri/khichdi),167.45,7.56,0,0,0,0,0,0,0,0,100 g,966,,,
680534f0d035d501d3d0fec7,https://drive.google.com/uc?id=1ajfz6meyKf0O4BJInTX0W09g9f-56oZL,Stewed apple,91.93,0.17,0,0,0,0,0,0,0,0,100 g,967,,,
680534f0d035d501d3d0fec8,https://drive.google.com/uc?id=1l4kFsWl7RZp2Sbd1zXEGOiIiy8Ncu_Gi,Lemon squash (Nimbu ka squash),184.56,0.15,0,0,0,0,0,0,0,0,100 g,968,,,
680534f0d035d501d3d0fec9,https://drive.google.com/uc?id=1NOXuCCKy9lZFK0xAEf437HRgqH6mrFOk,Orange squash (Santre ka squash),193.26,0.22,0,0,0,0,0,0,0,0,100 g,969,,,
680534f0d035d501d3d0feca,https://drive.google.com/uc?id=1CN1SS1txJYGf5hX4pwX6KvOjm2G7MQEx,Lichi squash,198.33,0.3,0,0,0,0,0,0,0,0,100 g,970,,,
680534f0d035d501d3d0fecb,https://drive.google.com/uc?id=1yZWrjeZPLZKRT_1yPVNUg10U88vYbyxp,Mango squash (Aam ka squash),194.66,0.17,0,0,0,0,0,0,0,0,100 g,971,,,
680534f0d035d501d3d0fecc,https://drive.google.com/uc?id=1RRwXOKbGoez-fmw7c2htFcutkKiXTruv,Pineapple squash (Ananas ka squash),195.02,0.16,0,0,0,0,0,0,0,0,100 g,972,,,
680534f0d035d501d3d0fecd,https://drive.google.com/uc?id=1vCu0rcT2RQhG7AuI0FsMIE_1g0nLcICp,Lemon and ginger squash (Nimbu aur adrak ka squash),170.34,0.54,0,0,0,0,0,0,0,0,100 g,973,,,
680534f0d035d501d3d0fece,https://drive.google.com/uc?id=1q1Z7-Fnu0m7kVh-MljExtEOzVNuFZKA7,Apple jam (Seb ka murabba),188.79,0.14,0,0,0,0,0,0,0,0,100 g,974,,,
680534f0d035d501d3d0fecf,https://drive.google.com/uc?id=1ewvMI_QEMBJMimxrQaE6xylEf16PG8yc,Plum jam (Aloo bukhara jam),178.89,0.31,0,0,0,0,0,0,0,0,100 g,975,,,
680534f0d035d501d3d0fed0,https://drive.google.com/uc?id=1kgMsl6yCFuH-eNz_jAzW3PGCb8jZdx78,Pineapple jam,149.18,0.32,0,0,0,0,0,0,0,0,100 g,976,,,
680534f0d035d501d3d0fed1,https://drive.google.com/uc?id=1WBfd9sdYNwJRSbCj2CTeJKKSgXlwkBAG,Guava jelly (Amrood ki jelly),115.74,1.11,0,0,0,0,0,0,0,0,100 g,977,,,
680534f0d035d501d3d0fed2,https://drive.google.com/uc?id=1yVmegNkS6cMvLp1ceGXGWWinhZgMWDhV,Orange marmalade (Santray ka murabba),104.17,0.66,0,0,0,0,0,0,0,0,100 g,978,,,
680534f0d035d501d3d0fed3,https://drive.google.com/uc?id=1r62gAzAxZroTdU_NQhrBtQkiBV2iWsWt,Carrot murabba (Gajar ka murabba),175.24,0.32,0,0,0,0,0,0,0,0,100 g,979,,,
680534f0d035d501d3d0fed4,https://drive.google.com/uc?id=14ZwFFfgY7btjfCzLSRI533f3HrYsiaPF,Gooseberry marmalade (Amla murabba),123.16,0.14,0,0,0,0,0,0,0,0,100 g,980,,,
680534f0d035d501d3d0fed5,https://drive.google.com/uc?id=1d1yjxyQnZFtXTDsZzMrQzHIedW-JT0kF,Ginger candy (Adrak ki candy),195.71,0.69,0,0,0,0,0,0,0,0,100 g,981,,,
680534f0d035d501d3d0fed6,https://drive.google.com/uc?id=11Z3l-2zw-LJt6o8GS73vYLDZYEOd7vLi,Mango pickle (Aam ka achaar),192.12,1.6,0,0,0,0,0,0,0,0,100 g,982,,,
680534f0d035d501d3d0fed7,https://drive.google.com/uc?id=1pDpuNfzAvP4DkPGO_NvZfU3eTqlgcAfE,Mixed vegetable pickle (Sabziyoon ka achaar),211.2,1.9,0,0,0,0,0,0,0,0,100 g,983,,,
680534f0d035d501d3d0fed8,https://drive.google.com/uc?id=183hk1rY9tGbpE8TctJMVErcrRJGWrJb7,Sweet lemon pickle (Neembu ka meetha achaar),69.54,1.22,0,0,0,0,0,0,0,0,100 g,984,,,
680534f0d035d501d3d0fed9,https://drive.google.com/uc?id=1CTNXbi8DoD3Kcj9WlXATqEGAj-_phnPH,Plum chutney (Aloo bukhara ki chutney),177.11,0.47,0,0,0,0,0,0,0,0,100 g,985,,,
680534f0d035d501d3d0feda,https://drive.google.com/uc?id=1erFTlyKxd5SF9zCT7vqrvOJ5xekIcwqZ,Raw mango chutney (Kachhe aam/Kairi ki chutney),193.13,0.51,0,0,0,0,0,0,0,0,100 g,986,,,
680534f0d035d501d3d0fedb,https://drive.google.com/uc?id=15onlT9eAxO9rT_bbQyvMLqWXsCihJ5gB,Tomato sauce,34.33,0.81,0,0,0,0,0,0,0,0,100 g,987,,,
680534f0d035d501d3d0fedc,https://drive.google.com/uc?id=1tIWHZT_FwGWMasPEBXpeLH6l6L-SQKJx,Tomato puree,20.62,0.75,0,0,0,0,0,0,0,0,100 g,988,,,
680534f0d035d501d3d0fedd,https://drive.google.com/uc?id=1_OUaOrOdnqV2YsI0bE9vf7IDHbswfrai,Garam masala,254.21,9.89,0,0,0,0,0,0,0,0,100 g,989,,,
680534f0d035d501d3d0fede,https://drive.google.com/uc?id=1YtQ2dSJmvVlpQ8QGaJ98gCszFAwM9W25,Chat masala,222.58,8.19,0,0,0,0,0,0,0,0,100 g,990,,,
680534f0d035d501d3d0fedf,https://drive.google.com/uc?id=1wCkfNrF1zrOANcmSGAljoVLaw9XwlU7j,Kashmiri masala,389.02,8.26,0,0,0,0,0,0,0,0,100 g,991,,,
680534f0d035d501d3d0fee0,https://drive.google.com/uc?id=1SAWwPG_MphSzx5MLAPfOtyXkcPHReaRJ,Rasam powder (Rasam masala),267.96,12.04,0,0,0,0,0,0,0,0,100 g,992,,,
680534f0d035d501d3d0fee1,https://drive.google.com/uc?id=1sbM3e8idweddOg9tM19cli5ke00H3itL,Sambar powder (Sambar masala),297.46,12.5,0,0,0,0,0,0,0,0,100 g,993,,,
680534f0d035d501d3d0fee2,https://drive.google.com/uc?id=1klKcuXSlUC_E-6Ome11wRS4xcYRk9jp1,Tartare sauce,610.93,1.44,0,0,0,0,0,0,0,0,100 g,994,,,
680534f0d035d501d3d0fee3,https://drive.google.com/uc?id=1oRr6EHbOKLJ9LWneFT-Q5By4n13tkFxw,Barbeque sauce,121.93,0.96,0,0,0,0,0,0,0,0,100 g,995,,,
680534f0d035d501d3d0fee4,https://drive.google.com/uc?id=1CixVw25YIttizeAr8tD5Co5kdG-MbCmA,Bread sauce,111.04,3.46,0,0,0,0,0,0,0,0,100 g,996,,,
680534f0d035d501d3d0fee5,https://drive.google.com/uc?id=1c-_P7wJk2ZT1zk768W0--StMqJD2p5VS,Green chilli sauce,46.06,1.25,0,0,0,0,0,0,0,0,100 g,997,,,
680534f0d035d501d3d0fee6,https://drive.google.com/uc?id=1QPclkuOJXm93da4gMWi7Y7oKelhzii-g,Home made plain noodles,238.78,6.21,0,0,0,0,0,0,0,0,100 g,998,,,
680534f0d035d501d3d0fee7,https://drive.google.com/uc?id=1g99lhvZV81JPGvAAFS5KccSamb_F2D6x,Dal moong,43.69,2.2,0,0,0,0,0,0,0,0,100 g,999,,,
680534f0d035d501d3d0fee8,https://drive.google.com/uc?id=1EzzAl3F7mwIXxd36eeWuRkfXuzJYGeMF,Cumin seeds baghar (Jeera baghar/tadka),736.81,3.34,0,0,0,0,0,0,0,0,100 g,1000,,,
680534f0d035d501d3d0fee9,https://drive.google.com/uc?id=1_6IdN-4Jd-unfhb8f1uEN4rgwk8v2npp,Onion tomato baghar (Pyaaz tamatar ka tadka),137.52,1.26,0,0,0,0,0,0,0,0,100 g,1001,,,
680534f0d035d501d3d0feea,https://drive.google.com/uc?id=1o7gYt00YWWZq6zOEInMtnyl374qCYg4h,Mustard seeds baghar (Mustard seed tadka),552.59,4.73,0,0,0,0,0,0,0,0,100 g,1002,,,
680534f0d035d501d3d0feeb,https://drive.google.com/uc?id=1nsgfjXEDHctsWXcyftipHZdzTe1ziOd-,Hot cherry sauce,252.74,0.13,0,0,0,0,0,0,0,0,100 g,1003,,,
680534f0d035d501d3d0feec,https://drive.google.com/uc?id=1h7tx0_meWLZXecPxsB56C-E9xpmMiwyA,Apple jelly (Seb ki jelly),152.13,0.1,0,0,0,0,0,0,0,0,100 g,1004,,,
680534f0d035d501d3d0feed,https://drive.google.com/uc?id=1AUNP0vzrPDHLu7gUoJxIdni6i7VYMmd8,Marmalade (Murabba),143.76,0.23,0,0,0,0,0,0,0,0,100 g,1005,,,
680534f0d035d501d3d0feee,https://drive.google.com/uc?id=17pBuqfeWkUEKqz3wQBOX29Hp7IwD_0fx,Plum squash (Aloo bukhara squash),211.17,0.16,0,0,0,0,0,0,0,0,100 g,1006,,,
680534f0d035d501d3d0feef,https://drive.google.com/uc?id=16BptD5Az9mJ8H5Xue7MMYwqHULML-8G9,Lemon green chilli pickle (Nimboo aur hari mirch ka achaar),14.07,0.85,0,0,0,0,0,0,0,0,100 g,1007,,,
680534f0d035d501d3d0fef0,https://drive.google.com/uc?id=1g_G9fmsHiL3gBQZjTYb8XhlKnk5T0paG,Brinjal pickle (Baingan ka achaar),139.01,2.24,0,0,0,0,0,0,0,0,100 g,1008,,,
680534f0d035d501d3d0fef1,https://drive.google.com/uc?id=1eyodRBPFjTtOI5rC5bgiP6UZsPxrM3Hd,Sweet and sour tomato pickle (Khatta meetha tamatar ka achaar),60.88,1.26,0,0,0,0,0,0,0,0,100 g,1009,,,
680534f0d035d501d3d0fef2,https://drive.google.com/uc?id=1yjS0gK_Om-BSG_zrmPbWXJc9Sf6ECN6V,Jhatpat achar with carrot (Jhatpat achaar gajar ke saath),91.21,1.98,0,0,0,0,0,0,0,0,100 g,1010,,,
680534f0d035d501d3d0fef3,https://drive.google.com/uc?id=1SVxtfn4qRCz9h5l8U817KOMJQ00KNap3,Tomato chutney (Tamatar ki chutney),176.07,0.97,0,0,0,0,0,0,0,0,100 g,1011,,,
680534f0d035d501d3d0fef4,https://drive.google.com/uc?id=1tKKPv5Jw2WwKcd4ar3jexKW-D9Qi5hcN,Tomato ketchup,33.07,0.91,0,0,0,0,0,0,0,0,100 g,1012,,,
680534f0d035d501d3d0fef5,https://drive.google.com/uc?id=1kk_GRsJIZRNcNpxAYEyizE4muTqhrZ8l,Bengal 5 Spice Blend (Panch Phoran),289.79,18.26,0,0,0,0,0,0,0,0,100 g,1013,,,
69636025bc8f46226b5b2c84,https://drive.google.com/uc?id=1NOeuXyrC9LZqH1Mo7tVPhnHwy3oGgYxn,Grilled Chicken Salad,0,30,0,0,0,0,0,0,0,0,280 g,,Not Selected,,
6963642dbc8f46226b5b2c87,https://drive.google.com/uc?id=1zesa6GYlROKxPQlWFhZT6axHIvrBnz7K,Chicken Biryani,0,25,55,0,0,0,0,0,0,0,100 g,,Not Selected,,
6963c1fcae1c29dea4b0cbfc,https://drive.google.com/uc?id=1lZHqcH4xKrjLOWhFz7_VaPUFtPqgnPXB,Garlic Lemon Chicken with Rice and Broccoli,520,45,55,0,0,0,0,0,0,0,100 g,,Not Selected,,
6963c582ae1c29dea4b0cc1b,https://drive.google.com/uc?id=1waHyp7geYDRkXs0ctWHre9df5LTOVSBb,Apple Cinnamon Greek Yogurt Bowl,240,20,34,0,0,0,0,0,0,0,100 g,,Not Selected,,
69674a917e541c7888ac8333,https://drive.google.com/uc?id=1dKJYhlKdtaak26b7u7cv2mRCJqUizvnc,High-Protein Soybean Garlic Masala Potato Scramble,360,25,53,0,0,0,0,0,0,0,100 g,,Not Selected,,
696b52a2b680e54199251c07,https://drive.google.com/uc?id=1F7fh9NyfDAGMbYZhLUhw4bg1u1eRXRFZ,Ghee Roti with Warm Milk,520,11,60,0,0,0,0,0,0,0,100 g,,Not Selected,,
696b649b2102a3b9d1455b1f,https://drive.google.com/uc?id=1--EvwgkGGamSdQyqVa5G7vzNaCDdNNcd,Spicy Garlic Soybeans and Potato Breakfast Hash,330,18.5,49,,,,,,,0,,,Not Selected,NULL,NULL
696b6a6edde2c408147f1a4b,https://drive.google.com/uc?id=1_zTLCHwwOVsfYW5NZzFDWXy1kPpxRX5T,Kaju Milk Rice Bowl,470,13,73,,,,,,,0,,,Not Selected,NULL,NULL
696c6a9c2b9c300171738c1d,https://drive.google.com/uc?id=18h_O8mb5BB3lrrrLiD8abS0xQ2DfGmbp,Chicken Dal Rice Breakfast Bowl,770,59,93,,,,,,,0,,,Not Selected,NULL,NULL
696c6e3edff1e1e9ec6a02c7,https://drive.google.com/uc?id=10BBXs8N4N0KvsYzjQE2ui6_iaIKqQDV2,Dal Rice and Potato Muscle Gain Bowl,740,26,140,,,,,,,0,,,Not Selected,NULL,NULL
6970e715dcd9be29e4767afd,https://drive.google.com/uc?id=11VcWVTaRZMCQFicCPipJ0PskooqOvODa,Soybean Garlic Masala Potato Scramble,360,25,53,,,,,,,0,200 g 100g,,Not Selected,NULL,NULL
6970ec9fefd70915c548361f,https://drive.google.com/uc?id=1F01efp9XsFVFOUB9NNkGEMX76M4N1z5r,Banana Milk Smoothie,255,8.5,39,,,,,,,0,,,Not Selected,NULL,NULL
6970f11cc65096a8f1e031a8,https://drive.google.com/uc?id=1cySl4ja9ZfP43nMs85JuGnWJZLW4GkDZ,Peanut Butter Apple Toasts,490,15,61,,,,,,,0,,,Not Selected,NULL,NULL
69739b4c853a47cf9c227b3a,https://drive.google.com/uc?id=1iVI9hQktX1U2jq0a-beK5D0OvCxnASWl,High-Protein Chicken Rice Bowl with Tomato Onion Sauté,860,82,82,,,,,,,0,,,Not Selected,NULL,NULL
69739c6f853a47cf9c227b3d,https://drive.google.com/uc?id=1mIhoQeSfhBnOfBUt5TGmD1IZic6t0Tj4,Tomato Onion Egg Scramble,440,26,13,,,,,,,0,,,Not Selected,NULL,NULL
6973a9dfeacbd7fa54d73a71,https://drive.google.com/uc?id=1a_LZy3fqVLvtZ3SMDvHZFccLf0gUwcOO,Simple Fried Eggs on Toast,345,18,26,,,,,,,0,Eggs 2 large\nBread 2 slices\nOil 1 tsp\nSalt optional pinch\nBlack pepper optional pinch,,Not Selected,NULL,NULL
6973ab2eeacbd7fa54d73a75,https://drive.google.com/uc?id=110x9XA44peHr6NFLha7P3SciauidiNx2,Banana Paneer Egg Scramble Plate,668,39,40,,,,,,,0,2 large eggs\n100 g paneer\n1 medium banana\n200 ml milk\n1 tsp oil or ghee\nPinch of salt,,Not Selected,NULL,NULL
6973b48beacbd7fa54d73a94,https://drive.google.com/uc?id=1F9pu0pklm1LV1rdzSXvPMpu4zAUm6Kmo,Beetroot Egg Fried Rice Bowl,530,16,73,,,,,,,0,Cooked rice 200 g\nEggs 2 large\nBeetroot 120 g\nCooking oil 1 tsp,,Not Selected,NULL,NULL
6973b6be43315c6b0bb227cd,https://drive.google.com/uc?id=1VzB7plqGM2JEwh-PG7yKFbloUOcBjskz,Coconut Jeera Yogurt Toast Bowl,430,13.5,49,,,,,,,0,Bread 2 slices\nYoghurt 200 g\nFresh coconut meat grated 60 g\nJeera 1/2 tsp\nSalt 1 pinch,,Not Selected,NULL,NULL
6973b8b36cc525fa2ff6609a,https://drive.google.com/uc?id=1vuhfPwoRK3whnCQrF6Cf4ZdIL6isKg_B,Onion Tomato Egg Scramble,305,19.5,11,,,,,,,0,NULL,,Not Selected,NULL,NULL
6973b9966cc525fa2ff6609f,https://drive.google.com/uc?id=1yqjfbvU7bK70I_z0PEyDHauq5j_e46ti,"Chicken, Egg and Onion Rice Bowl",792,78.5,79,,,,,,,0,Chicken breast 200 g\nEggs 2 large\nCooked rice 250 g\nOnion 100 g\nOlive oil 10 g\nSalt 2 g\nBlack pepper 1 g,,Not Selected,NULL,NULL
6975d1cb128998776fe580d3,https://drive.google.com/uc?id=1HxHbScRtZDv6LGeG-UPsVBkha17aJN3T,Capsicum and Egg Toast Scramble,410,22,29,,,,,,,0,Eggs 3 large\nCapsicum 1 medium\nBread 2 slices\nOil 1 teaspoon\nSalt a pinch\nBlack pepper a pinch,,Not Selected,NULL,NULL
698ec711dcfbac93c1e7e6c7,https://drive.google.com/uc?id=1IBUc1Iv_SjsQrq0hM-ek2Ju9IM55XHl5,Banana Peanut Butter Egg Scramble,474,19,32,,,,,,,0,1 medium banana 120 g\n2 large eggs 100 g\n1 tbsp peanut butter 16 g\n1 tsp butter or oil for pan 5 g\nPinch of salt,,Not Selected,NULL,NULL
6992b961c291b57128cb98c8,https://drive.google.com/uc?id=1DtZpI_ynTwH0EEY7XVuBnJXuKNyWOfrQ,Banana Milkshake with Sweet Potato Hash,515,10.5,101,,,,,,,0,NULL,,Not Selected,NULL,NULL